i,j,x,y,T,phase
1,1, 0.00521, 0.00521, 9.937926E-01,0
2,1, 0.01562, 0.00521, 9.814083E-01,0
3,1, 0.02604, 0.00521, 9.691145E-01,0
4,1, 0.03646, 0.00521, 9.569695E-01,0
5,1, 0.04688, 0.00521, 9.450281E-01,0
6,1, 0.05729, 0.00521, 9.333415E-01,0
7,1, 0.06771, 0.00521, 9.219567E-01,0
8,1, 0.07812, 0.00521, 9.109181E-01,0
9,1, 0.08854, 0.00521, 9.002700E-01,0
10,1, 0.09896, 0.00521, 8.900617E-01,0
11,1, 0.10938, 0.00521, 8.803570E-01,0
12,1, 0.11979, 0.00521, 8.712466E-01,0
13,1, 0.13021, 0.00521, 8.628693E-01,0
14,1, 0.14062, 0.00521, 8.554544E-01,0
15,1, 0.15104, 0.00521, 8.496088E-01,0
16,1, 0.16146, 0.00521, 8.455457E-01,0
17,1, 0.17188, 0.00521, 8.357673E-01,0
18,1, 0.18229, 0.00521, 8.243280E-01,0
19,1, 0.19271, 0.00521, 8.133726E-01,0
20,1, 0.20312, 0.00521, 8.031338E-01,0
21,1, 0.21354, 0.00521, 7.934816E-01,0
22,1, 0.22396, 0.00521, 7.842420E-01,0
23,1, 0.23438, 0.00521, 7.752598E-01,0
24,1, 0.24479, 0.00521, 7.664034E-01,0
25,1, 0.25521, 0.00521, 7.575548E-01,0
26,1, 0.26562, 0.00521, 7.485955E-01,0
27,1, 0.27604, 0.00521, 7.393895E-01,0
28,1, 0.28646, 0.00521, 7.297653E-01,0
29,1, 0.29688, 0.00521, 7.194959E-01,0
30,1, 0.30729, 0.00521, 7.082876E-01,0
31,1, 0.31771, 0.00521, 6.958297E-01,0
32,1, 0.32812, 0.00521, 6.822499E-01,0
33,1, 0.33854, 0.00521, 6.710922E-01,0
34,1, 0.34896, 0.00521, 6.694685E-01,0
35,1, 0.35938, 0.00521, 6.666594E-01,0
36,1, 0.36979, 0.00521, 6.621151E-01,0
37,1, 0.38021, 0.00521, 6.561891E-01,0
38,1, 0.39062, 0.00521, 6.492265E-01,0
39,1, 0.40104, 0.00521, 6.414657E-01,0
40,1, 0.41146, 0.00521, 6.330605E-01,0
41,1, 0.42188, 0.00521, 6.241098E-01,0
42,1, 0.43229, 0.00521, 6.146799E-01,0
43,1, 0.44271, 0.00521, 6.048189E-01,0
44,1, 0.45312, 0.00521, 5.945653E-01,0
45,1, 0.46354, 0.00521, 5.839534E-01,0
46,1, 0.47396, 0.00521, 5.730163E-01,0
47,1, 0.48438, 0.00521, 5.617873E-01,0
48,1, 0.49479, 0.00521, 5.503004E-01,0
49,1, 0.50521, 0.00521, 5.385900E-01,0
50,1, 0.51562, 0.00521, 5.266899E-01,0
51,1, 0.52604, 0.00521, 5.146329E-01,0
52,1, 0.53646, 0.00521, 5.024489E-01,0
53,1, 0.54688, 0.00521, 4.901642E-01,0
54,1, 0.55729, 0.00521, 4.778002E-01,0
55,1, 0.56771, 0.00521, 4.653729E-01,0
56,1, 0.57812, 0.00521, 4.528926E-01,0
57,1, 0.58854, 0.00521, 4.403647E-01,0
58,1, 0.59896, 0.00521, 4.277927E-01,0
59,1, 0.60938, 0.00521, 4.151845E-01,0
60,1, 0.61979, 0.00521, 4.025572E-01,0
61,1, 0.63021, 0.00521, 3.899020E-01,0
62,1, 0.64062, 0.00521, 3.767781E-01,0
63,1, 0.65104, 0.00521, 3.674311E-01,1
64,1, 0.66146, 0.00521, 3.592287E-01,0
65,1, 0.67188, 0.00521, 3.456917E-01,0
66,1, 0.68229, 0.00521, 3.329237E-01,0
67,1, 0.69271, 0.00521, 3.203875E-01,0
68,1, 0.70312, 0.00521, 3.079325E-01,0
69,1, 0.71354, 0.00521, 2.955153E-01,0
70,1, 0.72396, 0.00521, 2.831255E-01,0
71,1, 0.73438, 0.00521, 2.707638E-01,0
72,1, 0.74479, 0.00521, 2.584345E-01,0
73,1, 0.75521, 0.00521, 2.461431E-01,0
74,1, 0.76562, 0.00521, 2.338948E-01,0
75,1, 0.77604, 0.00521, 2.216935E-01,0
76,1, 0.78646, 0.00521, 2.095413E-01,0
77,1, 0.79688, 0.00521, 1.974358E-01,0
78,1, 0.80729, 0.00521, 1.853646E-01,0
79,1, 0.81771, 0.00521, 1.732893E-01,0
80,1, 0.82812, 0.00521, 1.610836E-01,0
81,1, 0.83854, 0.00521, 1.482713E-01,0
82,1, 0.84896, 0.00521, 1.404861E-01,1
83,1, 0.85938, 0.00521, 1.333204E-01,0
84,1, 0.86979, 0.00521, 1.224208E-01,0
85,1, 0.88021, 0.00521, 1.120998E-01,0
86,1, 0.89062, 0.00521, 1.019565E-01,0
87,1, 0.90104, 0.00521, 9.193429E-02,0
88,1, 0.91146, 0.00521, 8.201882E-02,0
89,1, 0.92188, 0.00521, 7.219556E-02,0
90,1, 0.93229, 0.00521, 6.244779E-02,0
91,1, 0.94271, 0.00521, 5.275915E-02,0
92,1, 0.95312, 0.00521, 4.311528E-02,0
93,1, 0.96354, 0.00521, 3.350427E-02,0
94,1, 0.97396, 0.00521, 2.391650E-02,0
95,1, 0.98438, 0.00521, 1.434409E-02,0
96,1, 0.99479, 0.00521, 4.780418E-03,0
1,2, 0.00521, 0.01562, 9.937667E-01,0
2,2, 0.01562, 0.01562, 9.813315E-01,0
3,2, 0.02604, 0.01562, 9.689896E-01,0
4,2, 0.03646, 0.01562, 9.568004E-01,0
5,2, 0.04688, 0.01562, 9.448194E-01,0
6,2, 0.05729, 0.01562, 9.330976E-01,0
7,2, 0.06771, 0.01562, 9.216812E-01,0
8,2, 0.07812, 0.01562, 9.106129E-01,0
9,2, 0.08854, 0.01562, 8.999347E-01,0
10,2, 0.09896, 0.01562, 8.896944E-01,0
11,2, 0.10938, 0.01562, 8.799561E-01,0
12,2, 0.11979, 0.01562, 8.708198E-01,0
13,2, 0.13021, 0.01562, 8.624617E-01,0
14,2, 0.14062, 0.01562, 8.552303E-01,0
15,2, 0.15104, 0.01562, 8.498931E-01,0
16,2, 0.16146, 0.01562, 8.487527E-01,1
17,2, 0.17188, 0.01562, 8.381163E-01,0
18,2, 0.18229, 0.01562, 8.242683E-01,0
19,2, 0.19271, 0.01562, 8.128987E-01,0
20,2, 0.20312, 0.01562, 8.026853E-01,0
21,2, 0.21354, 0.01562, 7.931502E-01,0
22,2, 0.22396, 0.01562, 7.840372E-01,0
23,2, 0.23438, 0.01562, 7.751740E-01,0
24,2, 0.24479, 0.01562, 7.664305E-01,0
25,2, 0.25521, 0.01562, 7.576968E-01,0
26,2, 0.26562, 0.01562, 7.488648E-01,0
27,2, 0.27604, 0.01562, 7.398098E-01,0
28,2, 0.28646, 0.01562, 7.303695E-01,0
29,2, 0.29688, 0.01562, 7.203170E-01,0
30,2, 0.30729, 0.01562, 7.093170E-01,0
31,2, 0.31771, 0.01562, 6.967834E-01,0
32,2, 0.32812, 0.01562, 6.811216E-01,0
33,2, 0.33854, 0.01562, 6.681599E-01,1
34,2, 0.34896, 0.01562, 6.695858E-01,0
35,2, 0.35938, 0.01562, 6.675488E-01,0
36,2, 0.36979, 0.01562, 6.630208E-01,0
37,2, 0.38021, 0.01562, 6.569896E-01,0
38,2, 0.39062, 0.01562, 6.499304E-01,0
39,2, 0.40104, 0.01562, 6.421000E-01,0
40,2, 0.41146, 0.01562, 6.336477E-01,0
41,2, 0.42188, 0.01562, 6.246651E-01,0
42,2, 0.43229, 0.01562, 6.152122E-01,0
43,2, 0.44271, 0.01562, 6.053326E-01,0
44,2, 0.45312, 0.01562, 5.950612E-01,0
45,2, 0.46354, 0.01562, 5.844304E-01,0
46,2, 0.47396, 0.01562, 5.734720E-01,0
47,2, 0.48438, 0.01562, 5.622188E-01,0
48,2, 0.49479, 0.01562, 5.507049E-01,0
49,2, 0.50521, 0.01562, 5.389655E-01,0
50,2, 0.51562, 0.01562, 5.270358E-01,0
51,2, 0.52604, 0.01562, 5.149496E-01,0
52,2, 0.53646, 0.01562, 5.027382E-01,0
53,2, 0.54688, 0.01562, 4.904288E-01,0
54,2, 0.55729, 0.01562, 4.780436E-01,0
55,2, 0.56771, 0.01562, 4.655988E-01,0
56,2, 0.57812, 0.01562, 4.531048E-01,0
57,2, 0.58854, 0.01562, 4.405659E-01,0
58,2, 0.59896, 0.01562, 4.279824E-01,0
59,2, 0.60938, 0.01562, 4.153569E-01,0
60,2, 0.61979, 0.01562, 4.027140E-01,0
61,2, 0.63021, 0.01562, 3.902156E-01,0
62,2, 0.64062, 0.01562, 3.794551E-01,0
63,2, 0.65104, 0.01562, 3.687628E-01,0
64,2, 0.66146, 0.01562, 3.577622E-01,0
65,2, 0.67188, 0.01562, 3.453757E-01,0
66,2, 0.68229, 0.01562, 3.328676E-01,0
67,2, 0.69271, 0.01562, 3.203888E-01,0
68,2, 0.70312, 0.01562, 3.079411E-01,0
69,2, 0.71354, 0.01562, 2.955180E-01,0
70,2, 0.72396, 0.01562, 2.831190E-01,0
71,2, 0.73438, 0.01562, 2.707474E-01,0
72,2, 0.74479, 0.01562, 2.584087E-01,0
73,2, 0.75521, 0.01562, 2.461086E-01,0
74,2, 0.76562, 0.01562, 2.338528E-01,0
75,2, 0.77604, 0.01562, 2.216459E-01,0
76,2, 0.78646, 0.01562, 2.094913E-01,0
77,2, 0.79688, 0.01562, 1.973894E-01,0
78,2, 0.80729, 0.01562, 1.853361E-01,0
79,2, 0.81771, 0.01562, 1.733202E-01,0
80,2, 0.82812, 0.01562, 1.613376E-01,0
81,2, 0.83854, 0.01562, 1.495720E-01,0
82,2, 0.84896, 0.01562, 1.399161E-01,0
83,2, 0.85938, 0.01562, 1.313626E-01,0
84,2, 0.86979, 0.01562, 1.220995E-01,0
85,2, 0.88021, 0.01562, 1.119283E-01,0
86,2, 0.89062, 0.01562, 1.017885E-01,0
87,2, 0.90104, 0.01562, 9.177007E-02,0
88,2, 0.91146, 0.01562, 8.186744E-02,0
89,2, 0.92188, 0.01562, 7.206196E-02,0
90,2, 0.93229, 0.01562, 6.233361E-02,0
91,2, 0.94271, 0.01562, 5.266443E-02,0
92,2, 0.95312, 0.01562, 4.303940E-02,0
93,2, 0.96354, 0.01562, 3.344642E-02,0
94,2, 0.97396, 0.01562, 2.387587E-02,0
95,2, 0.98438, 0.01562, 1.432001E-02,0
96,2, 0.99479, 0.01562, 4.772445E-03,0
1,3, 0.00521, 0.02604, 9.937137E-01,0
2,3, 0.01562, 0.02604, 9.811746E-01,0
3,3, 0.02604, 0.02604, 9.687348E-01,0
4,3, 0.03646, 0.02604, 9.564564E-01,0
5,3, 0.04688, 0.02604, 9.443964E-01,0
6,3, 0.05729, 0.02604, 9.326053E-01,0
7,3, 0.06771, 0.02604, 9.211273E-01,0
8,3, 0.07812, 0.02604, 9.100012E-01,0
9,3, 0.08854, 0.02604, 8.992639E-01,0
10,3, 0.09896, 0.02604, 8.889573E-01,0
11,3, 0.10938, 0.02604, 8.791402E-01,0
12,3, 0.11979, 0.02604, 8.699127E-01,0
13,3, 0.13021, 0.02604, 8.614695E-01,0
14,3, 0.14062, 0.02604, 8.542240E-01,0
15,3, 0.15104, 0.02604, 8.491114E-01,0
16,3, 0.16146, 0.02604, 8.487265E-01,1
17,3, 0.17188, 0.02604, 8.363751E-01,0
18,3, 0.18229, 0.02604, 8.226726E-01,0
19,3, 0.19271, 0.02604, 8.116163E-01,0
20,3, 0.20312, 0.02604, 8.017190E-01,0
21,3, 0.21354, 0.02604, 7.924827E-01,0
22,3, 0.22396, 0.02604, 7.836365E-01,0
23,3, 0.23438, 0.02604, 7.750090E-01,0
24,3, 0.24479, 0.02604, 7.664838E-01,0
25,3, 0.25521, 0.02604, 7.579704E-01,0
26,3, 0.26562, 0.02604, 7.493837E-01,0
27,3, 0.27604, 0.02604, 7.406241E-01,0
28,3, 0.28646, 0.02604, 7.315560E-01,0
29,3, 0.29688, 0.02604, 7.219850E-01,0
30,3, 0.30729, 0.02604, 7.116660E-01,0
31,3, 0.31771, 0.02604, 7.005211E-01,0
32,3, 0.32812, 0.02604, 6.899483E-01,0
33,3, 0.33854, 0.02604, 6.754013E-01,0
34,3, 0.34896, 0.02604, 6.736551E-01,0
35,3, 0.35938, 0.02604, 6.701717E-01,0
36,3, 0.36979, 0.02604, 6.650025E-01,0
37,3, 0.38021, 0.02604, 6.586112E-01,0
38,3, 0.39062, 0.02604, 6.513300E-01,0
39,3, 0.40104, 0.02604, 6.433593E-01,0
40,3, 0.41146, 0.02604, 6.348175E-01,0
41,3, 0.42188, 0.02604, 6.257762E-01,0
42,3, 0.43229, 0.02604, 6.162819E-01,0
43,3, 0.44271, 0.02604, 6.063682E-01,0
44,3, 0.45312, 0.02604, 5.960639E-01,0
45,3, 0.46354, 0.02604, 5.853967E-01,0
46,3, 0.47396, 0.02604, 5.743960E-01,0
47,3, 0.48438, 0.02604, 5.630938E-01,0
48,3, 0.49479, 0.02604, 5.515247E-01,0
49,3, 0.50521, 0.02604, 5.397257E-01,0
50,3, 0.51562, 0.02604, 5.277344E-01,0
51,3, 0.52604, 0.02604, 5.155877E-01,0
52,3, 0.53646, 0.02604, 5.033193E-01,0
53,3, 0.54688, 0.02604, 4.909588E-01,0
54,3, 0.55729, 0.02604, 4.785298E-01,0
55,3, 0.56771, 0.02604, 4.660496E-01,0
56,3, 0.57812, 0.02604, 4.535286E-01,0
57,3, 0.58854, 0.02604, 4.409700E-01,0
58,3, 0.59896, 0.02604, 4.283682E-01,0
59,3, 0.60938, 0.02604, 4.157081E-01,0
60,3, 0.61979, 0.02604, 4.029400E-01,0
61,3, 0.63021, 0.02604, 3.896114E-01,0
62,3, 0.64062, 0.02604, 3.799044E-01,1
63,3, 0.65104, 0.02604, 3.711664E-01,0
64,3, 0.66146, 0.02604, 3.580042E-01,0
65,3, 0.67188, 0.02604, 3.454136E-01,0
66,3, 0.68229, 0.02604, 3.329084E-01,0
67,3, 0.69271, 0.02604, 3.204287E-01,0
68,3, 0.70312, 0.02604, 3.079674E-01,0
69,3, 0.71354, 0.02604, 2.955252E-01,0
70,3, 0.72396, 0.02604, 2.831056E-01,0
71,3, 0.73438, 0.02604, 2.707138E-01,0
72,3, 0.74479, 0.02604, 2.583560E-01,0
73,3, 0.75521, 0.02604, 2.460384E-01,0
74,3, 0.76562, 0.02604, 2.337672E-01,0
75,3, 0.77604, 0.02604, 2.215481E-01,0
76,3, 0.78646, 0.02604, 2.093862E-01,0
77,3, 0.79688, 0.02604, 1.972859E-01,0
78,3, 0.80729, 0.02604, 1.852509E-01,0
79,3, 0.81771, 0.02604, 1.732870E-01,0
80,3, 0.82812, 0.02604, 1.614117E-01,0
81,3, 0.83854, 0.02604, 1.496727E-01,0
82,3, 0.84896, 0.02604, 1.379542E-01,0
83,3, 0.85938, 0.02604, 1.302758E-01,1
84,3, 0.86979, 0.02604, 1.226579E-01,0
85,3, 0.88021, 0.02604, 1.117080E-01,0
86,3, 0.89062, 0.02604, 1.014568E-01,0
87,3, 0.90104, 0.02604, 9.143773E-02,0
88,3, 0.91146, 0.02604, 8.156344E-02,0
89,3, 0.92188, 0.02604, 7.179555E-02,0
90,3, 0.93229, 0.02604, 6.210694E-02,0
91,3, 0.94271, 0.02604, 5.247686E-02,0
92,3, 0.95312, 0.02604, 4.288939E-02,0
93,3, 0.96354, 0.02604, 3.333222E-02,0
94,3, 0.97396, 0.02604, 2.379578E-02,0
95,3, 0.98438, 0.02604, 1.427260E-02,0
96,3, 0.99479, 0.02604, 4.756756E-03,0
1,4, 0.00521, 0.03646, 9.936310E-01,0
2,4, 0.01562, 0.03646, 9.809303E-01,0
3,4, 0.02604, 0.03646, 9.683394E-01,0
4,4, 0.03646, 0.03646, 9.559254E-01,0
5,4, 0.04688, 0.03646, 9.437475E-01,0
6,4, 0.05729, 0.03646, 9.318555E-01,0
7,4, 0.06771, 0.03646, 9.202896E-01,0
8,4, 0.07812, 0.03646, 9.090823E-01,0
9,4, 0.08854, 0.03646, 8.982613E-01,0
10,4, 0.09896, 0.03646, 8.878560E-01,0
11,4, 0.10938, 0.03646, 8.779080E-01,0
12,4, 0.11979, 0.03646, 8.684909E-01,0
13,4, 0.13021, 0.03646, 8.597483E-01,0
14,4, 0.14062, 0.03646, 8.519674E-01,0
15,4, 0.15104, 0.03646, 8.456966E-01,0
16,4, 0.16146, 0.03646, 8.418234E-01,0
17,4, 0.17188, 0.03646, 8.282301E-01,0
18,4, 0.18229, 0.03646, 8.194116E-01,0
19,4, 0.19271, 0.03646, 8.095140E-01,0
20,4, 0.20312, 0.03646, 8.002517E-01,0
21,4, 0.21354, 0.03646, 7.915118E-01,0
22,4, 0.22396, 0.03646, 7.830702E-01,0
23,4, 0.23438, 0.03646, 7.747824E-01,0
24,4, 0.24479, 0.03646, 7.665626E-01,0
25,4, 0.25521, 0.03646, 7.583545E-01,0
26,4, 0.26562, 0.03646, 7.501092E-01,0
27,4, 0.27604, 0.03646, 7.417681E-01,0
28,4, 0.28646, 0.03646, 7.332394E-01,0
29,4, 0.29688, 0.03646, 7.243587E-01,0
30,4, 0.30729, 0.03646, 7.148369E-01,0
31,4, 0.31771, 0.03646, 7.043206E-01,0
32,4, 0.32812, 0.03646, 6.988730E-01,1
33,4, 0.33854, 0.03646, 6.879852E-01,0
34,4, 0.34896, 0.03646, 6.800898E-01,0
35,4, 0.35938, 0.03646, 6.742086E-01,0
36,4, 0.36979, 0.03646, 6.679491E-01,0
37,4, 0.38021, 0.03646, 6.609882E-01,0
38,4, 0.39062, 0.03646, 6.533824E-01,0
39,4, 0.40104, 0.03646, 6.452190E-01,0
40,4, 0.41146, 0.03646, 6.365602E-01,0
41,4, 0.42188, 0.03646, 6.274453E-01,0
42,4, 0.43229, 0.03646, 6.179001E-01,0
43,4, 0.44271, 0.03646, 6.079442E-01,0
44,4, 0.45312, 0.03646, 5.975966E-01,0
45,4, 0.46354, 0.03646, 5.868784E-01,0
46,4, 0.47396, 0.03646, 5.758153E-01,0
47,4, 0.48438, 0.03646, 5.644382E-01,0
48,4, 0.49479, 0.03646, 5.527828E-01,0
49,4, 0.50521, 0.03646, 5.408893E-01,0
50,4, 0.51562, 0.03646, 5.287997E-01,0
51,4, 0.52604, 0.03646, 5.165561E-01,0
52,4, 0.53646, 0.03646, 5.041971E-01,0
53,4, 0.54688, 0.03646, 4.917555E-01,0
54,4, 0.55729, 0.03646, 4.792574E-01,0
55,4, 0.56771, 0.03646, 4.667218E-01,0
56,4, 0.57812, 0.03646, 4.541604E-01,0
57,4, 0.58854, 0.03646, 4.415767E-01,0
58,4, 0.59896, 0.03646, 4.289633E-01,0
59,4, 0.60938, 0.03646, 4.163092E-01,0
60,4, 0.61979, 0.03646, 4.037219E-01,0
61,4, 0.63021, 0.03646, 3.928722E-01,0
62,4, 0.64062, 0.03646, 3.819061E-01,0
63,4, 0.65104, 0.03646, 3.706177E-01,0
64,4, 0.66146, 0.03646, 3.581255E-01,0
65,4, 0.67188, 0.03646, 3.455632E-01,0
66,4, 0.68229, 0.03646, 3.330252E-01,0
67,4, 0.69271, 0.03646, 3.205091E-01,0
68,4, 0.70312, 0.03646, 3.080120E-01,0
69,4, 0.71354, 0.03646, 2.955355E-01,0
70,4, 0.72396, 0.03646, 2.830833E-01,0
71,4, 0.73438, 0.03646, 2.706609E-01,0
72,4, 0.74479, 0.03646, 2.582745E-01,0
73,4, 0.75521, 0.03646, 2.459306E-01,0
74,4, 0.76562, 0.03646, 2.336358E-01,0
75,4, 0.77604, 0.03646, 2.213967E-01,0
76,4, 0.78646, 0.03646, 2.092201E-01,0
77,4, 0.79688, 0.03646, 1.971128E-01,0
78,4, 0.80729, 0.03646, 1.850833E-01,0
79,4, 0.81771, 0.03646, 1.731443E-01,0
80,4, 0.82812, 0.03646, 1.613187E-01,0
81,4, 0.83854, 0.03646, 1.496602E-01,0
82,4, 0.84896, 0.03646, 1.383646E-01,0
83,4, 0.85938, 0.03646, 1.289222E-01,0
84,4, 0.86979, 0.03646, 1.202172E-01,0
85,4, 0.88021, 0.03646, 1.109732E-01,0
86,4, 0.89062, 0.03646, 1.008945E-01,0
87,4, 0.90104, 0.03646, 9.092501E-02,0
88,4, 0.91146, 0.03646, 8.110631E-02,0
89,4, 0.92188, 0.03646, 7.139956E-02,0
90,4, 0.93229, 0.03646, 6.177197E-02,0
91,4, 0.94271, 0.03646, 5.220058E-02,0
92,4, 0.95312, 0.03646, 4.266897E-02,0
93,4, 0.96354, 0.03646, 3.316483E-02,0
94,4, 0.97396, 0.03646, 2.367870E-02,0
95,4, 0.98438, 0.03646, 1.420346E-02,0
96,4, 0.99479, 0.03646, 4.733905E-03,0
1,5, 0.00521, 0.04688, 9.935142E-01,0
2,5, 0.01562, 0.04688, 9.805861E-01,0
3,5, 0.02604, 0.04688, 9.677853E-01,0
4,5, 0.03646, 0.04688, 9.551869E-01,0
5,5, 0.04688, 0.04688, 9.428536E-01,0
6,5, 0.05729, 0.04688, 9.308333E-01,0
7,5, 0.06771, 0.04688, 9.191603E-01,0
8,5, 0.07812, 0.04688, 9.078571E-01,0
9,5, 0.08854, 0.04688, 8.969379E-01,0
10,5, 0.09896, 0.04688, 8.864140E-01,0
11,5, 0.10938, 0.04688, 8.763003E-01,0
12,5, 0.11979, 0.04688, 8.666234E-01,0
13,5, 0.13021, 0.04688, 8.574279E-01,0
14,5, 0.14062, 0.04688, 8.487558E-01,0
15,5, 0.15104, 0.04688, 8.404710E-01,0
16,5, 0.16146, 0.04688, 8.313182E-01,0
17,5, 0.17188, 0.04688, 8.228331E-01,1
18,5, 0.18229, 0.04688, 8.164853E-01,0
19,5, 0.19271, 0.04688, 8.068595E-01,0
20,5, 0.20312, 0.04688, 7.983859E-01,0
21,5, 0.21354, 0.04688, 7.903222E-01,0
22,5, 0.22396, 0.04688, 7.824009E-01,0
23,5, 0.23438, 0.04688, 7.745270E-01,0
24,5, 0.24479, 0.04688, 7.666686E-01,0
25,5, 0.25521, 0.04688, 7.588172E-01,0
26,5, 0.26562, 0.04688, 7.509728E-01,0
27,5, 0.27604, 0.04688, 7.431344E-01,0
28,5, 0.28646, 0.04688, 7.352850E-01,0
29,5, 0.29688, 0.04688, 7.273389E-01,0
30,5, 0.30729, 0.04688, 7.189423E-01,0
31,5, 0.31771, 0.04688, 7.086918E-01,0
32,5, 0.32812, 0.04688, 6.998913E-01,1
33,5, 0.33854, 0.04688, 6.944848E-01,0
34,5, 0.34896, 0.04688, 6.860683E-01,0
35,5, 0.35938, 0.04688, 6.787625E-01,0
36,5, 0.36979, 0.04688, 6.715160E-01,0
37,5, 0.38021, 0.04688, 6.639612E-01,0
38,5, 0.39062, 0.04688, 6.560066E-01,0
39,5, 0.40104, 0.04688, 6.476396E-01,0
40,5, 0.41146, 0.04688, 6.388629E-01,0
41,5, 0.42188, 0.04688, 6.296786E-01,0
42,5, 0.43229, 0.04688, 6.200875E-01,0
43,5, 0.44271, 0.04688, 6.100919E-01,0
44,5, 0.45312, 0.04688, 5.996981E-01,0
45,5, 0.46354, 0.04688, 5.889188E-01,0
46,5, 0.47396, 0.04688, 5.777746E-01,0
47,5, 0.48438, 0.04688, 5.662947E-01,0
48,5, 0.49479, 0.04688, 5.545168E-01,0
49,5, 0.50521, 0.04688, 5.424864E-01,0
50,5, 0.51562, 0.04688, 5.302535E-01,0
51,5, 0.52604, 0.04688, 5.178686E-01,0
52,5, 0.53646, 0.04688, 5.053780E-01,0
53,5, 0.54688, 0.04688, 4.928197E-01,0
54,5, 0.55729, 0.04688, 4.802226E-01,0
55,5, 0.56771, 0.04688, 4.676080E-01,0
56,5, 0.57812, 0.04688, 4.549902E-01,0
57,5, 0.58854, 0.04688, 4.423754E-01,0
58,5, 0.59896, 0.04688, 4.297549E-01,0
59,5, 0.60938, 0.04688, 4.170541E-01,0
60,5, 0.61979, 0.04688, 4.036208E-01,0
61,5, 0.63021, 0.04688, 3.940513E-01,1
62,5, 0.64062, 0.04688, 3.848692E-01,0
63,5, 0.65104, 0.04688, 3.713148E-01,0
64,5, 0.66146, 0.04688, 3.584784E-01,0
65,5, 0.67188, 0.04688, 3.458040E-01,0
66,5, 0.68229, 0.04688, 3.331922E-01,0
67,5, 0.69271, 0.04688, 3.206159E-01,0
68,5, 0.70312, 0.04688, 3.080666E-01,0
69,5, 0.71354, 0.04688, 2.955430E-01,0
70,5, 0.72396, 0.04688, 2.830476E-01,0
71,5, 0.73438, 0.04688, 2.705851E-01,0
72,5, 0.74479, 0.04688, 2.581613E-01,0
73,5, 0.75521, 0.04688, 2.457826E-01,0
74,5, 0.76562, 0.04688, 2.334561E-01,0
75,5, 0.77604, 0.04688, 2.211890E-01,0
76,5, 0.78646, 0.04688, 2.089888E-01,0
77,5, 0.79688, 0.04688, 1.968638E-01,0
78,5, 0.80729, 0.04688, 1.848240E-01,0
79,5, 0.81771, 0.04688, 1.728829E-01,0
80,5, 0.82812, 0.04688, 1.610602E-01,0
81,5, 0.83854, 0.04688, 1.493848E-01,0
82,5, 0.84896, 0.04688, 1.378829E-01,0
83,5, 0.85938, 0.04688, 1.263512E-01,0
84,5, 0.86979, 0.04688, 1.188371E-01,1
85,5, 0.88021, 0.04688, 1.111027E-01,0
86,5, 0.89062, 0.04688, 1.002518E-01,0
87,5, 0.90104, 0.04688, 9.024969E-02,0
88,5, 0.91146, 0.04688, 8.050421E-02,0
89,5, 0.92188, 0.04688, 7.088242E-02,0
90,5, 0.93229, 0.04688, 6.133669E-02,0
91,5, 0.94271, 0.04688, 5.184251E-02,0
92,5, 0.95312, 0.04688, 4.238407E-02,0
93,5, 0.96354, 0.04688, 3.294934E-02,0
94,5, 0.97396, 0.04688, 2.352871E-02,0
95,5, 0.98438, 0.04688, 1.411527E-02,0
96,5, 0.99479, 0.04688, 4.704834E-03,0
1,6, 0.00521, 0.05729, 9.933561E-01,0
2,6, 0.01562, 0.05729, 9.801220E-01,0
3,6, 0.02604, 0.05729, 9.670438E-01,0
4,6, 0.03646, 0.05729, 9.542095E-01,0
5,6, 0.04688, 0.05729, 9.416858E-01,0
6,6, 0.05729, 0.05729, 9.295175E-01,0
7,6, 0.06771, 0.05729, 9.177289E-01,0
8,6, 0.07812, 0.05729, 9.063282E-01,0
9,6, 0.08854, 0.05729, 8.953123E-01,0
10,6, 0.09896, 0.05729, 8.846716E-01,0
11,6, 0.10938, 0.05729, 8.743941E-01,0
12,6, 0.11979, 0.05729, 8.644667E-01,0
13,6, 0.13021, 0.05729, 8.548698E-01,0
14,6, 0.14062, 0.05729, 8.455532E-01,0
15,6, 0.15104, 0.05729, 8.363683E-01,0
16,6, 0.16146, 0.05729, 8.269612E-01,0
17,6, 0.17188, 0.05729, 8.221048E-01,1
18,6, 0.18229, 0.05729, 8.105206E-01,0
19,6, 0.19271, 0.05729, 8.032461E-01,0
20,6, 0.20312, 0.05729, 7.962419E-01,0
21,6, 0.21354, 0.05729, 7.890635E-01,0
22,6, 0.22396, 0.05729, 7.817283E-01,0
23,6, 0.23438, 0.05729, 7.742920E-01,0
24,6, 0.24479, 0.05729, 7.668062E-01,0
25,6, 0.25521, 0.05729, 7.593190E-01,0
26,6, 0.26562, 0.05729, 7.518824E-01,0
27,6, 0.27604, 0.05729, 7.445615E-01,0
28,6, 0.28646, 0.05729, 7.374503E-01,0
29,6, 0.29688, 0.05729, 7.306966E-01,0
30,6, 0.30729, 0.05729, 7.245405E-01,0
31,6, 0.31771, 0.05729, 7.193731E-01,0
32,6, 0.32812, 0.05729, 7.064767E-01,0
33,6, 0.33854, 0.05729, 6.997150E-01,0
34,6, 0.34896, 0.05729, 6.913971E-01,0
35,6, 0.35938, 0.05729, 6.833178E-01,0
36,6, 0.36979, 0.05729, 6.753771E-01,0
37,6, 0.38021, 0.05729, 6.673521E-01,0
38,6, 0.39062, 0.05729, 6.591100E-01,0
39,6, 0.40104, 0.05729, 6.505796E-01,0
40,6, 0.41146, 0.05729, 6.417173E-01,0
41,6, 0.42188, 0.05729, 6.324916E-01,0
42,6, 0.43229, 0.05729, 6.228783E-01,0
43,6, 0.44271, 0.05729, 6.128602E-01,0
44,6, 0.45312, 0.05729, 6.024286E-01,0
45,6, 0.46354, 0.05729, 5.915848E-01,0
46,6, 0.47396, 0.05729, 5.803423E-01,0
47,6, 0.48438, 0.05729, 5.687280E-01,0
48,6, 0.49479, 0.05729, 5.567830E-01,0
49,6, 0.50521, 0.05729, 5.445615E-01,0
50,6, 0.51562, 0.05729, 5.321262E-01,0
51,6, 0.52604, 0.05729, 5.195426E-01,0
52,6, 0.53646, 0.05729, 5.068693E-01,0
53,6, 0.54688, 0.05729, 4.941510E-01,0
54,6, 0.55729, 0.05729, 4.814185E-01,0
55,6, 0.56771, 0.05729, 4.686949E-01,0
56,6, 0.57812, 0.05729, 4.559992E-01,0
57,6, 0.58854, 0.05729, 4.433470E-01,0
58,6, 0.59896, 0.05729, 4.307845E-01,0
59,6, 0.60938, 0.05729, 4.185839E-01,0
60,6, 0.61979, 0.05729, 4.071145E-01,0
61,6, 0.63021, 0.05729, 3.957680E-01,0
62,6, 0.64062, 0.05729, 3.843093E-01,0
63,6, 0.65104, 0.05729, 3.715863E-01,0
64,6, 0.66146, 0.05729, 3.587935E-01,0
65,6, 0.67188, 0.05729, 3.460560E-01,0
66,6, 0.68229, 0.05729, 3.333713E-01,0
67,6, 0.69271, 0.05729, 3.207275E-01,0
68,6, 0.70312, 0.05729, 3.081173E-01,0
69,6, 0.71354, 0.05729, 2.955383E-01,0
70,6, 0.72396, 0.05729, 2.829917E-01,0
71,6, 0.73438, 0.05729, 2.704813E-01,0
72,6, 0.74479, 0.05729, 2.580125E-01,0
73,6, 0.75521, 0.05729, 2.455917E-01,0
74,6, 0.76562, 0.05729, 2.332262E-01,0
75,6, 0.77604, 0.05729, 2.209237E-01,0
76,6, 0.78646, 0.05729, 2.086922E-01,0
77,6, 0.79688, 0.05729, 1.965403E-01,0
78,6, 0.80729, 0.05729, 1.844779E-01,0
79,6, 0.81771, 0.05729, 1.725174E-01,0
80,6, 0.82812, 0.05729, 1.606755E-01,0
81,6, 0.83854, 0.05729, 1.489753E-01,0
82,6, 0.84896, 0.05729, 1.374538E-01,0
83,6, 0.85938, 0.05729, 1.262576E-01,0
84,6, 0.86979, 0.05729, 1.167870E-01,0
85,6, 0.88021, 0.05729, 1.081271E-01,0
86,6, 0.89062, 0.05729, 9.904935E-02,0
87,6, 0.90104, 0.05729, 8.936417E-02,0
88,6, 0.91146, 0.05729, 7.976595E-02,0
89,6, 0.92188, 0.05729, 7.025846E-02,0
90,6, 0.93229, 0.05729, 6.081328E-02,0
91,6, 0.94271, 0.05729, 5.141226E-02,0
92,6, 0.95312, 0.05729, 4.204278E-02,0
93,6, 0.96354, 0.05729, 3.269302E-02,0
94,6, 0.97396, 0.05729, 2.335201E-02,0
95,6, 0.98438, 0.05729, 1.401229E-02,0
96,6, 0.99479, 0.05729, 4.671059E-03,0
1,7, 0.00521, 0.06771, 9.931451E-01,0
2,7, 0.01562, 0.06771, 9.795061E-01,0
3,7, 0.02604, 0.06771, 9.660704E-01,0
4,7, 0.03646, 0.06771, 9.529453E-01,0
5,7, 0.04688, 0.06771, 9.402028E-01,0
6,7, 0.05729, 0.06771, 9.278795E-01,0
7,7, 0.06771, 0.06771, 9.159830E-01,0
8,7, 0.07812, 0.06771, 9.045008E-01,0
9,7, 0.08854, 0.06771, 8.934078E-01,0
10,7, 0.09896, 0.06771, 8.826730E-01,0
11,7, 0.10938, 0.06771, 8.722628E-01,0
12,7, 0.11979, 0.06771, 8.621407E-01,0
13,7, 0.13021, 0.06771, 8.522604E-01,0
14,7, 0.14062, 0.06771, 8.425512E-01,0
15,7, 0.15104, 0.06771, 8.329038E-01,0
16,7, 0.16146, 0.06771, 8.232296E-01,0
17,7, 0.17188, 0.06771, 8.140053E-01,0
18,7, 0.18229, 0.06771, 7.997324E-01,1
19,7, 0.19271, 0.06771, 7.994019E-01,0
20,7, 0.20312, 0.06771, 7.943229E-01,0
21,7, 0.21354, 0.06771, 7.879980E-01,0
22,7, 0.22396, 0.06771, 7.811829E-01,0
23,7, 0.23438, 0.06771, 7.741340E-01,0
24,7, 0.24479, 0.06771, 7.669815E-01,0
25,7, 0.25521, 0.06771, 7.598196E-01,0
26,7, 0.26562, 0.06771, 7.527391E-01,0
27,7, 0.27604, 0.06771, 7.458522E-01,0
28,7, 0.28646, 0.06771, 7.393306E-01,0
29,7, 0.29688, 0.06771, 7.334954E-01,0
30,7, 0.30729, 0.06771, 7.290909E-01,0
31,7, 0.31771, 0.06771, 7.286549E-01,1
32,7, 0.32812, 0.06771, 7.176515E-01,0
33,7, 0.33854, 0.06771, 7.059286E-01,0
34,7, 0.34896, 0.06771, 6.964292E-01,0
35,7, 0.35938, 0.06771, 6.877326E-01,0
36,7, 0.36979, 0.06771, 6.793563E-01,0
37,7, 0.38021, 0.06771, 6.710395E-01,0
38,7, 0.39062, 0.06771, 6.626253E-01,0
39,7, 0.40104, 0.06771, 6.540125E-01,0
40,7, 0.41146, 0.06771, 6.451288E-01,0
41,7, 0.42188, 0.06771, 6.359162E-01,0
42,7, 0.43229, 0.06771, 6.263271E-01,0
43,7, 0.44271, 0.06771, 6.163231E-01,0
44,7, 0.45312, 0.06771, 6.058772E-01,0
45,7, 0.46354, 0.06771, 5.949755E-01,0
46,7, 0.47396, 0.06771, 5.836204E-01,0
47,7, 0.48438, 0.06771, 5.718346E-01,0
48,7, 0.49479, 0.06771, 5.596640E-01,0
49,7, 0.50521, 0.06771, 5.471767E-01,0
50,7, 0.51562, 0.06771, 5.344574E-01,0
51,7, 0.52604, 0.06771, 5.215972E-01,0
52,7, 0.53646, 0.06771, 5.086762E-01,0
53,7, 0.54688, 0.06771, 4.957465E-01,0
54,7, 0.55729, 0.06771, 4.828349E-01,0
55,7, 0.56771, 0.06771, 4.699626E-01,0
56,7, 0.57812, 0.06771, 4.571531E-01,0
57,7, 0.58854, 0.06771, 4.444167E-01,0
58,7, 0.59896, 0.06771, 4.318082E-01,0
59,7, 0.60938, 0.06771, 4.205480E-01,0
60,7, 0.61979, 0.06771, 4.093279E-01,0
61,7, 0.63021, 0.06771, 3.973978E-01,0
62,7, 0.64062, 0.06771, 3.847712E-01,0
63,7, 0.65104, 0.06771, 3.719349E-01,0
64,7, 0.66146, 0.06771, 3.590893E-01,0
65,7, 0.67188, 0.06771, 3.462866E-01,0
66,7, 0.68229, 0.06771, 3.335325E-01,0
67,7, 0.69271, 0.06771, 3.208214E-01,0
68,7, 0.70312, 0.06771, 3.081480E-01,0
69,7, 0.71354, 0.06771, 2.955098E-01,0
70,7, 0.72396, 0.06771, 2.829072E-01,0
71,7, 0.73438, 0.06771, 2.703434E-01,0
72,7, 0.74479, 0.06771, 2.578237E-01,0
73,7, 0.75521, 0.06771, 2.453549E-01,0
74,7, 0.76562, 0.06771, 2.329446E-01,0
75,7, 0.77604, 0.06771, 2.206011E-01,0
76,7, 0.78646, 0.06771, 2.083328E-01,0
77,7, 0.79688, 0.06771, 1.961485E-01,0
78,7, 0.80729, 0.06771, 1.840578E-01,0
79,7, 0.81771, 0.06771, 1.720724E-01,0
80,7, 0.82812, 0.06771, 1.602078E-01,0
81,7, 0.83854, 0.06771, 1.484883E-01,0
82,7, 0.84896, 0.06771, 1.369518E-01,0
83,7, 0.85938, 0.06771, 1.256412E-01,0
84,7, 0.86979, 0.06771, 1.142973E-01,0
85,7, 0.88021, 0.06771, 1.063466E-01,1
86,7, 0.89062, 0.06771, 9.869001E-02,0
87,7, 0.90104, 0.06771, 8.845395E-02,0
88,7, 0.91146, 0.06771, 7.893770E-02,0
89,7, 0.92188, 0.06771, 6.955253E-02,0
90,7, 0.93229, 0.06771, 6.021781E-02,0
91,7, 0.94271, 0.06771, 5.092078E-02,0
92,7, 0.95312, 0.06771, 4.165452E-02,0
93,7, 0.96354, 0.06771, 3.240573E-02,0
94,7, 0.97396, 0.06771, 2.315807E-02,0
95,7, 0.98438, 0.06771, 1.390138E-02,0
96,7, 0.99479, 0.06771, 4.635068E-03,0
1,8, 0.00521, 0.07812, 9.928630E-01,0
2,8, 0.01562, 0.07812, 9.786880E-01,0
3,8, 0.02604, 0.07812, 9.647959E-01,0
4,8, 0.03646, 0.07812, 9.513240E-01,0
5,8, 0.04688, 0.07812, 9.383478E-01,0
6,8, 0.05729, 0.07812, 9.258848E-01,0
7,8, 0.06771, 0.07812, 9.139129E-01,0
8,8, 0.07812, 0.07812, 9.023877E-01,0
9,8, 0.08854, 0.07812, 8.912554E-01,0
10,8, 0.09896, 0.07812, 8.804626E-01,0
11,8, 0.10938, 0.07812, 8.699611E-01,0
12,8, 0.11979, 0.07812, 8.597081E-01,0
13,8, 0.13021, 0.07812, 8.496574E-01,0
14,8, 0.14062, 0.07812, 8.397447E-01,0
15,8, 0.15104, 0.07812, 8.298609E-01,0
16,8, 0.16146, 0.07812, 8.197783E-01,0
17,8, 0.17188, 0.07812, 8.087573E-01,0
18,8, 0.18229, 0.07812, 8.008111E-01,1
19,8, 0.19271, 0.07812, 7.987184E-01,0
20,8, 0.20312, 0.07812, 7.934423E-01,0
21,8, 0.21354, 0.07812, 7.873863E-01,0
22,8, 0.22396, 0.07812, 7.808693E-01,0
23,8, 0.23438, 0.07812, 7.740938E-01,0
24,8, 0.24479, 0.07812, 7.671972E-01,0
25,8, 0.25521, 0.07812, 7.602889E-01,0
26,8, 0.26562, 0.07812, 7.534741E-01,0
27,8, 0.27604, 0.07812, 7.468752E-01,0
28,8, 0.28646, 0.07812, 7.406563E-01,0
29,8, 0.29688, 0.07812, 7.350513E-01,0
30,8, 0.30729, 0.07812, 7.303539E-01,0
31,8, 0.31771, 0.07812, 7.284862E-01,1
32,8, 0.32812, 0.07812, 7.214720E-01,0
33,8, 0.33854, 0.07812, 7.103352E-01,0
34,8, 0.34896, 0.07812, 7.007515E-01,0
35,8, 0.35938, 0.07812, 6.919018E-01,0
36,8, 0.36979, 0.07812, 6.833838E-01,0
37,8, 0.38021, 0.07812, 6.749730E-01,0
38,8, 0.39062, 0.07812, 6.665257E-01,0
39,8, 0.40104, 0.07812, 6.579377E-01,0
40,8, 0.41146, 0.07812, 6.491233E-01,0
41,8, 0.42188, 0.07812, 6.400056E-01,0
42,8, 0.43229, 0.07812, 6.305143E-01,0
43,8, 0.44271, 0.07812, 6.205874E-01,0
44,8, 0.45312, 0.07812, 6.101742E-01,0
45,8, 0.46354, 0.07812, 5.992376E-01,0
46,8, 0.47396, 0.07812, 5.877610E-01,0
47,8, 0.48438, 0.07812, 5.757578E-01,0
48,8, 0.49479, 0.07812, 5.632798E-01,0
49,8, 0.50521, 0.07812, 5.504182E-01,0
50,8, 0.51562, 0.07812, 5.372941E-01,0
51,8, 0.52604, 0.07812, 5.240464E-01,0
52,8, 0.53646, 0.07812, 5.107958E-01,0
53,8, 0.54688, 0.07812, 4.976006E-01,0
54,8, 0.55729, 0.07812, 4.844611E-01,0
55,8, 0.56771, 0.07812, 4.713863E-01,0
56,8, 0.57812, 0.07812, 4.584127E-01,0
57,8, 0.58854, 0.07812, 4.455500E-01,0
58,8, 0.59896, 0.07812, 4.326722E-01,0
59,8, 0.60938, 0.07812, 4.225280E-01,1
60,8, 0.61979, 0.07812, 4.122395E-01,0
61,8, 0.63021, 0.07812, 3.982834E-01,0
62,8, 0.64062, 0.07812, 3.851991E-01,0
63,8, 0.65104, 0.07812, 3.722397E-01,0
64,8, 0.66146, 0.07812, 3.593283E-01,0
65,8, 0.67188, 0.07812, 3.464648E-01,0
66,8, 0.68229, 0.07812, 3.336489E-01,0
67,8, 0.69271, 0.07812, 3.208763E-01,0
68,8, 0.70312, 0.07812, 3.081426E-01,0
69,8, 0.71354, 0.07812, 2.954453E-01,0
70,8, 0.72396, 0.07812, 2.827848E-01,0
71,8, 0.73438, 0.07812, 2.701646E-01,0
72,8, 0.74479, 0.07812, 2.575903E-01,0
73,8, 0.75521, 0.07812, 2.450692E-01,0
74,8, 0.76562, 0.07812, 2.326101E-01,0
75,8, 0.77604, 0.07812, 2.202220E-01,0
76,8, 0.78646, 0.07812, 2.079143E-01,0
77,8, 0.79688, 0.07812, 1.956965E-01,0
78,8, 0.80729, 0.07812, 1.835783E-01,0
79,8, 0.81771, 0.07812, 1.715713E-01,0
80,8, 0.82812, 0.07812, 1.596910E-01,0
81,8, 0.83854, 0.07812, 1.479625E-01,0
82,8, 0.84896, 0.07812, 1.364298E-01,0
83,8, 0.85938, 0.07812, 1.251726E-01,0
84,8, 0.86979, 0.07812, 1.143553E-01,0
85,8, 0.88021, 0.07812, 1.047627E-01,0
86,8, 0.89062, 0.07812, 9.592785E-02,0
87,8, 0.90104, 0.07812, 8.704106E-02,0
88,8, 0.91146, 0.07812, 7.798830E-02,0
89,8, 0.92188, 0.07812, 6.878565E-02,0
90,8, 0.93229, 0.07812, 5.956568E-02,0
91,8, 0.94271, 0.07812, 5.037628E-02,0
92,8, 0.95312, 0.07812, 4.122801E-02,0
93,8, 0.96354, 0.07812, 3.210103E-02,0
94,8, 0.97396, 0.07812, 2.296239E-02,0
95,8, 0.98438, 0.07812, 1.379430E-02,0
96,8, 0.99479, 0.07812, 4.601140E-03,0
1,9, 0.00521, 0.08854, 9.924800E-01,0
2,9, 0.01562, 0.08854, 9.775863E-01,0
3,9, 0.02604, 0.08854, 9.631121E-01,0
4,9, 0.03646, 0.08854, 9.492426E-01,0
5,9, 0.04688, 0.08854, 9.360479E-01,0
6,9, 0.05729, 0.08854, 9.235016E-01,0
7,9, 0.06771, 0.08854, 9.115258E-01,0
8,9, 0.07812, 0.08854, 9.000258E-01,0
9,9, 0.08854, 0.08854, 8.889086E-01,0
10,9, 0.09896, 0.08854, 8.780959E-01,0
11,9, 0.10938, 0.08854, 8.675331E-01,0
12,9, 0.11979, 0.08854, 8.571888E-01,0
13,9, 0.13021, 0.08854, 8.470430E-01,0
14,9, 0.14062, 0.08854, 8.370689E-01,0
15,9, 0.15104, 0.08854, 8.272107E-01,0
16,9, 0.16146, 0.08854, 8.173358E-01,0
17,9, 0.17188, 0.08854, 8.070963E-01,0
18,9, 0.18229, 0.08854, 8.014419E-01,1
19,9, 0.19271, 0.08854, 7.988072E-01,0
20,9, 0.20312, 0.08854, 7.932151E-01,0
21,9, 0.21354, 0.08854, 7.871783E-01,0
22,9, 0.22396, 0.08854, 7.807894E-01,0
23,9, 0.23438, 0.08854, 7.741742E-01,0
24,9, 0.24479, 0.08854, 7.674476E-01,0
25,9, 0.25521, 0.08854, 7.607123E-01,0
26,9, 0.26562, 0.08854, 7.540693E-01,0
27,9, 0.27604, 0.08854, 7.476285E-01,0
28,9, 0.28646, 0.08854, 7.415199E-01,0
29,9, 0.29688, 0.08854, 7.358920E-01,0
30,9, 0.30729, 0.08854, 7.308369E-01,0
31,9, 0.31771, 0.08854, 7.284469E-01,1
32,9, 0.32812, 0.08854, 7.232302E-01,0
33,9, 0.33854, 0.08854, 7.135534E-01,0
34,9, 0.34896, 0.08854, 7.045327E-01,0
35,9, 0.35938, 0.08854, 6.959095E-01,0
36,9, 0.36979, 0.08854, 6.874973E-01,0
37,9, 0.38021, 0.08854, 6.791689E-01,0
38,9, 0.39062, 0.08854, 6.708260E-01,0
39,9, 0.40104, 0.08854, 6.623815E-01,0
40,9, 0.41146, 0.08854, 6.537488E-01,0
41,9, 0.42188, 0.08854, 6.448370E-01,0
42,9, 0.43229, 0.08854, 6.355524E-01,0
43,9, 0.44271, 0.08854, 6.258042E-01,0
44,9, 0.45312, 0.08854, 6.155083E-01,0
45,9, 0.46354, 0.08854, 6.045903E-01,0
46,9, 0.47396, 0.08854, 5.929952E-01,0
47,9, 0.48438, 0.08854, 5.807152E-01,0
48,9, 0.49479, 0.08854, 5.678080E-01,0
49,9, 0.50521, 0.08854, 5.544045E-01,0
50,9, 0.51562, 0.08854, 5.406834E-01,0
51,9, 0.52604, 0.08854, 5.268785E-01,0
52,9, 0.53646, 0.08854, 5.132001E-01,0
53,9, 0.54688, 0.08854, 4.997045E-01,0
54,9, 0.55729, 0.08854, 4.862903E-01,0
55,9, 0.56771, 0.08854, 4.729182E-01,0
56,9, 0.57812, 0.08854, 4.596136E-01,0
57,9, 0.58854, 0.08854, 4.462406E-01,0
58,9, 0.59896, 0.08854, 4.357523E-01,1
59,9, 0.60938, 0.08854, 4.252717E-01,0
60,9, 0.61979, 0.08854, 4.118637E-01,0
61,9, 0.63021, 0.08854, 3.985612E-01,0
62,9, 0.64062, 0.08854, 3.854520E-01,0
63,9, 0.65104, 0.08854, 3.724331E-01,0
64,9, 0.66146, 0.08854, 3.594722E-01,0
65,9, 0.67188, 0.08854, 3.465615E-01,0
66,9, 0.68229, 0.08854, 3.336967E-01,0
67,9, 0.69271, 0.08854, 3.208727E-01,0
68,9, 0.70312, 0.08854, 3.080854E-01,0
69,9, 0.71354, 0.08854, 2.953326E-01,0
70,9, 0.72396, 0.08854, 2.826154E-01,0
71,9, 0.73438, 0.08854, 2.699379E-01,0
72,9, 0.74479, 0.08854, 2.573070E-01,0
73,9, 0.75521, 0.08854, 2.447313E-01,0
74,9, 0.76562, 0.08854, 2.322210E-01,0
75,9, 0.77604, 0.08854, 2.197870E-01,0
76,9, 0.78646, 0.08854, 2.074402E-01,0
77,9, 0.79688, 0.08854, 1.951913E-01,0
78,9, 0.80729, 0.08854, 1.830514E-01,0
79,9, 0.81771, 0.08854, 1.710325E-01,0
80,9, 0.82812, 0.08854, 1.591505E-01,0
81,9, 0.83854, 0.08854, 1.474291E-01,0
82,9, 0.84896, 0.08854, 1.359058E-01,0
83,9, 0.85938, 0.08854, 1.246360E-01,0
84,9, 0.86979, 0.08854, 1.136921E-01,0
85,9, 0.88021, 0.08854, 1.031869E-01,0
86,9, 0.89062, 0.08854, 9.344584E-02,0
87,9, 0.90104, 0.08854, 8.519716E-02,0
88,9, 0.91146, 0.08854, 7.705834E-02,0
89,9, 0.92188, 0.08854, 6.801437E-02,0
90,9, 0.93229, 0.08854, 5.887138E-02,0
91,9, 0.94271, 0.08854, 4.977623E-02,0
92,9, 0.95312, 0.08854, 4.076696E-02,0
93,9, 0.96354, 0.08854, 3.179964E-02,0
94,9, 0.97396, 0.08854, 2.279345E-02,0
95,9, 0.98438, 0.08854, 1.371278E-02,0
96,9, 0.99479, 0.08854, 4.576954E-03,0
1,10, 0.00521, 0.09896, 9.919491E-01,0
2,10, 0.01562, 0.09896, 9.760688E-01,0
3,10, 0.02604, 0.09896, 9.608501E-01,0
4,10, 0.03646, 0.09896, 9.465547E-01,0
5,10, 0.04688, 0.09896, 9.332223E-01,0
6,10, 0.05729, 0.09896, 9.207239E-01,0
7,10, 0.06771, 0.09896, 9.088784E-01,0
8,10, 0.07812, 0.09896, 8.975123E-01,0
9,10, 0.08854, 0.09896, 8.864777E-01,0
10,10, 0.09896, 0.09896, 8.756679E-01,0
11,10, 0.10938, 0.09896, 8.650331E-01,0
12,10, 0.11979, 0.09896, 8.545771E-01,0
13,10, 0.13021, 0.09896, 8.443376E-01,0
14,10, 0.14062, 0.09896, 8.343518E-01,0
15,10, 0.15104, 0.09896, 8.246508E-01,0
16,10, 0.16146, 0.09896, 8.152799E-01,0
17,10, 0.17188, 0.09896, 8.063048E-01,0
18,10, 0.18229, 0.09896, 8.019637E-01,1
19,10, 0.19271, 0.09896, 7.991229E-01,0
20,10, 0.20312, 0.09896, 7.933281E-01,0
21,10, 0.21354, 0.09896, 7.872410E-01,0
22,10, 0.22396, 0.09896, 7.808866E-01,0
23,10, 0.23438, 0.09896, 7.743486E-01,0
24,10, 0.24479, 0.09896, 7.677185E-01,0
25,10, 0.25521, 0.09896, 7.610856E-01,0
26,10, 0.26562, 0.09896, 7.545384E-01,0
27,10, 0.27604, 0.09896, 7.481686E-01,0
28,10, 0.28646, 0.09896, 7.420747E-01,0
29,10, 0.29688, 0.09896, 7.363623E-01,0
30,10, 0.30729, 0.09896, 7.311013E-01,0
31,10, 0.31771, 0.09896, 7.284620E-01,1
32,10, 0.32812, 0.09896, 7.245071E-01,0
33,10, 0.33854, 0.09896, 7.163986E-01,0
34,10, 0.34896, 0.09896, 7.081754E-01,0
35,10, 0.35938, 0.09896, 6.999669E-01,0
36,10, 0.36979, 0.09896, 6.918097E-01,0
37,10, 0.38021, 0.09896, 6.836918E-01,0
38,10, 0.39062, 0.09896, 6.755710E-01,0
39,10, 0.40104, 0.09896, 6.673890E-01,0
40,10, 0.41146, 0.09896, 6.590691E-01,0
41,10, 0.42188, 0.09896, 6.505092E-01,0
42,10, 0.43229, 0.09896, 6.415891E-01,0
43,10, 0.44271, 0.09896, 6.321811E-01,0
44,10, 0.45312, 0.09896, 6.221545E-01,0
45,10, 0.46354, 0.09896, 6.113683E-01,0
46,10, 0.47396, 0.09896, 5.996855E-01,0
47,10, 0.48438, 0.09896, 5.870479E-01,0
48,10, 0.49479, 0.09896, 5.735159E-01,0
49,10, 0.50521, 0.09896, 5.592982E-01,0
50,10, 0.51562, 0.09896, 5.446488E-01,0
51,10, 0.52604, 0.09896, 5.299971E-01,0
52,10, 0.53646, 0.09896, 5.157886E-01,0
53,10, 0.54688, 0.09896, 5.020570E-01,0
54,10, 0.55729, 0.09896, 4.883354E-01,0
55,10, 0.56771, 0.09896, 4.744786E-01,0
56,10, 0.57812, 0.09896, 4.604404E-01,0
57,10, 0.58854, 0.09896, 4.492555E-01,1
58,10, 0.59896, 0.09896, 4.385884E-01,0
59,10, 0.60938, 0.09896, 4.254572E-01,0
60,10, 0.61979, 0.09896, 4.119739E-01,0
61,10, 0.63021, 0.09896, 3.986748E-01,0
62,10, 0.64062, 0.09896, 3.855295E-01,0
63,10, 0.65104, 0.09896, 3.724780E-01,0
64,10, 0.66146, 0.09896, 3.594901E-01,0
65,10, 0.67188, 0.09896, 3.465520E-01,0
66,10, 0.68229, 0.09896, 3.336553E-01,0
67,10, 0.69271, 0.09896, 3.207935E-01,0
68,10, 0.70312, 0.09896, 3.079623E-01,0
69,10, 0.71354, 0.09896, 2.951604E-01,0
70,10, 0.72396, 0.09896, 2.823899E-01,0
71,10, 0.73438, 0.09896, 2.696564E-01,0
72,10, 0.74479, 0.09896, 2.569686E-01,0
73,10, 0.75521, 0.09896, 2.443374E-01,0
74,10, 0.76562, 0.09896, 2.317755E-01,0
75,10, 0.77604, 0.09896, 2.192960E-01,0
76,10, 0.78646, 0.09896, 2.069122E-01,0
77,10, 0.79688, 0.09896, 1.946373E-01,0
78,10, 0.80729, 0.09896, 1.824840E-01,0
79,10, 0.81771, 0.09896, 1.704663E-01,0
80,10, 0.82812, 0.09896, 1.586005E-01,0
81,10, 0.83854, 0.09896, 1.469092E-01,0
82,10, 0.84896, 0.09896, 1.354233E-01,0
83,10, 0.85938, 0.09896, 1.241797E-01,0
84,10, 0.86979, 0.09896, 1.131990E-01,0
85,10, 0.88021, 0.09896, 1.023916E-01,0
86,10, 0.89062, 0.09896, 9.108279E-02,0
87,10, 0.90104, 0.09896, 8.298055E-02,1
88,10, 0.91146, 0.09896, 7.631284E-02,0
89,10, 0.92188, 0.09896, 6.724551E-02,0
90,10, 0.93229, 0.09896, 5.812001E-02,0
91,10, 0.94271, 0.09896, 4.908364E-02,0
92,10, 0.95312, 0.09896, 4.026003E-02,0
93,10, 0.96354, 0.09896, 3.154014E-02,0
94,10, 0.97396, 0.09896, 2.271018E-02,0
95,10, 0.98438, 0.09896, 1.369879E-02,0
96,10, 0.99479, 0.09896, 4.576195E-03,0
1,11, 0.00521, 0.10938, 9.912031E-01,0
2,11, 0.01562, 0.10938, 9.739284E-01,0
3,11, 0.02604, 0.10938, 9.577560E-01,0
4,11, 0.03646, 0.10938, 9.430714E-01,0
5,11, 0.04688, 0.10938, 9.298193E-01,0
6,11, 0.05729, 0.10938, 9.176339E-01,0
7,11, 0.06771, 0.10938, 9.061490E-01,0
8,11, 0.07812, 0.10938, 8.950773E-01,0
9,11, 0.08854, 0.10938, 8.841978E-01,0
10,11, 0.09896, 0.10938, 8.733679E-01,0
11,11, 0.10938, 0.10938, 8.625610E-01,0
12,11, 0.11979, 0.10938, 8.518577E-01,0
13,11, 0.13021, 0.10938, 8.414110E-01,0
14,11, 0.14062, 0.10938, 8.313387E-01,0
15,11, 0.15104, 0.10938, 8.217262E-01,0
16,11, 0.16146, 0.10938, 8.127901E-01,0
17,11, 0.17188, 0.10938, 8.051983E-01,0
18,11, 0.18229, 0.10938, 8.025257E-01,1
19,11, 0.19271, 0.10938, 7.995553E-01,0
20,11, 0.20312, 0.10938, 7.936068E-01,0
21,11, 0.21354, 0.10938, 7.874527E-01,0
22,11, 0.22396, 0.10938, 7.810898E-01,0
23,11, 0.23438, 0.10938, 7.745776E-01,0
24,11, 0.24479, 0.10938, 7.679907E-01,0
25,11, 0.25521, 0.10938, 7.614069E-01,0
26,11, 0.26562, 0.10938, 7.549041E-01,0
27,11, 0.27604, 0.10938, 7.485609E-01,0
28,11, 0.28646, 0.10938, 7.424552E-01,0
29,11, 0.29688, 0.10938, 7.366592E-01,0
30,11, 0.30729, 0.10938, 7.311966E-01,0
31,11, 0.31771, 0.10938, 7.283753E-01,1
32,11, 0.32812, 0.10938, 7.260870E-01,0
33,11, 0.33854, 0.10938, 7.196556E-01,0
34,11, 0.34896, 0.10938, 7.121470E-01,0
35,11, 0.35938, 0.10938, 7.043276E-01,0
36,11, 0.36979, 0.10938, 6.964634E-01,0
37,11, 0.38021, 0.10938, 6.886322E-01,0
38,11, 0.39062, 0.10938, 6.808216E-01,0
39,11, 0.40104, 0.10938, 6.730108E-01,0
40,11, 0.41146, 0.10938, 6.651506E-01,0
41,11, 0.42188, 0.10938, 6.571329E-01,0
42,11, 0.43229, 0.10938, 6.488049E-01,0
43,11, 0.44271, 0.10938, 6.399952E-01,0
44,11, 0.45312, 0.10938, 6.305121E-01,0
45,11, 0.46354, 0.10938, 6.200978E-01,0
46,11, 0.47396, 0.10938, 6.084233E-01,0
47,11, 0.48438, 0.10938, 5.953118E-01,0
48,11, 0.49479, 0.10938, 5.808100E-01,0
49,11, 0.50521, 0.10938, 5.653307E-01,0
50,11, 0.51562, 0.10938, 5.491285E-01,0
51,11, 0.52604, 0.10938, 5.330485E-01,0
52,11, 0.53646, 0.10938, 5.182583E-01,0
53,11, 0.54688, 0.10938, 5.047319E-01,0
54,11, 0.55729, 0.10938, 4.906142E-01,0
55,11, 0.56771, 0.10938, 4.758039E-01,0
56,11, 0.57812, 0.10938, 4.639186E-01,1
57,11, 0.58854, 0.10938, 4.525470E-01,0
58,11, 0.59896, 0.10938, 4.388463E-01,0
59,11, 0.60938, 0.10938, 4.252998E-01,0
60,11, 0.61979, 0.10938, 4.118396E-01,0
61,11, 0.63021, 0.10938, 3.985509E-01,0
62,11, 0.64062, 0.10938, 3.854024E-01,0
63,11, 0.65104, 0.10938, 3.723491E-01,0
64,11, 0.66146, 0.10938, 3.593604E-01,0
65,11, 0.67188, 0.10938, 3.464175E-01,0
66,11, 0.68229, 0.10938, 3.335081E-01,0
67,11, 0.69271, 0.10938, 3.206240E-01,0
68,11, 0.70312, 0.10938, 3.077608E-01,0
69,11, 0.71354, 0.10938, 2.949180E-01,0
70,11, 0.72396, 0.10938, 2.820994E-01,0
71,11, 0.73438, 0.10938, 2.693129E-01,0
72,11, 0.74479, 0.10938, 2.565698E-01,0
73,11, 0.75521, 0.10938, 2.438840E-01,0
74,11, 0.76562, 0.10938, 2.312713E-01,0
75,11, 0.77604, 0.10938, 2.187481E-01,0
76,11, 0.78646, 0.10938, 2.063311E-01,0
77,11, 0.79688, 0.10938, 1.940363E-01,0
78,11, 0.80729, 0.10938, 1.818792E-01,0
79,11, 0.81771, 0.10938, 1.698756E-01,0
80,11, 0.82812, 0.10938, 1.580429E-01,0
81,11, 0.83854, 0.10938, 1.464024E-01,0
82,11, 0.84896, 0.10938, 1.349799E-01,0
83,11, 0.85938, 0.10938, 1.238038E-01,0
84,11, 0.86979, 0.10938, 1.128910E-01,0
85,11, 0.88021, 0.10938, 1.022189E-01,0
86,11, 0.89062, 0.10938, 9.169723E-02,0
87,11, 0.90104, 0.10938, 8.143599E-02,0
88,11, 0.91146, 0.10938, 7.372023E-02,1
89,11, 0.92188, 0.10938, 6.616661E-02,0
90,11, 0.93229, 0.10938, 5.724192E-02,0
91,11, 0.94271, 0.10938, 4.816754E-02,0
92,11, 0.95312, 0.10938, 3.965869E-02,0
93,11, 0.96354, 0.10938, 3.140998E-02,0
94,11, 0.97396, 0.10938, 2.284442E-02,0
95,11, 0.98438, 0.10938, 1.383213E-02,0
96,11, 0.99479, 0.10938, 4.620570E-03,0
1,12, 0.00521, 0.11979, 9.901851E-01,0
2,12, 0.01562, 0.11979, 9.708844E-01,0
3,12, 0.02604, 0.11979, 9.535058E-01,0
4,12, 0.03646, 0.11979, 9.386247E-01,0
5,12, 0.04688, 0.11979, 9.259424E-01,0
6,12, 0.05729, 0.11979, 9.145509E-01,0
7,12, 0.06771, 0.11979, 9.037854E-01,0
8,12, 0.07812, 0.11979, 8.932267E-01,0
9,12, 0.08854, 0.11979, 8.825613E-01,0
10,12, 0.09896, 0.11979, 8.715863E-01,0
11,12, 0.10938, 0.11979, 8.603271E-01,0
12,12, 0.11979, 0.11979, 8.490035E-01,0
13,12, 0.13021, 0.11979, 8.380588E-01,0
14,12, 0.14062, 0.11979, 8.277336E-01,0
15,12, 0.15104, 0.11979, 8.179547E-01,0
16,12, 0.16146, 0.11979, 8.088473E-01,0
17,12, 0.17188, 0.11979, 8.035337E-01,1
18,12, 0.18229, 0.11979, 8.031500E-01,1
19,12, 0.19271, 0.11979, 7.999492E-01,0
20,12, 0.20312, 0.11979, 7.939001E-01,0
21,12, 0.21354, 0.11979, 7.877106E-01,0
22,12, 0.22396, 0.11979, 7.813362E-01,0
23,12, 0.23438, 0.11979, 7.748240E-01,0
24,12, 0.24479, 0.11979, 7.682438E-01,0
25,12, 0.25521, 0.11979, 7.616701E-01,0
26,12, 0.26562, 0.11979, 7.551777E-01,0
27,12, 0.27604, 0.11979, 7.488434E-01,0
28,12, 0.28646, 0.11979, 7.427440E-01,0
29,12, 0.29688, 0.11979, 7.369334E-01,0
30,12, 0.30729, 0.11979, 7.313138E-01,0
31,12, 0.31771, 0.11979, 7.281347E-01,1
32,12, 0.32812, 0.11979, 7.278478E-01,1
33,12, 0.33854, 0.11979, 7.244724E-01,0
34,12, 0.34896, 0.11979, 7.169317E-01,0
35,12, 0.35938, 0.11979, 7.091860E-01,0
36,12, 0.36979, 0.11979, 7.015757E-01,0
37,12, 0.38021, 0.11979, 6.941028E-01,0
38,12, 0.39062, 0.11979, 6.866492E-01,0
39,12, 0.40104, 0.11979, 6.792793E-01,0
40,12, 0.41146, 0.11979, 6.720345E-01,0
41,12, 0.42188, 0.11979, 6.648045E-01,0
42,12, 0.43229, 0.11979, 6.573934E-01,0
43,12, 0.44271, 0.11979, 6.495875E-01,0
44,12, 0.45312, 0.11979, 6.411439E-01,0
45,12, 0.46354, 0.11979, 6.316187E-01,0
46,12, 0.47396, 0.11979, 6.202023E-01,0
47,12, 0.48438, 0.11979, 6.064428E-01,0
48,12, 0.49479, 0.11979, 5.902850E-01,0
49,12, 0.50521, 0.11979, 5.728758E-01,0
50,12, 0.51562, 0.11979, 5.538373E-01,0
51,12, 0.52604, 0.11979, 5.348876E-01,0
52,12, 0.53646, 0.11979, 5.197804E-01,0
53,12, 0.54688, 0.11979, 5.083643E-01,0
54,12, 0.55729, 0.11979, 4.927118E-01,0
55,12, 0.56771, 0.11979, 4.797864E-01,1
56,12, 0.57812, 0.11979, 4.675452E-01,0
57,12, 0.58854, 0.11979, 4.529297E-01,0
58,12, 0.59896, 0.11979, 4.387270E-01,0
59,12, 0.60938, 0.11979, 4.249553E-01,0
60,12, 0.61979, 0.11979, 4.114645E-01,0
61,12, 0.63021, 0.11979, 3.981860E-01,0
62,12, 0.64062, 0.11979, 3.850584E-01,0
63,12, 0.65104, 0.11979, 3.720309E-01,0
64,12, 0.66146, 0.11979, 3.590671E-01,0
65,12, 0.67188, 0.11979, 3.461425E-01,0
66,12, 0.68229, 0.11979, 3.332405E-01,0
67,12, 0.69271, 0.11979, 3.203508E-01,0
68,12, 0.70312, 0.11979, 3.074689E-01,0
69,12, 0.71354, 0.11979, 2.945952E-01,0
70,12, 0.72396, 0.11979, 2.817356E-01,0
71,12, 0.73438, 0.11979, 2.689007E-01,0
72,12, 0.74479, 0.11979, 2.561054E-01,0
73,12, 0.75521, 0.11979, 2.433672E-01,0
74,12, 0.76562, 0.11979, 2.307061E-01,0
75,12, 0.77604, 0.11979, 2.181425E-01,0
76,12, 0.78646, 0.11979, 2.056970E-01,0
77,12, 0.79688, 0.11979, 1.933891E-01,0
78,12, 0.80729, 0.11979, 1.812375E-01,0
79,12, 0.81771, 0.11979, 1.692599E-01,0
80,12, 0.82812, 0.11979, 1.574741E-01,0
81,12, 0.83854, 0.11979, 1.458996E-01,0
82,12, 0.84896, 0.11979, 1.345576E-01,0
83,12, 0.85938, 0.11979, 1.234689E-01,0
84,12, 0.86979, 0.11979, 1.126470E-01,0
85,12, 0.88021, 0.11979, 1.020870E-01,0
86,12, 0.89062, 0.11979, 9.175996E-02,0
87,12, 0.90104, 0.11979, 8.161835E-02,0
88,12, 0.91146, 0.11979, 7.130446E-02,0
89,12, 0.92188, 0.11979, 6.297195E-02,1
90,12, 0.93229, 0.11979, 5.624089E-02,0
91,12, 0.94271, 0.11979, 4.654987E-02,0
92,12, 0.95312, 0.11979, 3.884254E-02,0
93,12, 0.96354, 0.11979, 3.163318E-02,0
94,12, 0.97396, 0.11979, 2.349651E-02,0
95,12, 0.98438, 0.11979, 1.424517E-02,0
96,12, 0.99479, 0.11979, 4.731315E-03,0
1,13, 0.00521, 0.13021, 9.890289E-01,0
2,13, 0.01562, 0.13021, 9.667595E-01,0
3,13, 0.02604, 0.13021, 9.479533E-01,0
4,13, 0.03646, 0.13021, 9.333790E-01,0
5,13, 0.04688, 0.13021, 9.222235E-01,0
6,13, 0.05729, 0.13021, 9.123669E-01,0
7,13, 0.06771, 0.13021, 9.027887E-01,0
8,13, 0.07812, 0.13021, 8.930032E-01,0
9,13, 0.08854, 0.13021, 8.825789E-01,0
10,13, 0.09896, 0.13021, 8.711496E-01,0
11,13, 0.10938, 0.13021, 8.588240E-01,0
12,13, 0.11979, 0.13021, 8.459068E-01,0
13,13, 0.13021, 0.13021, 8.337773E-01,0
14,13, 0.14062, 0.13021, 8.232032E-01,0
15,13, 0.15104, 0.13021, 8.131549E-01,0
16,13, 0.16146, 0.13021, 8.066342E-01,0
17,13, 0.17188, 0.13021, 8.043025E-01,1
18,13, 0.18229, 0.13021, 8.039561E-01,0
19,13, 0.19271, 0.13021, 7.996516E-01,0
20,13, 0.20312, 0.13021, 7.940429E-01,0
21,13, 0.21354, 0.13021, 7.879544E-01,0
22,13, 0.22396, 0.13021, 7.815927E-01,0
23,13, 0.23438, 0.13021, 7.750649E-01,0
24,13, 0.24479, 0.13021, 7.684607E-01,0
25,13, 0.25521, 0.13021, 7.618618E-01,0
26,13, 0.26562, 0.13021, 7.553475E-01,0
27,13, 0.27604, 0.13021, 7.490035E-01,0
28,13, 0.28646, 0.13021, 7.429337E-01,0
29,13, 0.29688, 0.13021, 7.372786E-01,0
30,13, 0.30729, 0.13021, 7.322903E-01,0
31,13, 0.31771, 0.13021, 7.286772E-01,0
32,13, 0.32812, 0.13021, 7.276709E-01,1
33,13, 0.33854, 0.13021, 7.279417E-01,1
34,13, 0.34896, 0.13021, 7.227977E-01,0
35,13, 0.35938, 0.13021, 7.144131E-01,0
36,13, 0.36979, 0.13021, 7.071648E-01,0
37,13, 0.38021, 0.13021, 7.003363E-01,0
38,13, 0.39062, 0.13021, 6.931508E-01,0
39,13, 0.40104, 0.13021, 6.861498E-01,0
40,13, 0.41146, 0.13021, 6.796664E-01,0
41,13, 0.42188, 0.13021, 6.735398E-01,0
42,13, 0.43229, 0.13021, 6.674870E-01,0
43,13, 0.44271, 0.13021, 6.612767E-01,0
44,13, 0.45312, 0.13021, 6.547189E-01,0
45,13, 0.46354, 0.13021, 6.471968E-01,0
46,13, 0.47396, 0.13021, 6.366423E-01,0
47,13, 0.48438, 0.13021, 6.219878E-01,0
48,13, 0.49479, 0.13021, 6.026017E-01,0
49,13, 0.50521, 0.13021, 5.827982E-01,0
50,13, 0.51562, 0.13021, 5.579875E-01,0
51,13, 0.52604, 0.13021, 5.316384E-01,0
52,13, 0.53646, 0.13021, 5.184075E-01,0
53,13, 0.54688, 0.13021, 5.132332E-01,1
54,13, 0.55729, 0.13021, 5.001268E-01,0
55,13, 0.56771, 0.13021, 4.824257E-01,0
56,13, 0.57812, 0.13021, 4.672322E-01,0
57,13, 0.58854, 0.13021, 4.524645E-01,0
58,13, 0.59896, 0.13021, 4.381519E-01,0
59,13, 0.60938, 0.13021, 4.243039E-01,0
60,13, 0.61979, 0.13021, 4.108077E-01,0
61,13, 0.63021, 0.13021, 3.975606E-01,0
62,13, 0.64062, 0.13021, 3.844811E-01,0
63,13, 0.65104, 0.13021, 3.715072E-01,0
64,13, 0.66146, 0.13021, 3.585944E-01,0
65,13, 0.67188, 0.13021, 3.457116E-01,0
66,13, 0.68229, 0.13021, 3.328379E-01,0
67,13, 0.69271, 0.13021, 3.199606E-01,0
68,13, 0.70312, 0.13021, 3.070745E-01,0
69,13, 0.71354, 0.13021, 2.941815E-01,0
70,13, 0.72396, 0.13021, 2.812896E-01,0
71,13, 0.73438, 0.13021, 2.684130E-01,0
72,13, 0.74479, 0.13021, 2.555702E-01,0
73,13, 0.75521, 0.13021, 2.427838E-01,0
74,13, 0.76562, 0.13021, 2.300783E-01,0
75,13, 0.77604, 0.13021, 2.174790E-01,0
76,13, 0.78646, 0.13021, 2.050110E-01,0
77,13, 0.79688, 0.13021, 1.926978E-01,0
78,13, 0.80729, 0.13021, 1.805611E-01,0
79,13, 0.81771, 0.13021, 1.686202E-01,0
80,13, 0.82812, 0.13021, 1.568929E-01,0
81,13, 0.83854, 0.13021, 1.453959E-01,0
82,13, 0.84896, 0.13021, 1.341452E-01,0
83,13, 0.85938, 0.13021, 1.231539E-01,0
84,13, 0.86979, 0.13021, 1.124287E-01,0
85,13, 0.88021, 0.13021, 1.019627E-01,0
86,13, 0.89062, 0.13021, 9.173114E-02,0
87,13, 0.90104, 0.13021, 8.168780E-02,0
88,13, 0.91146, 0.13021, 7.176375E-02,0
89,13, 0.92188, 0.13021, 6.224072E-02,0
90,13, 0.93229, 0.13021, 5.198231E-02,0
91,13, 0.94271, 0.13021, 4.412440E-02,1
92,13, 0.95312, 0.13021, 3.788341E-02,0
93,13, 0.96354, 0.13021, 3.282800E-02,0
94,13, 0.97396, 0.13021, 2.529520E-02,0
95,13, 0.98438, 0.13021, 1.505323E-02,0
96,13, 0.99479, 0.13021, 4.874278E-03,0
1,14, 0.00521, 0.14062, 9.887000E-01,0
2,14, 0.01562, 0.14062, 9.623803E-01,0
3,14, 0.02604, 0.14062, 9.423271E-01,0
4,14, 0.03646, 0.14062, 9.289714E-01,0
5,14, 0.04688, 0.14062, 9.207524E-01,0
6,14, 0.05729, 0.14062, 9.131559E-01,0
7,14, 0.06771, 0.14062, 9.051449E-01,0
8,14, 0.07812, 0.14062, 8.963928E-01,0
9,14, 0.08854, 0.14062, 8.862740E-01,0
10,14, 0.09896, 0.14062, 8.738950E-01,0
11,14, 0.10938, 0.14062, 8.595504E-01,0
12,14, 0.11979, 0.14062, 8.421948E-01,0
13,14, 0.13021, 0.14062, 8.265124E-01,0
14,14, 0.14062, 0.14062, 8.170511E-01,0
15,14, 0.15104, 0.14062, 8.085783E-01,1
16,14, 0.16146, 0.14062, 8.077513E-01,1
17,14, 0.17188, 0.14062, 8.070060E-01,0
18,14, 0.18229, 0.14062, 8.041749E-01,0
19,14, 0.19271, 0.14062, 7.997855E-01,0
20,14, 0.20312, 0.14062, 7.943248E-01,0
21,14, 0.21354, 0.14062, 7.882743E-01,0
22,14, 0.22396, 0.14062, 7.818858E-01,0
23,14, 0.23438, 0.14062, 7.753024E-01,0
24,14, 0.24479, 0.14062, 7.686322E-01,0
25,14, 0.25521, 0.14062, 7.619646E-01,0
26,14, 0.26562, 0.14062, 7.553817E-01,0
27,14, 0.27604, 0.14062, 7.489756E-01,0
28,14, 0.28646, 0.14062, 7.428651E-01,0
29,14, 0.29688, 0.14062, 7.372202E-01,0
30,14, 0.30729, 0.14062, 7.323130E-01,0
31,14, 0.31771, 0.14062, 7.286006E-01,0
32,14, 0.32812, 0.14062, 7.266356E-01,0
33,14, 0.33854, 0.14062, 7.263119E-01,1
34,14, 0.34896, 0.14062, 7.257165E-01,1
35,14, 0.35938, 0.14062, 7.187244E-01,0
36,14, 0.36979, 0.14062, 7.130744E-01,0
37,14, 0.38021, 0.14062, 7.083229E-01,0
38,14, 0.39062, 0.14062, 7.004231E-01,0
39,14, 0.40104, 0.14062, 6.932458E-01,0
40,14, 0.41146, 0.14062, 6.876877E-01,0
41,14, 0.42188, 0.14062, 6.830983E-01,0
42,14, 0.43229, 0.14062, 6.789365E-01,0
43,14, 0.44271, 0.14062, 6.750058E-01,0
44,14, 0.45312, 0.14062, 6.714652E-01,0
45,14, 0.46354, 0.14062, 6.680703E-01,0
46,14, 0.47396, 0.14062, 6.596389E-01,0
47,14, 0.48438, 0.14062, 6.437843E-01,0
48,14, 0.49479, 0.14062, 6.172258E-01,0
49,14, 0.50521, 0.14062, 5.986459E-01,0
50,14, 0.51562, 0.14062, 5.597078E-01,0
51,14, 0.52604, 0.14062, 5.196210E-01,1
52,14, 0.53646, 0.14062, 5.195999E-01,1
53,14, 0.54688, 0.14062, 5.139371E-01,0
54,14, 0.55729, 0.14062, 4.993347E-01,0
55,14, 0.56771, 0.14062, 4.826503E-01,0
56,14, 0.57812, 0.14062, 4.666290E-01,0
57,14, 0.58854, 0.14062, 4.515135E-01,0
58,14, 0.59896, 0.14062, 4.371135E-01,0
59,14, 0.60938, 0.14062, 4.232657E-01,0
60,14, 0.61979, 0.14062, 4.098169E-01,0
61,14, 0.63021, 0.14062, 3.966423E-01,0
62,14, 0.64062, 0.14062, 3.836462E-01,0
63,14, 0.65104, 0.14062, 3.707573E-01,0
64,14, 0.66146, 0.14062, 3.579234E-01,0
65,14, 0.67188, 0.14062, 3.451073E-01,0
66,14, 0.68229, 0.14062, 3.322839E-01,0
67,14, 0.69271, 0.14062, 3.194382E-01,0
68,14, 0.70312, 0.14062, 3.065645E-01,0
69,14, 0.71354, 0.14062, 2.936656E-01,0
70,14, 0.72396, 0.14062, 2.807523E-01,0
71,14, 0.73438, 0.14062, 2.678425E-01,0
72,14, 0.74479, 0.14062, 2.549596E-01,0
73,14, 0.75521, 0.14062, 2.421312E-01,0
74,14, 0.76562, 0.14062, 2.293876E-01,0
75,14, 0.77604, 0.14062, 2.167595E-01,0
76,14, 0.78646, 0.14062, 2.042769E-01,0
77,14, 0.79688, 0.14062, 1.919677E-01,0
78,14, 0.80729, 0.14062, 1.798561E-01,0
79,14, 0.81771, 0.14062, 1.679630E-01,0
80,14, 0.82812, 0.14062, 1.563053E-01,0
81,14, 0.83854, 0.14062, 1.448963E-01,0
82,14, 0.84896, 0.14062, 1.337464E-01,0
83,14, 0.85938, 0.14062, 1.228612E-01,0
84,14, 0.86979, 0.14062, 1.122397E-01,0
85,14, 0.88021, 0.14062, 1.018698E-01,0
86,14, 0.89062, 0.14062, 9.172395E-02,0
87,14, 0.90104, 0.14062, 8.175321E-02,0
88,14, 0.91146, 0.14062, 7.187983E-02,0
89,14, 0.92188, 0.14062, 6.199507E-02,0
90,14, 0.93229, 0.14062, 5.164203E-02,0
91,14, 0.94271, 0.14062, 4.091019E-02,0
92,14, 0.95312, 0.14062, 3.479996E-02,1
93,14, 0.96354, 0.14062, 3.478854E-02,1
94,14, 0.97396, 0.14062, 2.892351E-02,0
95,14, 0.98438, 0.14062, 1.579011E-02,0
96,14, 0.99479, 0.14062, 4.803099E-03,0
1,15, 0.00521, 0.15104, 9.915757E-01,0
2,15, 0.01562, 0.15104, 9.625575E-01,0
3,15, 0.02604, 0.15104, 9.435315E-01,0
4,15, 0.03646, 0.15104, 9.320556E-01,0
5,15, 0.04688, 0.15104, 9.266048E-01,0
6,15, 0.05729, 0.15104, 9.206193E-01,0
7,15, 0.06771, 0.15104, 9.139799E-01,0
8,15, 0.07812, 0.15104, 9.065611E-01,0
9,15, 0.08854, 0.15104, 8.973593E-01,0
10,15, 0.09896, 0.15104, 8.840454E-01,0
11,15, 0.10938, 0.15104, 8.686081E-01,0
12,15, 0.11979, 0.15104, 8.377218E-01,0
13,15, 0.13021, 0.15104, 8.161970E-01,1
14,15, 0.14062, 0.15104, 8.160164E-01,1
15,15, 0.15104, 0.15104, 8.143596E-01,1
16,15, 0.16146, 0.15104, 8.120216E-01,0
17,15, 0.17188, 0.15104, 8.094550E-01,0
18,15, 0.18229, 0.15104, 8.056299E-01,0
19,15, 0.19271, 0.15104, 8.007187E-01,0
20,15, 0.20312, 0.15104, 7.950129E-01,0
21,15, 0.21354, 0.15104, 7.887982E-01,0
22,15, 0.22396, 0.15104, 7.822692E-01,0
23,15, 0.23438, 0.15104, 7.755553E-01,0
24,15, 0.24479, 0.15104, 7.687588E-01,0
25,15, 0.25521, 0.15104, 7.619634E-01,0
26,15, 0.26562, 0.15104, 7.552457E-01,0
27,15, 0.27604, 0.15104, 7.486923E-01,0
28,15, 0.28646, 0.15104, 7.424165E-01,0
29,15, 0.29688, 0.15104, 7.365736E-01,0
30,15, 0.30729, 0.15104, 7.313808E-01,0
31,15, 0.31771, 0.15104, 7.271240E-01,0
32,15, 0.32812, 0.15104, 7.240928E-01,0
33,15, 0.33854, 0.15104, 7.225358E-01,0
34,15, 0.34896, 0.15104, 7.196559E-01,0
35,15, 0.35938, 0.15104, 7.160675E-01,1
36,15, 0.36979, 0.15104, 7.160019E-01,1
37,15, 0.38021, 0.15104, 7.159201E-01,1
38,15, 0.39062, 0.15104, 7.075047E-01,0
39,15, 0.40104, 0.15104, 6.987577E-01,0
40,15, 0.41146, 0.15104, 6.948320E-01,0
41,15, 0.42188, 0.15104, 6.925570E-01,0
42,15, 0.43229, 0.15104, 6.908064E-01,0
43,15, 0.44271, 0.15104, 6.894582E-01,0
44,15, 0.45312, 0.15104, 6.891185E-01,0
45,15, 0.46354, 0.15104, 6.910173E-01,0
46,15, 0.47396, 0.15104, 6.858853E-01,0
47,15, 0.48438, 0.15104, 6.668449E-01,0
48,15, 0.49479, 0.15104, 6.210074E-01,1
49,15, 0.50521, 0.15104, 6.209893E-01,1
50,15, 0.51562, 0.15104, 5.824047E-01,0
51,15, 0.52604, 0.15104, 5.406853E-01,0
52,15, 0.53646, 0.15104, 5.239465E-01,0
53,15, 0.54688, 0.15104, 5.113300E-01,0
54,15, 0.55729, 0.15104, 4.965074E-01,0
55,15, 0.56771, 0.15104, 4.805187E-01,0
56,15, 0.57812, 0.15104, 4.647866E-01,0
57,15, 0.58854, 0.15104, 4.497922E-01,0
58,15, 0.59896, 0.15104, 4.355025E-01,0
59,15, 0.60938, 0.15104, 4.217705E-01,0
60,15, 0.61979, 0.15104, 4.084442E-01,0
61,15, 0.63021, 0.15104, 3.953959E-01,0
62,15, 0.64062, 0.15104, 3.825254E-01,0
63,15, 0.65104, 0.15104, 3.697563E-01,0
64,15, 0.66146, 0.15104, 3.570312E-01,0
65,15, 0.67188, 0.15104, 3.443084E-01,0
66,15, 0.68229, 0.15104, 3.315591E-01,0
67,15, 0.69271, 0.15104, 3.187661E-01,0
68,15, 0.70312, 0.15104, 3.059232E-01,0
69,15, 0.71354, 0.15104, 2.930345E-01,0
70,15, 0.72396, 0.15104, 2.801135E-01,0
71,15, 0.73438, 0.15104, 2.671822E-01,0
72,15, 0.74479, 0.15104, 2.542692E-01,0
73,15, 0.75521, 0.15104, 2.414084E-01,0
74,15, 0.76562, 0.15104, 2.286360E-01,0
75,15, 0.77604, 0.15104, 2.159890E-01,0
76,15, 0.78646, 0.15104, 2.035028E-01,0
77,15, 0.79688, 0.15104, 1.912091E-01,0
78,15, 0.80729, 0.15104, 1.791352E-01,0
79,15, 0.81771, 0.15104, 1.673025E-01,0
80,15, 0.82812, 0.15104, 1.557265E-01,0
81,15, 0.83854, 0.15104, 1.444170E-01,0
82,15, 0.84896, 0.15104, 1.333782E-01,0
83,15, 0.85938, 0.15104, 1.226092E-01,0
84,15, 0.86979, 0.15104, 1.121021E-01,0
85,15, 0.88021, 0.15104, 1.018406E-01,0
86,15, 0.89062, 0.15104, 9.179694E-02,0
87,15, 0.90104, 0.15104, 8.192842E-02,0
88,15, 0.91146, 0.15104, 7.217517E-02,0
89,15, 0.92188, 0.15104, 6.246548E-02,0
90,15, 0.93229, 0.15104, 5.275346E-02,0
91,15, 0.94271, 0.15104, 4.351549E-02,0
92,15, 0.95312, 0.15104, 3.648993E-02,0
93,15, 0.96354, 0.15104, 3.212740E-02,0
94,15, 0.97396, 0.15104, 2.513753E-02,0
95,15, 0.98438, 0.15104, 1.429599E-02,1
96,15, 0.99479, 0.15104, 4.402633E-03,0
1,16, 0.00521, 0.16146, 9.888400E-01,0
2,16, 0.01562, 0.16146, 9.709429E-01,1
3,16, 0.02604, 0.16146, 9.593256E-01,1
4,16, 0.03646, 0.16146, 9.477162E-01,1
5,16, 0.04688, 0.16146, 9.361147E-01,1
6,16, 0.05729, 0.16146, 9.287399E-01,1
7,16, 0.06771, 0.16146, 9.224273E-01,1
8,16, 0.07812, 0.16146, 9.161237E-01,1
9,16, 0.08854, 0.16146, 9.087815E-01,1
10,16, 0.09896, 0.16146, 8.972612E-01,1
11,16, 0.10938, 0.16146, 8.914978E-01,1
12,16, 0.11979, 0.16146, 8.647734E-01,0
13,16, 0.13021, 0.16146, 8.431295E-01,0
14,16, 0.14062, 0.16146, 8.292386E-01,0
15,16, 0.15104, 0.16146, 8.220963E-01,0
16,16, 0.16146, 0.16146, 8.180915E-01,0
17,16, 0.17188, 0.16146, 8.133479E-01,0
18,16, 0.18229, 0.16146, 8.081133E-01,0
19,16, 0.19271, 0.16146, 8.023551E-01,0
20,16, 0.20312, 0.16146, 7.961369E-01,0
21,16, 0.21354, 0.16146, 7.895757E-01,0
22,16, 0.22396, 0.16146, 7.827822E-01,0
23,16, 0.23438, 0.16146, 7.758475E-01,0
24,16, 0.24479, 0.16146, 7.688489E-01,0
25,16, 0.25521, 0.16146, 7.618516E-01,0
26,16, 0.26562, 0.16146, 7.549163E-01,0
27,16, 0.27604, 0.16146, 7.481143E-01,0
28,16, 0.28646, 0.16146, 7.415391E-01,0
29,16, 0.29688, 0.16146, 7.353140E-01,0
30,16, 0.30729, 0.16146, 7.295923E-01,0
31,16, 0.31771, 0.16146, 7.245406E-01,0
32,16, 0.32812, 0.16146, 7.202814E-01,0
33,16, 0.33854, 0.16146, 7.167943E-01,0
34,16, 0.34896, 0.16146, 7.136116E-01,0
35,16, 0.35938, 0.16146, 7.111417E-01,0
36,16, 0.36979, 0.16146, 7.088278E-01,0
37,16, 0.38021, 0.16146, 7.058609E-01,0
38,16, 0.39062, 0.16146, 6.996077E-01,0
39,16, 0.40104, 0.16146, 6.960516E-01,0
40,16, 0.41146, 0.16146, 6.962947E-01,1
41,16, 0.42188, 0.16146, 6.961139E-01,1
42,16, 0.43229, 0.16146, 6.958938E-01,1
43,16, 0.44271, 0.16146, 6.956810E-01,1
44,16, 0.45312, 0.16146, 6.955163E-01,1
45,16, 0.46354, 0.16146, 6.877916E-01,0
46,16, 0.47396, 0.16146, 6.805342E-01,0
47,16, 0.48438, 0.16146, 6.678588E-01,0
48,16, 0.49479, 0.16146, 6.329037E-01,0
49,16, 0.50521, 0.16146, 6.126746E-01,0
50,16, 0.51562, 0.16146, 5.799334E-01,0
51,16, 0.52604, 0.16146, 5.491640E-01,0
52,16, 0.53646, 0.16146, 5.269524E-01,0
53,16, 0.54688, 0.16146, 5.094467E-01,0
54,16, 0.55729, 0.16146, 4.932073E-01,0
55,16, 0.56771, 0.16146, 4.773299E-01,0
56,16, 0.57812, 0.16146, 4.619849E-01,0
57,16, 0.58854, 0.16146, 4.473212E-01,0
58,16, 0.59896, 0.16146, 4.332965E-01,0
59,16, 0.60938, 0.16146, 4.197872E-01,0
60,16, 0.61979, 0.16146, 4.066587E-01,0
61,16, 0.63021, 0.16146, 3.937923E-01,0
62,16, 0.64062, 0.16146, 3.810907E-01,0
63,16, 0.65104, 0.16146, 3.684772E-01,0
64,16, 0.66146, 0.16146, 3.558921E-01,0
65,16, 0.67188, 0.16146, 3.432904E-01,0
66,16, 0.68229, 0.16146, 3.306405E-01,0
67,16, 0.69271, 0.16146, 3.179235E-01,0
68,16, 0.70312, 0.16146, 3.051327E-01,0
69,16, 0.71354, 0.16146, 2.922733E-01,0
70,16, 0.72396, 0.16146, 2.793618E-01,0
71,16, 0.73438, 0.16146, 2.664245E-01,0
72,16, 0.74479, 0.16146, 2.534959E-01,0
73,16, 0.75521, 0.16146, 2.406163E-01,0
74,16, 0.76562, 0.16146, 2.278289E-01,0
75,16, 0.77604, 0.16146, 2.151773E-01,0
76,16, 0.78646, 0.16146, 2.027022E-01,0
77,16, 0.79688, 0.16146, 1.904396E-01,0
78,16, 0.80729, 0.16146, 1.784189E-01,0
79,16, 0.81771, 0.16146, 1.666618E-01,0
80,16, 0.82812, 0.16146, 1.551817E-01,0
81,16, 0.83854, 0.16146, 1.439843E-01,0
82,16, 0.84896, 0.16146, 1.330683E-01,0
83,16, 0.85938, 0.16146, 1.224262E-01,0
84,16, 0.86979, 0.16146, 1.120446E-01,0
85,16, 0.88021, 0.16146, 1.019041E-01,0
86,16, 0.89062, 0.16146, 9.197837E-02,0
87,16, 0.90104, 0.16146, 8.223447E-02,0
88,16, 0.91146, 0.16146, 7.263705E-02,0
89,16, 0.92188, 0.16146, 6.316706E-02,0
90,16, 0.93229, 0.16146, 5.388281E-02,0
91,16, 0.94271, 0.16146, 4.508797E-02,0
92,16, 0.95312, 0.16146, 3.732410E-02,0
93,16, 0.96354, 0.16146, 3.027955E-02,0
94,16, 0.97396, 0.16146, 2.220789E-02,0
95,16, 0.98438, 0.16146, 1.226990E-02,0
96,16, 0.99479, 0.16146, 2.906395E-03,0
1,17, 0.00521, 0.17188, 9.905874E-01,0
2,17, 0.01562, 0.17188, 9.726790E-01,0
3,17, 0.02604, 0.17188, 9.584658E-01,0
4,17, 0.03646, 0.17188, 9.467829E-01,0
5,17, 0.04688, 0.17188, 9.374761E-01,0
6,17, 0.05729, 0.17188, 9.298683E-01,0
7,17, 0.06771, 0.17188, 9.227672E-01,0
8,17, 0.07812, 0.17188, 9.154343E-01,0
9,17, 0.08854, 0.17188, 9.068422E-01,0
10,17, 0.09896, 0.17188, 8.951334E-01,0
11,17, 0.10938, 0.17188, 8.836584E-01,0
12,17, 0.11979, 0.17188, 8.667133E-01,0
13,17, 0.13021, 0.17188, 8.525106E-01,0
14,17, 0.14062, 0.17188, 8.405839E-01,0
15,17, 0.15104, 0.17188, 8.314316E-01,0
16,17, 0.16146, 0.17188, 8.242308E-01,0
17,17, 0.17188, 0.17188, 8.176153E-01,0
18,17, 0.18229, 0.17188, 8.110991E-01,0
19,17, 0.19271, 0.17188, 8.044573E-01,0
20,17, 0.20312, 0.17188, 7.976205E-01,0
21,17, 0.21354, 0.17188, 7.906011E-01,0
22,17, 0.22396, 0.17188, 7.834439E-01,0
23,17, 0.23438, 0.17188, 7.761996E-01,0
24,17, 0.24479, 0.17188, 7.689152E-01,0
25,17, 0.25521, 0.17188, 7.616314E-01,0
26,17, 0.26562, 0.17188, 7.543878E-01,0
27,17, 0.27604, 0.17188, 7.472349E-01,0
28,17, 0.28646, 0.17188, 7.402427E-01,0
29,17, 0.29688, 0.17188, 7.335031E-01,0
30,17, 0.30729, 0.17188, 7.271199E-01,0
31,17, 0.31771, 0.17188, 7.211888E-01,0
32,17, 0.32812, 0.17188, 7.157598E-01,0
33,17, 0.33854, 0.17188, 7.107921E-01,0
34,17, 0.34896, 0.17188, 7.061221E-01,0
35,17, 0.35938, 0.17188, 7.016559E-01,0
36,17, 0.36979, 0.17188, 6.972307E-01,0
37,17, 0.38021, 0.17188, 6.926211E-01,0
38,17, 0.39062, 0.17188, 6.878202E-01,0
39,17, 0.40104, 0.17188, 6.836921E-01,0
40,17, 0.41146, 0.17188, 6.827162E-01,0
41,17, 0.42188, 0.17188, 6.804342E-01,0
42,17, 0.43229, 0.17188, 6.779147E-01,0
43,17, 0.44271, 0.17188, 6.750455E-01,0
44,17, 0.45312, 0.17188, 6.708757E-01,0
45,17, 0.46354, 0.17188, 6.599907E-01,0
46,17, 0.47396, 0.17188, 6.510958E-01,0
47,17, 0.48438, 0.17188, 6.385423E-01,0
48,17, 0.49479, 0.17188, 6.168979E-01,0
49,17, 0.50521, 0.17188, 5.957399E-01,0
50,17, 0.51562, 0.17188, 5.706438E-01,0
51,17, 0.52604, 0.17188, 5.457710E-01,0
52,17, 0.53646, 0.17188, 5.242147E-01,0
53,17, 0.54688, 0.17188, 5.057322E-01,0
54,17, 0.55729, 0.17188, 4.890451E-01,0
55,17, 0.56771, 0.17188, 4.733640E-01,0
56,17, 0.57812, 0.17188, 4.584428E-01,0
57,17, 0.58854, 0.17188, 4.441959E-01,0
58,17, 0.59896, 0.17188, 4.305261E-01,0
59,17, 0.60938, 0.17188, 4.173156E-01,0
60,17, 0.61979, 0.17188, 4.044456E-01,0
61,17, 0.63021, 0.17188, 3.918093E-01,0
62,17, 0.64062, 0.17188, 3.793164E-01,0
63,17, 0.65104, 0.17188, 3.668925E-01,0
64,17, 0.66146, 0.17188, 3.544777E-01,0
65,17, 0.67188, 0.17188, 3.420253E-01,0
66,17, 0.68229, 0.17188, 3.295016E-01,0
67,17, 0.69271, 0.17188, 3.168862E-01,0
68,17, 0.70312, 0.17188, 3.041718E-01,0
69,17, 0.71354, 0.17188, 2.913649E-01,0
70,17, 0.72396, 0.17188, 2.784846E-01,0
71,17, 0.73438, 0.17188, 2.655619E-01,0
72,17, 0.74479, 0.17188, 2.526375E-01,0
73,17, 0.75521, 0.17188, 2.397587E-01,0
74,17, 0.76562, 0.17188, 2.269760E-01,0
75,17, 0.77604, 0.17188, 2.143396E-01,0
76,17, 0.78646, 0.17188, 2.018959E-01,0
77,17, 0.79688, 0.17188, 1.896847E-01,0
78,17, 0.80729, 0.17188, 1.777369E-01,0
79,17, 0.81771, 0.17188, 1.660736E-01,0
80,17, 0.82812, 0.17188, 1.547055E-01,0
81,17, 0.83854, 0.17188, 1.436340E-01,0
82,17, 0.84896, 0.17188, 1.328522E-01,0
83,17, 0.85938, 0.17188, 1.223466E-01,0
84,17, 0.86979, 0.17188, 1.120989E-01,0
85,17, 0.88021, 0.17188, 1.020866E-01,0
86,17, 0.89062, 0.17188, 9.228450E-02,0
87,17, 0.90104, 0.17188, 8.266589E-02,0
88,17, 0.91146, 0.17188, 7.320857E-02,0
89,17, 0.92188, 0.17188, 6.390908E-02,0
90,17, 0.93229, 0.17188, 5.481150E-02,0
91,17, 0.94271, 0.17188, 4.603726E-02,0
92,17, 0.95312, 0.17188, 3.768970E-02,0
93,17, 0.96354, 0.17188, 2.950408E-02,0
94,17, 0.97396, 0.17188, 2.091091E-02,0
95,17, 0.98438, 0.17188, 1.188870E-02,0
96,17, 0.99479, 0.17188, 3.571322E-03,0
1,18, 0.00521, 0.18229, 9.917599E-01,0
2,18, 0.01562, 0.18229, 9.758374E-01,0
3,18, 0.02604, 0.18229, 9.617581E-01,0
4,18, 0.03646, 0.18229, 9.498367E-01,0
5,18, 0.04688, 0.18229, 9.399692E-01,0
6,18, 0.05729, 0.18229, 9.312364E-01,0
7,18, 0.06771, 0.18229, 9.228922E-01,0
8,18, 0.07812, 0.18229, 9.143704E-01,0
9,18, 0.08854, 0.18229, 9.050279E-01,0
10,18, 0.09896, 0.18229, 8.942049E-01,0
11,18, 0.10938, 0.18229, 8.825907E-01,0
12,18, 0.11979, 0.18229, 8.699662E-01,0
13,18, 0.13021, 0.18229, 8.581267E-01,0
14,18, 0.14062, 0.18229, 8.473355E-01,0
15,18, 0.15104, 0.18229, 8.378509E-01,0
16,18, 0.16146, 0.18229, 8.294801E-01,0
17,18, 0.17188, 0.18229, 8.217301E-01,0
18,18, 0.18229, 0.18229, 8.142485E-01,0
19,18, 0.19271, 0.18229, 8.068281E-01,0
20,18, 0.20312, 0.18229, 7.993697E-01,0
21,18, 0.21354, 0.18229, 7.918426E-01,0
22,18, 0.22396, 0.18229, 7.842531E-01,0
23,18, 0.23438, 0.18229, 7.766214E-01,0
24,18, 0.24479, 0.18229, 7.689684E-01,0
25,18, 0.25521, 0.18229, 7.613116E-01,0
26,18, 0.26562, 0.18229, 7.536697E-01,0
27,18, 0.27604, 0.18229, 7.460735E-01,0
28,18, 0.28646, 0.18229, 7.385735E-01,0
29,18, 0.29688, 0.18229, 7.312380E-01,0
30,18, 0.30729, 0.18229, 7.241397E-01,0
31,18, 0.31771, 0.18229, 7.173364E-01,0
32,18, 0.32812, 0.18229, 7.108475E-01,0
33,18, 0.33854, 0.18229, 7.046347E-01,0
34,18, 0.34896, 0.18229, 6.986022E-01,0
35,18, 0.35938, 0.18229, 6.926447E-01,0
36,18, 0.36979, 0.18229, 6.866656E-01,0
37,18, 0.38021, 0.18229, 6.805910E-01,0
38,18, 0.39062, 0.18229, 6.744951E-01,0
39,18, 0.40104, 0.18229, 6.685823E-01,0
40,18, 0.41146, 0.18229, 6.633941E-01,0
41,18, 0.42188, 0.18229, 6.582079E-01,0
42,18, 0.43229, 0.18229, 6.529049E-01,0
43,18, 0.44271, 0.18229, 6.472143E-01,0
44,18, 0.45312, 0.18229, 6.406082E-01,0
45,18, 0.46354, 0.18229, 6.320774E-01,0
46,18, 0.47396, 0.18229, 6.226334E-01,0
47,18, 0.48438, 0.18229, 6.107208E-01,0
48,18, 0.49479, 0.18229, 5.947992E-01,0
49,18, 0.50521, 0.18229, 5.770732E-01,0
50,18, 0.51562, 0.18229, 5.572036E-01,0
51,18, 0.52604, 0.18229, 5.368324E-01,0
52,18, 0.53646, 0.18229, 5.176007E-01,0
53,18, 0.54688, 0.18229, 5.000232E-01,0
54,18, 0.55729, 0.18229, 4.838381E-01,0
55,18, 0.56771, 0.18229, 4.686653E-01,0
56,18, 0.57812, 0.18229, 4.542649E-01,0
57,18, 0.58854, 0.18229, 4.404923E-01,0
58,18, 0.59896, 0.18229, 4.272302E-01,0
59,18, 0.60938, 0.18229, 4.143671E-01,0
60,18, 0.61979, 0.18229, 4.017985E-01,0
61,18, 0.63021, 0.18229, 3.894298E-01,0
62,18, 0.64062, 0.18229, 3.771785E-01,0
63,18, 0.65104, 0.18229, 3.649742E-01,0
64,18, 0.66146, 0.18229, 3.527579E-01,0
65,18, 0.67188, 0.18229, 3.404824E-01,0
66,18, 0.68229, 0.18229, 3.281126E-01,0
67,18, 0.69271, 0.18229, 3.156266E-01,0
68,18, 0.70312, 0.18229, 3.030166E-01,0
69,18, 0.71354, 0.18229, 2.902899E-01,0
70,18, 0.72396, 0.18229, 2.774684E-01,0
71,18, 0.73438, 0.18229, 2.645876E-01,0
72,18, 0.74479, 0.18229, 2.516944E-01,0
73,18, 0.75521, 0.18229, 2.388433E-01,0
74,18, 0.76562, 0.18229, 2.260924E-01,0
75,18, 0.77604, 0.18229, 2.134986E-01,0
76,18, 0.78646, 0.18229, 2.011135E-01,0
77,18, 0.79688, 0.18229, 1.889797E-01,0
78,18, 0.80729, 0.18229, 1.771289E-01,0
79,18, 0.81771, 0.18229, 1.655807E-01,0
80,18, 0.82812, 0.18229, 1.543424E-01,0
81,18, 0.83854, 0.18229, 1.434105E-01,0
82,18, 0.84896, 0.18229, 1.327728E-01,0
83,18, 0.85938, 0.18229, 1.224101E-01,0
84,18, 0.86979, 0.18229, 1.122997E-01,0
85,18, 0.88021, 0.18229, 1.024161E-01,0
86,18, 0.89062, 0.18229, 9.273331E-02,0
87,18, 0.90104, 0.18229, 8.322663E-02,0
88,18, 0.91146, 0.18229, 7.387673E-02,0
89,18, 0.92188, 0.18229, 6.467688E-02,0
90,18, 0.93229, 0.18229, 5.564135E-02,0
91,18, 0.94271, 0.18229, 4.680046E-02,0
92,18, 0.95312, 0.18229, 3.814671E-02,0
93,18, 0.96354, 0.18229, 2.954945E-02,0
94,18, 0.97396, 0.18229, 2.086046E-02,0
95,18, 0.98438, 0.18229, 1.219829E-02,0
96,18, 0.99479, 0.18229, 3.940562E-03,0
1,19, 0.00521, 0.19271, 9.927002E-01,0
2,19, 0.01562, 0.19271, 9.784556E-01,0
3,19, 0.02604, 0.19271, 9.652613E-01,0
4,19, 0.03646, 0.19271, 9.534618E-01,0
5,19, 0.04688, 0.19271, 9.430209E-01,0
6,19, 0.05729, 0.19271, 9.334540E-01,0
7,19, 0.06771, 0.19271, 9.242791E-01,0
8,19, 0.07812, 0.19271, 9.150872E-01,0
9,19, 0.08854, 0.19271, 9.054950E-01,0
10,19, 0.09896, 0.19271, 8.952264E-01,0
11,19, 0.10938, 0.19271, 8.844432E-01,0
12,19, 0.11979, 0.19271, 8.733883E-01,0
13,19, 0.13021, 0.19271, 8.626229E-01,0
14,19, 0.14062, 0.19271, 8.524036E-01,0
15,19, 0.15104, 0.19271, 8.428758E-01,0
16,19, 0.16146, 0.19271, 8.339951E-01,0
17,19, 0.17188, 0.19271, 8.255672E-01,0
18,19, 0.18229, 0.19271, 8.173946E-01,0
19,19, 0.19271, 0.19271, 8.093337E-01,0
20,19, 0.20312, 0.19271, 8.013001E-01,0
21,19, 0.21354, 0.19271, 7.932555E-01,0
22,19, 0.22396, 0.19271, 7.851905E-01,0
23,19, 0.23438, 0.19271, 7.771080E-01,0
24,19, 0.24479, 0.19271, 7.690114E-01,0
25,19, 0.25521, 0.19271, 7.609011E-01,0
26,19, 0.26562, 0.19271, 7.527801E-01,0
27,19, 0.27604, 0.19271, 7.446652E-01,0
28,19, 0.28646, 0.19271, 7.365943E-01,0
29,19, 0.29688, 0.19271, 7.286228E-01,0
30,19, 0.30729, 0.19271, 7.208072E-01,0
31,19, 0.31771, 0.19271, 7.131868E-01,0
32,19, 0.32812, 0.19271, 7.057690E-01,0
33,19, 0.33854, 0.19271, 6.985218E-01,0
34,19, 0.34896, 0.19271, 6.913792E-01,0
35,19, 0.35938, 0.19271, 6.842639E-01,0
36,19, 0.36979, 0.19271, 6.771105E-01,0
37,19, 0.38021, 0.19271, 6.698870E-01,0
38,19, 0.39062, 0.19271, 6.626337E-01,0
39,19, 0.40104, 0.19271, 6.554368E-01,0
40,19, 0.41146, 0.19271, 6.484458E-01,0
41,19, 0.42188, 0.19271, 6.415116E-01,0
42,19, 0.43229, 0.19271, 6.344711E-01,0
43,19, 0.44271, 0.19271, 6.271042E-01,0
44,19, 0.45312, 0.19271, 6.191252E-01,0
45,19, 0.46354, 0.19271, 6.101991E-01,0
46,19, 0.47396, 0.19271, 6.002561E-01,0
47,19, 0.48438, 0.19271, 5.887198E-01,0
48,19, 0.49479, 0.19271, 5.751058E-01,0
49,19, 0.50521, 0.19271, 5.599014E-01,0
50,19, 0.51562, 0.19271, 5.433012E-01,0
51,19, 0.52604, 0.19271, 5.260847E-01,0
52,19, 0.53646, 0.19271, 5.091486E-01,0
53,19, 0.54688, 0.19271, 4.930128E-01,0
54,19, 0.55729, 0.19271, 4.777723E-01,0
55,19, 0.56771, 0.19271, 4.633208E-01,0
56,19, 0.57812, 0.19271, 4.495238E-01,0
57,19, 0.58854, 0.19271, 4.362647E-01,0
58,19, 0.59896, 0.19271, 4.234399E-01,0
59,19, 0.60938, 0.19271, 4.109528E-01,0
60,19, 0.61979, 0.19271, 3.987132E-01,0
61,19, 0.63021, 0.19271, 3.866384E-01,0
62,19, 0.64062, 0.19271, 3.746538E-01,0
63,19, 0.65104, 0.19271, 3.626938E-01,0
64,19, 0.66146, 0.19271, 3.507013E-01,0
65,19, 0.67188, 0.19271, 3.386292E-01,0
66,19, 0.68229, 0.19271, 3.264413E-01,0
67,19, 0.69271, 0.19271, 3.141147E-01,0
68,19, 0.70312, 0.19271, 3.016408E-01,0
69,19, 0.71354, 0.19271, 2.890275E-01,0
70,19, 0.72396, 0.19271, 2.762991E-01,0
71,19, 0.73438, 0.19271, 2.634955E-01,0
72,19, 0.74479, 0.19271, 2.506694E-01,0
73,19, 0.75521, 0.19271, 2.378827E-01,0
74,19, 0.76562, 0.19271, 2.252004E-01,0
75,19, 0.77604, 0.19271, 2.126856E-01,0
76,19, 0.78646, 0.19271, 2.003940E-01,0
77,19, 0.79688, 0.19271, 1.883702E-01,0
78,19, 0.80729, 0.19271, 1.766452E-01,0
79,19, 0.81771, 0.19271, 1.652360E-01,0
80,19, 0.82812, 0.19271, 1.541458E-01,0
81,19, 0.83854, 0.19271, 1.433661E-01,0
82,19, 0.84896, 0.19271, 1.328792E-01,0
83,19, 0.85938, 0.19271, 1.226615E-01,0
84,19, 0.86979, 0.19271, 1.126860E-01,0
85,19, 0.88021, 0.19271, 1.029245E-01,0
86,19, 0.89062, 0.19271, 9.334935E-02,0
87,19, 0.90104, 0.19271, 8.393509E-02,0
88,19, 0.91146, 0.19271, 7.466066E-02,0
89,19, 0.92188, 0.19271, 6.551238E-02,0
90,19, 0.93229, 0.19271, 5.648519E-02,0
91,19, 0.94271, 0.19271, 4.757588E-02,0
92,19, 0.95312, 0.19271, 3.876295E-02,0
93,19, 0.96354, 0.19271, 2.999490E-02,0
94,19, 0.97396, 0.19271, 2.124703E-02,0
95,19, 0.98438, 0.19271, 1.259727E-02,0
96,19, 0.99479, 0.19271, 4.154364E-03,0
1,20, 0.00521, 0.20312, 9.934113E-01,0
2,20, 0.01562, 0.20312, 9.804545E-01,0
3,20, 0.02604, 0.20312, 9.681227E-01,0
4,20, 0.03646, 0.20312, 9.566513E-01,0
5,20, 0.04688, 0.20312, 9.460452E-01,0
6,20, 0.05729, 0.20312, 9.360782E-01,0
7,20, 0.06771, 0.20312, 9.264670E-01,0
8,20, 0.07812, 0.20312, 9.169437E-01,0
9,20, 0.08854, 0.20312, 9.072758E-01,0
10,20, 0.09896, 0.20312, 8.973177E-01,0
11,20, 0.10938, 0.20312, 8.871036E-01,0
12,20, 0.11979, 0.20312, 8.767839E-01,0
13,20, 0.13021, 0.20312, 8.665894E-01,0
14,20, 0.14062, 0.20312, 8.566838E-01,0
15,20, 0.15104, 0.20312, 8.471576E-01,0
16,20, 0.16146, 0.20312, 8.380062E-01,0
17,20, 0.17188, 0.20312, 8.291462E-01,0
18,20, 0.18229, 0.20312, 8.204704E-01,0
19,20, 0.19271, 0.20312, 8.118874E-01,0
20,20, 0.20312, 0.20312, 8.033359E-01,0
21,20, 0.21354, 0.20312, 7.947834E-01,0
22,20, 0.22396, 0.20312, 7.862179E-01,0
23,20, 0.23438, 0.20312, 7.776364E-01,0
24,20, 0.24479, 0.20312, 7.690340E-01,0
25,20, 0.25521, 0.20312, 7.604027E-01,0
26,20, 0.26562, 0.20312, 7.517377E-01,0
27,20, 0.27604, 0.20312, 7.430496E-01,0
28,20, 0.28646, 0.20312, 7.343718E-01,0
29,20, 0.29688, 0.20312, 7.257555E-01,0
30,20, 0.30729, 0.20312, 7.172503E-01,0
31,20, 0.31771, 0.20312, 7.088874E-01,0
32,20, 0.32812, 0.20312, 7.006699E-01,0
33,20, 0.33854, 0.20312, 6.925720E-01,0
34,20, 0.34896, 0.20312, 6.845459E-01,0
35,20, 0.35938, 0.20312, 6.765370E-01,0
36,20, 0.36979, 0.20312, 6.685011E-01,0
37,20, 0.38021, 0.20312, 6.604196E-01,0
38,20, 0.39062, 0.20312, 6.523103E-01,0
39,20, 0.40104, 0.20312, 6.442109E-01,0
40,20, 0.41146, 0.20312, 6.361602E-01,0
41,20, 0.42188, 0.20312, 6.280991E-01,0
42,20, 0.43229, 0.20312, 6.199130E-01,0
43,20, 0.44271, 0.20312, 6.114504E-01,0
44,20, 0.45312, 0.20312, 6.025377E-01,0
45,20, 0.46354, 0.20312, 5.929931E-01,0
46,20, 0.47396, 0.20312, 5.826611E-01,0
47,20, 0.48438, 0.20312, 5.712885E-01,0
48,20, 0.49479, 0.20312, 5.586964E-01,0
49,20, 0.50521, 0.20312, 5.450012E-01,0
50,20, 0.51562, 0.20312, 5.303838E-01,0
51,20, 0.52604, 0.20312, 5.152558E-01,0
52,20, 0.53646, 0.20312, 5.001191E-01,0
53,20, 0.54688, 0.20312, 4.853518E-01,0
54,20, 0.55729, 0.20312, 4.711235E-01,0
55,20, 0.56771, 0.20312, 4.574516E-01,0
56,20, 0.57812, 0.20312, 4.442855E-01,0
57,20, 0.58854, 0.20312, 4.315532E-01,0
58,20, 0.59896, 0.20312, 4.191769E-01,0
59,20, 0.60938, 0.20312, 4.070789E-01,0
60,20, 0.61979, 0.20312, 3.951835E-01,0
61,20, 0.63021, 0.20312, 3.834192E-01,0
62,20, 0.64062, 0.20312, 3.717193E-01,0
63,20, 0.65104, 0.20312, 3.600232E-01,0
64,20, 0.66146, 0.20312, 3.482764E-01,0
65,20, 0.67188, 0.20312, 3.364325E-01,0
66,20, 0.68229, 0.20312, 3.244550E-01,0
67,20, 0.69271, 0.20312, 3.123197E-01,0
68,20, 0.70312, 0.20312, 3.000176E-01,0
69,20, 0.71354, 0.20312, 2.875568E-01,0
70,20, 0.72396, 0.20312, 2.749637E-01,0
71,20, 0.73438, 0.20312, 2.622821E-01,0
72,20, 0.74479, 0.20312, 2.495701E-01,0
73,20, 0.75521, 0.20312, 2.368957E-01,0
74,20, 0.76562, 0.20312, 2.243300E-01,0
75,20, 0.77604, 0.20312, 2.119409E-01,0
76,20, 0.78646, 0.20312, 1.997865E-01,0
77,20, 0.79688, 0.20312, 1.879118E-01,0
78,20, 0.80729, 0.20312, 1.763456E-01,0
79,20, 0.81771, 0.20312, 1.651012E-01,0
80,20, 0.82812, 0.20312, 1.541769E-01,0
81,20, 0.83854, 0.20312, 1.435593E-01,0
82,20, 0.84896, 0.20312, 1.332261E-01,0
83,20, 0.85938, 0.20312, 1.231498E-01,0
84,20, 0.86979, 0.20312, 1.133005E-01,0
85,20, 0.88021, 0.20312, 1.036479E-01,0
86,20, 0.89062, 0.20312, 9.416287E-02,0
87,20, 0.90104, 0.20312, 8.481850E-02,0
88,20, 0.91146, 0.20312, 7.559109E-02,0
89,20, 0.92188, 0.20312, 6.646150E-02,0
90,20, 0.93229, 0.20312, 5.741502E-02,0
91,20, 0.94271, 0.20312, 4.843835E-02,0
92,20, 0.95312, 0.20312, 3.951425E-02,0
93,20, 0.96354, 0.20312, 3.062421E-02,0
94,20, 0.97396, 0.20312, 2.177080E-02,0
95,20, 0.98438, 0.20312, 1.299112E-02,0
96,20, 0.99479, 0.20312, 4.312634E-03,0
1,21, 0.00521, 0.21354, 9.939400E-01,0
2,21, 0.01562, 0.21354, 9.819564E-01,0
3,21, 0.02604, 0.21354, 9.703536E-01,0
4,21, 0.03646, 0.21354, 9.592841E-01,0
5,21, 0.04688, 0.21354, 9.487699E-01,0
6,21, 0.05729, 0.21354, 9.387088E-01,0
7,21, 0.06771, 0.21354, 9.289426E-01,0
8,21, 0.07812, 0.21354, 9.193055E-01,0
9,21, 0.08854, 0.21354, 9.096528E-01,0
10,21, 0.09896, 0.21354, 8.998927E-01,0
11,21, 0.10938, 0.21354, 8.900184E-01,0
12,21, 0.11979, 0.21354, 8.800947E-01,0
13,21, 0.13021, 0.21354, 8.702251E-01,0
14,21, 0.14062, 0.21354, 8.605006E-01,0
15,21, 0.15104, 0.21354, 8.509751E-01,0
16,21, 0.16146, 0.21354, 8.416524E-01,0
17,21, 0.17188, 0.21354, 8.324919E-01,0
18,21, 0.18229, 0.21354, 8.234324E-01,0
19,21, 0.19271, 0.21354, 8.144150E-01,0
20,21, 0.20312, 0.21354, 8.053969E-01,0
21,21, 0.21354, 0.21354, 7.963540E-01,0
22,21, 0.22396, 0.21354, 7.872774E-01,0
23,21, 0.23438, 0.21354, 7.781646E-01,0
24,21, 0.24479, 0.21354, 7.690112E-01,0
25,21, 0.25521, 0.21354, 7.598096E-01,0
26,21, 0.26562, 0.21354, 7.505562E-01,0
27,21, 0.27604, 0.21354, 7.412642E-01,0
28,21, 0.28646, 0.21354, 7.319698E-01,0
29,21, 0.29688, 0.21354, 7.227244E-01,0
30,21, 0.30729, 0.21354, 7.135751E-01,0
31,21, 0.31771, 0.21354, 7.045489E-01,0
32,21, 0.32812, 0.21354, 6.956477E-01,0
33,21, 0.33854, 0.21354, 6.868497E-01,0
34,21, 0.34896, 0.21354, 6.781181E-01,0
35,21, 0.35938, 0.21354, 6.694118E-01,0
36,21, 0.36979, 0.21354, 6.606980E-01,0
37,21, 0.38021, 0.21354, 6.519598E-01,0
38,21, 0.39062, 0.21354, 6.431986E-01,0
39,21, 0.40104, 0.21354, 6.344225E-01,0
40,21, 0.41146, 0.21354, 6.256297E-01,0
41,21, 0.42188, 0.21354, 6.167768E-01,0
42,21, 0.43229, 0.21354, 6.077844E-01,0
43,21, 0.44271, 0.21354, 5.985507E-01,0
44,21, 0.45312, 0.21354, 5.889642E-01,0
45,21, 0.46354, 0.21354, 5.789116E-01,0
46,21, 0.47396, 0.21354, 5.682830E-01,0
47,21, 0.48438, 0.21354, 5.569598E-01,0
48,21, 0.49479, 0.21354, 5.448720E-01,0
49,21, 0.50521, 0.21354, 5.320639E-01,0
50,21, 0.51562, 0.21354, 5.186608E-01,0
51,21, 0.52604, 0.21354, 5.048979E-01,0
52,21, 0.53646, 0.21354, 4.910658E-01,0
53,21, 0.54688, 0.21354, 4.774144E-01,0
54,21, 0.55729, 0.21354, 4.640938E-01,0
55,21, 0.56771, 0.21354, 4.511586E-01,0
56,21, 0.57812, 0.21354, 4.386020E-01,0
57,21, 0.58854, 0.21354, 4.263848E-01,0
58,21, 0.59896, 0.21354, 4.144529E-01,0
59,21, 0.60938, 0.21354, 4.027454E-01,0
60,21, 0.61979, 0.21354, 3.912000E-01,0
61,21, 0.63021, 0.21354, 3.797553E-01,0
62,21, 0.64062, 0.21354, 3.683523E-01,0
63,21, 0.65104, 0.21354, 3.569354E-01,0
64,21, 0.66146, 0.21354, 3.454535E-01,0
65,21, 0.67188, 0.21354, 3.338614E-01,0
66,21, 0.68229, 0.21354, 3.221228E-01,0
67,21, 0.69271, 0.21354, 3.102129E-01,0
68,21, 0.70312, 0.21354, 2.981222E-01,0
69,21, 0.71354, 0.21354, 2.858593E-01,0
70,21, 0.72396, 0.21354, 2.734521E-01,0
71,21, 0.73438, 0.21354, 2.609478E-01,0
72,21, 0.74479, 0.21354, 2.484090E-01,0
73,21, 0.75521, 0.21354, 2.359079E-01,0
74,21, 0.76562, 0.21354, 2.235195E-01,0
75,21, 0.77604, 0.21354, 2.113137E-01,0
76,21, 0.78646, 0.21354, 1.993490E-01,0
77,21, 0.79688, 0.21354, 1.876682E-01,0
78,21, 0.80729, 0.21354, 1.762969E-01,0
79,21, 0.81771, 0.21354, 1.652434E-01,0
80,21, 0.82812, 0.21354, 1.545011E-01,0
81,21, 0.83854, 0.21354, 1.440521E-01,0
82,21, 0.84896, 0.21354, 1.338703E-01,0
83,21, 0.85938, 0.21354, 1.239259E-01,0
84,21, 0.86979, 0.21354, 1.141875E-01,0
85,21, 0.88021, 0.21354, 1.046243E-01,0
86,21, 0.89062, 0.21354, 9.520685E-02,0
87,21, 0.90104, 0.21354, 8.590720E-02,0
88,21, 0.91146, 0.21354, 7.669975E-02,0
89,21, 0.92188, 0.21354, 6.756181E-02,0
90,21, 0.93229, 0.21354, 5.847392E-02,0
91,21, 0.94271, 0.21354, 4.941949E-02,0
92,21, 0.95312, 0.21354, 4.038465E-02,0
93,21, 0.96354, 0.21354, 3.136149E-02,0
94,21, 0.97396, 0.21354, 2.235535E-02,0
95,21, 0.98438, 0.21354, 1.338356E-02,0
96,21, 0.99479, 0.21354, 4.454325E-03,0
1,22, 0.00521, 0.22396, 9.943395E-01,0
2,22, 0.01562, 0.22396, 9.831034E-01,0
3,22, 0.02604, 0.22396, 9.721042E-01,0
4,22, 0.03646, 0.22396, 9.614413E-01,0
5,22, 0.04688, 0.22396, 9.511408E-01,0
6,22, 0.05729, 0.22396, 9.411583E-01,0
7,22, 0.06771, 0.22396, 9.314070E-01,0
8,22, 0.07812, 0.22396, 9.217866E-01,0
9,22, 0.08854, 0.22396, 9.122047E-01,0
10,22, 0.09896, 0.22396, 9.025969E-01,0
11,22, 0.10938, 0.22396, 8.929411E-01,0
12,22, 0.11979, 0.22396, 8.832555E-01,0
13,22, 0.13021, 0.22396, 8.735825E-01,0
14,22, 0.14062, 0.22396, 8.639660E-01,0
15,22, 0.15104, 0.22396, 8.544332E-01,0
16,22, 0.16146, 0.22396, 8.449850E-01,0
17,22, 0.17188, 0.22396, 8.355963E-01,0
18,22, 0.18229, 0.22396, 8.262271E-01,0
19,22, 0.19271, 0.22396, 8.168368E-01,0
20,22, 0.20312, 0.22396, 8.073942E-01,0
21,22, 0.21354, 0.22396, 7.978820E-01,0
22,22, 0.22396, 0.22396, 7.882957E-01,0
23,22, 0.23438, 0.22396, 7.786369E-01,0
24,22, 0.24479, 0.22396, 7.689075E-01,0
25,22, 0.25521, 0.22396, 7.591087E-01,0
26,22, 0.26562, 0.22396, 7.492475E-01,0
27,22, 0.27604, 0.22396, 7.393473E-01,0
28,22, 0.28646, 0.22396, 7.294511E-01,0
29,22, 0.29688, 0.22396, 7.196121E-01,0
30,22, 0.30729, 0.22396, 7.098750E-01,0
31,22, 0.31771, 0.22396, 7.002638E-01,0
32,22, 0.32812, 0.22396, 6.907787E-01,0
33,22, 0.33854, 0.22396, 6.813999E-01,0
34,22, 0.34896, 0.22396, 6.720960E-01,0
35,22, 0.35938, 0.22396, 6.628321E-01,0
36,22, 0.36979, 0.22396, 6.535789E-01,0
37,22, 0.38021, 0.22396, 6.443163E-01,0
38,22, 0.39062, 0.22396, 6.350324E-01,0
39,22, 0.40104, 0.22396, 6.257169E-01,0
40,22, 0.41146, 0.22396, 6.163505E-01,0
41,22, 0.42188, 0.22396, 6.068942E-01,0
42,22, 0.43229, 0.22396, 5.972901E-01,0
43,22, 0.44271, 0.22396, 5.874698E-01,0
44,22, 0.45312, 0.22396, 5.773621E-01,0
45,22, 0.46354, 0.22396, 5.668989E-01,0
46,22, 0.47396, 0.22396, 5.560188E-01,0
47,22, 0.48438, 0.22396, 5.446711E-01,0
48,22, 0.49479, 0.22396, 5.328367E-01,0
49,22, 0.50521, 0.22396, 5.205513E-01,0
50,22, 0.51562, 0.22396, 5.079037E-01,0
51,22, 0.52604, 0.22396, 4.950387E-01,0
52,22, 0.53646, 0.22396, 4.821311E-01,0
53,22, 0.54688, 0.22396, 4.693405E-01,0
54,22, 0.55729, 0.22396, 4.567771E-01,0
55,22, 0.56771, 0.22396, 4.444939E-01,0
56,22, 0.57812, 0.22396, 4.324989E-01,0
57,22, 0.58854, 0.22396, 4.207699E-01,0
58,22, 0.59896, 0.22396, 4.092681E-01,0
59,22, 0.60938, 0.22396, 3.979455E-01,0
60,22, 0.61979, 0.22396, 3.867502E-01,0
61,22, 0.63021, 0.22396, 3.756297E-01,0
62,22, 0.64062, 0.22396, 3.645322E-01,0
63,22, 0.65104, 0.22396, 3.534075E-01,0
64,22, 0.66146, 0.22396, 3.422082E-01,0
65,22, 0.67188, 0.22396, 3.308913E-01,0
66,22, 0.68229, 0.22396, 3.194210E-01,0
67,22, 0.69271, 0.22396, 3.077728E-01,0
68,22, 0.70312, 0.22396, 2.959371E-01,0
69,22, 0.71354, 0.22396, 2.839232E-01,0
70,22, 0.72396, 0.22396, 2.717609E-01,0
71,22, 0.73438, 0.22396, 2.594999E-01,0
72,22, 0.74479, 0.22396, 2.472055E-01,0
73,22, 0.75521, 0.22396, 2.349516E-01,0
74,22, 0.76562, 0.22396, 2.228132E-01,0
75,22, 0.77604, 0.22396, 2.108585E-01,0
76,22, 0.78646, 0.22396, 1.991431E-01,0
77,22, 0.79688, 0.22396, 1.877056E-01,0
78,22, 0.80729, 0.22396, 1.765665E-01,0
79,22, 0.81771, 0.22396, 1.657292E-01,0
80,22, 0.82812, 0.22396, 1.551824E-01,0
81,22, 0.83854, 0.22396, 1.449042E-01,0
82,22, 0.84896, 0.22396, 1.348665E-01,0
83,22, 0.85938, 0.22396, 1.250384E-01,0
84,22, 0.86979, 0.22396, 1.153896E-01,0
85,22, 0.88021, 0.22396, 1.058906E-01,0
86,22, 0.89062, 0.22396, 9.651338E-02,0
87,22, 0.90104, 0.22396, 8.723051E-02,0
88,22, 0.91146, 0.22396, 7.801558E-02,0
89,22, 0.92188, 0.22396, 6.884356E-02,0
90,22, 0.93229, 0.22396, 5.969177E-02,0
91,22, 0.94271, 0.22396, 5.054104E-02,0
92,22, 0.95312, 0.22396, 4.137735E-02,0
93,22, 0.96354, 0.22396, 3.219449E-02,0
94,22, 0.97396, 0.22396, 2.299633E-02,0
95,22, 0.98438, 0.22396, 1.379412E-02,0
96,22, 0.99479, 0.22396, 4.596813E-03,0
1,23, 0.00521, 0.23438, 9.946503E-01,0
2,23, 0.01562, 0.23438, 9.840041E-01,0
3,23, 0.02604, 0.23438, 9.735074E-01,0
4,23, 0.03646, 0.23438, 9.632260E-01,0
5,23, 0.04688, 0.23438, 9.531838E-01,0
6,23, 0.05729, 0.23438, 9.433631E-01,0
7,23, 0.06771, 0.23438, 9.337165E-01,0
8,23, 0.07812, 0.23438, 9.241831E-01,0
9,23, 0.08854, 0.23438, 9.147019E-01,0
10,23, 0.09896, 0.23438, 9.052249E-01,0
11,23, 0.10938, 0.23438, 8.957247E-01,0
12,23, 0.11979, 0.23438, 8.861959E-01,0
13,23, 0.13021, 0.23438, 8.766485E-01,0
14,23, 0.14062, 0.23438, 8.670966E-01,0
15,23, 0.15104, 0.23438, 8.575477E-01,0
16,23, 0.16146, 0.23438, 8.479956E-01,0
17,23, 0.17188, 0.23438, 8.384187E-01,0
18,23, 0.18229, 0.23438, 8.287860E-01,0
19,23, 0.19271, 0.23438, 8.190654E-01,0
20,23, 0.20312, 0.23438, 8.092327E-01,0
21,23, 0.21354, 0.23438, 7.992752E-01,0
22,23, 0.22396, 0.23438, 7.891925E-01,0
23,23, 0.23438, 0.23438, 7.789925E-01,0
24,23, 0.24479, 0.23438, 7.686873E-01,0
25,23, 0.25521, 0.23438, 7.582934E-01,0
26,23, 0.26562, 0.23438, 7.478347E-01,0
27,23, 0.27604, 0.23438, 7.373492E-01,0
28,23, 0.28646, 0.23438, 7.268881E-01,0
29,23, 0.29688, 0.23438, 7.165052E-01,0
30,23, 0.30729, 0.23438, 7.062420E-01,0
31,23, 0.31771, 0.23438, 6.961190E-01,0
32,23, 0.32812, 0.23438, 6.861340E-01,0
33,23, 0.33854, 0.23438, 6.762674E-01,0
34,23, 0.34896, 0.23438, 6.664889E-01,0
35,23, 0.35938, 0.23438, 6.567653E-01,0
36,23, 0.36979, 0.23438, 6.470661E-01,0
37,23, 0.38021, 0.23438, 6.373654E-01,0
38,23, 0.39062, 0.23438, 6.276410E-01,0
39,23, 0.40104, 0.23438, 6.178705E-01,0
40,23, 0.41146, 0.23438, 6.080261E-01,0
41,23, 0.42188, 0.23438, 5.980709E-01,0
42,23, 0.43229, 0.23438, 5.879609E-01,0
43,23, 0.44271, 0.23438, 5.776501E-01,0
44,23, 0.45312, 0.23438, 5.670962E-01,0
45,23, 0.46354, 0.23438, 5.562649E-01,0
46,23, 0.47396, 0.23438, 5.451332E-01,0
47,23, 0.48438, 0.23438, 5.336922E-01,0
48,23, 0.49479, 0.23438, 5.219544E-01,0
49,23, 0.50521, 0.23438, 5.099608E-01,0
50,23, 0.51562, 0.23438, 4.977808E-01,0
51,23, 0.52604, 0.23438, 4.855103E-01,0
52,23, 0.53646, 0.23438, 4.732579E-01,0
53,23, 0.54688, 0.23438, 4.611229E-01,0
54,23, 0.55729, 0.23438, 4.491772E-01,0
55,23, 0.56771, 0.23438, 4.374579E-01,0
56,23, 0.57812, 0.23438, 4.259709E-01,0
57,23, 0.58854, 0.23438, 4.146990E-01,0
58,23, 0.59896, 0.23438, 4.036104E-01,0
59,23, 0.60938, 0.23438, 3.926647E-01,0
60,23, 0.61979, 0.23438, 3.818181E-01,0
61,23, 0.63021, 0.23438, 3.710256E-01,0
62,23, 0.64062, 0.23438, 3.602421E-01,0
63,23, 0.65104, 0.23438, 3.494231E-01,0
64,23, 0.66146, 0.23438, 3.385255E-01,0
65,23, 0.67188, 0.23438, 3.275087E-01,0
66,23, 0.68229, 0.23438, 3.163387E-01,0
67,23, 0.69271, 0.23438, 3.049913E-01,0
68,23, 0.70312, 0.23438, 2.934580E-01,0
69,23, 0.71354, 0.23438, 2.817495E-01,0
70,23, 0.72396, 0.23438, 2.698980E-01,0
71,23, 0.73438, 0.23438, 2.579551E-01,0
72,23, 0.74479, 0.23438, 2.459865E-01,0
73,23, 0.75521, 0.23438, 2.340639E-01,0
74,23, 0.76562, 0.23438, 2.222573E-01,0
75,23, 0.77604, 0.23438, 2.106285E-01,0
76,23, 0.78646, 0.23438, 1.992263E-01,0
77,23, 0.79688, 0.23438, 1.880827E-01,0
78,23, 0.80729, 0.23438, 1.772127E-01,0
79,23, 0.81771, 0.23438, 1.666148E-01,0
80,23, 0.82812, 0.23438, 1.562739E-01,0
81,23, 0.83854, 0.23438, 1.461653E-01,0
82,23, 0.84896, 0.23438, 1.362599E-01,0
83,23, 0.85938, 0.23438, 1.265281E-01,0
84,23, 0.86979, 0.23438, 1.169425E-01,0
85,23, 0.88021, 0.23438, 1.074777E-01,0
86,23, 0.89062, 0.23438, 9.810946E-02,0
87,23, 0.90104, 0.23438, 8.881308E-02,0
88,23, 0.91146, 0.23438, 7.956271E-02,0
89,23, 0.92188, 0.23438, 7.033160E-02,0
90,23, 0.93229, 0.23438, 6.109358E-02,0
91,23, 0.94271, 0.23438, 5.182538E-02,0
92,23, 0.95312, 0.23438, 4.250956E-02,0
93,23, 0.96354, 0.23438, 3.313758E-02,0
94,23, 0.97396, 0.23438, 2.371169E-02,0
95,23, 0.98438, 0.23438, 1.424379E-02,0
96,23, 0.99479, 0.23438, 4.750654E-03,0
1,24, 0.00521, 0.24479, 9.948999E-01,0
2,24, 0.01562, 0.24479, 9.847330E-01,0
3,24, 0.02604, 0.24479, 9.746597E-01,0
4,24, 0.03646, 0.24479, 9.647236E-01,0
5,24, 0.04688, 0.24479, 9.549443E-01,0
6,24, 0.05729, 0.24479, 9.453160E-01,0
7,24, 0.06771, 0.24479, 9.358128E-01,0
8,24, 0.07812, 0.24479, 9.263965E-01,0
9,24, 0.08854, 0.24479, 9.170254E-01,0
10,24, 0.09896, 0.24479, 9.076619E-01,0
11,24, 0.10938, 0.24479, 8.982777E-01,0
12,24, 0.11979, 0.24479, 8.888556E-01,0
13,24, 0.13021, 0.24479, 8.793873E-01,0
14,24, 0.14062, 0.24479, 8.698684E-01,0
15,24, 0.15104, 0.24479, 8.602918E-01,0
16,24, 0.16146, 0.24479, 8.506429E-01,0
17,24, 0.17188, 0.24479, 8.408987E-01,0
18,24, 0.18229, 0.24479, 8.310306E-01,0
19,24, 0.19271, 0.24479, 8.210107E-01,0
20,24, 0.20312, 0.24479, 8.108183E-01,0
21,24, 0.21354, 0.24479, 8.004442E-01,0
22,24, 0.22396, 0.24479, 7.898926E-01,0
23,24, 0.23438, 0.24479, 7.791788E-01,0
24,24, 0.24479, 0.24479, 7.683282E-01,0
25,24, 0.25521, 0.24479, 7.573742E-01,0
26,24, 0.26562, 0.24479, 7.463597E-01,0
27,24, 0.27604, 0.24479, 7.353373E-01,0
28,24, 0.28646, 0.24479, 7.243650E-01,0
29,24, 0.29688, 0.24479, 7.134964E-01,0
30,24, 0.30729, 0.24479, 7.027694E-01,0
31,24, 0.31771, 0.24479, 6.922004E-01,0
32,24, 0.32812, 0.24479, 6.817845E-01,0
33,24, 0.33854, 0.24479, 6.715008E-01,0
34,24, 0.34896, 0.24479, 6.613182E-01,0
35,24, 0.35938, 0.24479, 6.512021E-01,0
36,24, 0.36979, 0.24479, 6.411183E-01,0
37,24, 0.38021, 0.24479, 6.310343E-01,0
38,24, 0.39062, 0.24479, 6.209196E-01,0
39,24, 0.40104, 0.24479, 6.107430E-01,0
40,24, 0.41146, 0.24479, 6.004711E-01,0
41,24, 0.42188, 0.24479, 5.900684E-01,0
42,24, 0.43229, 0.24479, 5.794993E-01,0
43,24, 0.44271, 0.24479, 5.687334E-01,0
44,24, 0.45312, 0.24479, 5.577498E-01,0
45,24, 0.46354, 0.24479, 5.465417E-01,0
46,24, 0.47396, 0.24479, 5.351179E-01,0
47,24, 0.48438, 0.24479, 5.235027E-01,0
48,24, 0.49479, 0.24479, 5.117349E-01,0
49,24, 0.50521, 0.24479, 4.998660E-01,0
50,24, 0.51562, 0.24479, 4.879577E-01,0
51,24, 0.52604, 0.24479, 4.760782E-01,0
52,24, 0.53646, 0.24479, 4.642952E-01,0
53,24, 0.54688, 0.24479, 4.526662E-01,0
54,24, 0.55729, 0.24479, 4.412301E-01,0
55,24, 0.56771, 0.24479, 4.300030E-01,0
56,24, 0.57812, 0.24479, 4.189802E-01,0
57,24, 0.58854, 0.24479, 4.081407E-01,0
58,24, 0.59896, 0.24479, 3.974530E-01,0
59,24, 0.60938, 0.24479, 3.868805E-01,0
60,24, 0.61979, 0.24479, 3.763849E-01,0
61,24, 0.63021, 0.24479, 3.659279E-01,0
62,24, 0.64062, 0.24479, 3.554712E-01,0
63,24, 0.65104, 0.24479, 3.449763E-01,0
64,24, 0.66146, 0.24479, 3.344042E-01,0
65,24, 0.67188, 0.24479, 3.237177E-01,0
66,24, 0.68229, 0.24479, 3.128841E-01,0
67,24, 0.69271, 0.24479, 3.018811E-01,0
68,24, 0.70312, 0.24479, 2.907016E-01,0
69,24, 0.71354, 0.24479, 2.793590E-01,0
70,24, 0.72396, 0.24479, 2.678884E-01,0
71,24, 0.73438, 0.24479, 2.563429E-01,0
72,24, 0.74479, 0.24479, 2.447860E-01,0
73,24, 0.75521, 0.24479, 2.332827E-01,0
74,24, 0.76562, 0.24479, 2.218922E-01,0
75,24, 0.77604, 0.24479, 2.106648E-01,0
76,24, 0.78646, 0.24479, 1.996386E-01,0
77,24, 0.79688, 0.24479, 1.888378E-01,0
78,24, 0.80729, 0.24479, 1.782717E-01,0
79,24, 0.81771, 0.24479, 1.679346E-01,0
80,24, 0.82812, 0.24479, 1.578083E-01,0
81,24, 0.83854, 0.24479, 1.478663E-01,0
82,24, 0.84896, 0.24479, 1.380796E-01,0
83,24, 0.85938, 0.24479, 1.284214E-01,0
84,24, 0.86979, 0.24479, 1.188694E-01,0
85,24, 0.88021, 0.24479, 1.094053E-01,0
86,24, 0.89062, 0.24479, 1.000121E-01,0
87,24, 0.90104, 0.24479, 9.067059E-02,0
88,24, 0.91146, 0.24479, 8.135750E-02,0
89,24, 0.92188, 0.24479, 7.204476E-02,0
90,24, 0.93229, 0.24479, 6.270145E-02,0
91,24, 0.94271, 0.24479, 5.329735E-02,0
92,24, 0.95312, 0.24479, 4.380769E-02,0
93,24, 0.96354, 0.24479, 3.421814E-02,0
94,24, 0.97396, 0.24479, 2.452866E-02,0
95,24, 0.98438, 0.24479, 1.475472E-02,0
96,24, 0.99479, 0.24479, 4.924753E-03,0
1,25, 0.00521, 0.25521, 9.951069E-01,0
2,25, 0.01562, 0.25521, 9.853400E-01,0
3,25, 0.02604, 0.25521, 9.756281E-01,0
4,25, 0.03646, 0.25521, 9.659990E-01,0
5,25, 0.04688, 0.25521, 9.564675E-01,0
6,25, 0.05729, 0.25521, 9.470331E-01,0
7,25, 0.06771, 0.25521, 9.376811E-01,0
8,25, 0.07812, 0.25521, 9.283867E-01,0
9,25, 0.08854, 0.25521, 9.191198E-01,0
10,25, 0.09896, 0.25521, 9.098497E-01,0
11,25, 0.10938, 0.25521, 9.005488E-01,0
12,25, 0.11979, 0.25521, 8.911943E-01,0
13,25, 0.13021, 0.25521, 8.817676E-01,0
14,25, 0.14062, 0.25521, 8.722524E-01,0
15,25, 0.15104, 0.25521, 8.626310E-01,0
16,25, 0.16146, 0.25521, 8.528817E-01,0
17,25, 0.17188, 0.25521, 8.429782E-01,0
18,25, 0.18229, 0.25521, 8.328920E-01,0
19,25, 0.19271, 0.25521, 8.225971E-01,0
20,25, 0.20312, 0.25521, 8.120753E-01,0
21,25, 0.21354, 0.25521, 8.013212E-01,0
22,25, 0.22396, 0.25521, 7.903439E-01,0
23,25, 0.23438, 0.25521, 7.791673E-01,0
24,25, 0.24479, 0.25521, 7.678294E-01,0
25,25, 0.25521, 0.25521, 7.563796E-01,0
26,25, 0.26562, 0.25521, 7.448767E-01,0
27,25, 0.27604, 0.25521, 7.333847E-01,0
28,25, 0.28646, 0.25521, 7.219665E-01,0
29,25, 0.29688, 0.25521, 7.106746E-01,0
30,25, 0.30729, 0.25521, 6.995435E-01,0
31,25, 0.31771, 0.25521, 6.885859E-01,0
32,25, 0.32812, 0.25521, 6.777947E-01,0
33,25, 0.33854, 0.25521, 6.671468E-01,0
34,25, 0.34896, 0.25521, 6.566097E-01,0
35,25, 0.35938, 0.25521, 6.461456E-01,0
36,25, 0.36979, 0.25521, 6.357156E-01,0
37,25, 0.38021, 0.25521, 6.252809E-01,0
38,25, 0.39062, 0.25521, 6.148032E-01,0
39,25, 0.40104, 0.25521, 6.042441E-01,0
40,25, 0.41146, 0.25521, 5.935652E-01,0
41,25, 0.42188, 0.25521, 5.827300E-01,0
42,25, 0.43229, 0.25521, 5.717072E-01,0
43,25, 0.44271, 0.25521, 5.604761E-01,0
44,25, 0.45312, 0.25521, 5.490323E-01,0
45,25, 0.46354, 0.25521, 5.373926E-01,0
46,25, 0.47396, 0.25521, 5.255964E-01,0
47,25, 0.48438, 0.25521, 5.137018E-01,0
48,25, 0.49479, 0.25521, 5.017772E-01,0
49,25, 0.50521, 0.25521, 4.898914E-01,0
50,25, 0.51562, 0.25521, 4.781068E-01,0
51,25, 0.52604, 0.25521, 4.664754E-01,0
52,25, 0.53646, 0.25521, 4.550362E-01,0
53,25, 0.54688, 0.25521, 4.438137E-01,0
54,25, 0.55729, 0.25521, 4.328165E-01,0
55,25, 0.56771, 0.25521, 4.220374E-01,0
56,25, 0.57812, 0.25521, 4.114553E-01,0
57,25, 0.58854, 0.25521, 4.010391E-01,0
58,25, 0.59896, 0.25521, 3.907527E-01,0
59,25, 0.60938, 0.25521, 3.805601E-01,0
60,25, 0.61979, 0.25521, 3.704274E-01,0
61,25, 0.63021, 0.25521, 3.603230E-01,0
62,25, 0.64062, 0.25521, 3.502158E-01,0
63,25, 0.65104, 0.25521, 3.400731E-01,0
64,25, 0.66146, 0.25521, 3.298605E-01,0
65,25, 0.67188, 0.25521, 3.195432E-01,0
66,25, 0.68229, 0.25521, 3.090903E-01,0
67,25, 0.69271, 0.25521, 2.984810E-01,0
68,25, 0.70312, 0.25521, 2.877108E-01,0
69,25, 0.71354, 0.25521, 2.767966E-01,0
70,25, 0.72396, 0.25521, 2.657770E-01,0
71,25, 0.73438, 0.25521, 2.547062E-01,0
72,25, 0.74479, 0.25521, 2.436430E-01,0
73,25, 0.75521, 0.25521, 2.326409E-01,0
74,25, 0.76562, 0.25521, 2.217433E-01,0
75,25, 0.77604, 0.25521, 2.109845E-01,0
76,25, 0.78646, 0.25521, 2.003899E-01,0
77,25, 0.79688, 0.25521, 1.899754E-01,0
78,25, 0.80729, 0.25521, 1.797449E-01,0
79,25, 0.81771, 0.25521, 1.696894E-01,0
80,25, 0.82812, 0.25521, 1.597877E-01,0
81,25, 0.83854, 0.25521, 1.500116E-01,0
82,25, 0.84896, 0.25521, 1.403321E-01,0
83,25, 0.85938, 0.25521, 1.307253E-01,0
84,25, 0.86979, 0.25521, 1.211762E-01,0
85,25, 0.88021, 0.25521, 1.116770E-01,0
86,25, 0.89062, 0.25521, 1.022225E-01,0
87,25, 0.90104, 0.25521, 9.280378E-02,0
88,25, 0.91146, 0.25521, 8.340322E-02,0
89,25, 0.92188, 0.25521, 7.399215E-02,0
90,25, 0.93229, 0.25521, 6.453264E-02,0
91,25, 0.94271, 0.25521, 5.498294E-02,0
92,25, 0.95312, 0.25521, 4.530507E-02,0
93,25, 0.96354, 0.25521, 3.547342E-02,0
94,25, 0.97396, 0.25521, 2.548274E-02,0
95,25, 0.98438, 0.25521, 1.535315E-02,0
96,25, 0.99479, 0.25521, 5.128898E-03,0
1,26, 0.00521, 0.26562, 9.952841E-01,0
2,26, 0.01562, 0.26562, 9.858600E-01,0
3,26, 0.02604, 0.26562, 9.764603E-01,0
4,26, 0.03646, 0.26562, 9.671010E-01,0
5,26, 0.04688, 0.26562, 9.577931E-01,0
6,26, 0.05729, 0.26562, 9.485384E-01,0
7,26, 0.06771, 0.26562, 9.393283E-01,0
8,26, 0.07812, 0.26562, 9.301452E-01,0
9,26, 0.08854, 0.26562, 9.209662E-01,0
10,26, 0.09896, 0.26562, 9.117655E-01,0
11,26, 0.10938, 0.26562, 9.025168E-01,0
12,26, 0.11979, 0.26562, 8.931947E-01,0
13,26, 0.13021, 0.26562, 8.837750E-01,0
14,26, 0.14062, 0.26562, 8.742340E-01,0
15,26, 0.15104, 0.26562, 8.645471E-01,0
16,26, 0.16146, 0.26562, 8.546871E-01,0
17,26, 0.17188, 0.26562, 8.446250E-01,0
18,26, 0.18229, 0.26562, 8.343321E-01,0
19,26, 0.19271, 0.26562, 8.237841E-01,0
20,26, 0.20312, 0.26562, 8.129659E-01,0
21,26, 0.21354, 0.26562, 8.018763E-01,0
22,26, 0.22396, 0.26562, 7.905299E-01,0
23,26, 0.23438, 0.26562, 7.789587E-01,0
24,26, 0.24479, 0.26562, 7.672110E-01,0
25,26, 0.25521, 0.26562, 7.553481E-01,0
26,26, 0.26562, 0.26562, 7.434393E-01,0
27,26, 0.27604, 0.26562, 7.315557E-01,0
28,26, 0.28646, 0.26562, 7.197624E-01,0
29,26, 0.29688, 0.26562, 7.081103E-01,0
30,26, 0.30729, 0.26562, 6.966312E-01,0
31,26, 0.31771, 0.26562, 6.853352E-01,0
32,26, 0.32812, 0.26562, 6.742133E-01,0
33,26, 0.33854, 0.26562, 6.632410E-01,0
34,26, 0.34896, 0.26562, 6.523836E-01,0
35,26, 0.35938, 0.26562, 6.416002E-01,0
36,26, 0.36979, 0.26562, 6.308470E-01,0
37,26, 0.38021, 0.26562, 6.200789E-01,0
38,26, 0.39062, 0.26562, 6.092501E-01,0
39,26, 0.40104, 0.26562, 5.983151E-01,0
40,26, 0.41146, 0.26562, 5.872292E-01,0
41,26, 0.42188, 0.26562, 5.759519E-01,0
42,26, 0.43229, 0.26562, 5.644509E-01,0
43,26, 0.44271, 0.26562, 5.527093E-01,0
44,26, 0.45312, 0.26562, 5.407335E-01,0
45,26, 0.46354, 0.26562, 5.285613E-01,0
46,26, 0.47396, 0.26562, 5.162657E-01,0
47,26, 0.48438, 0.26562, 5.039475E-01,0
48,26, 0.49479, 0.26562, 4.917169E-01,0
49,26, 0.50521, 0.26562, 4.796717E-01,0
50,26, 0.51562, 0.26562, 4.678833E-01,0
51,26, 0.52604, 0.26562, 4.563944E-01,0
52,26, 0.53646, 0.26562, 4.452188E-01,0
53,26, 0.54688, 0.26562, 4.343485E-01,0
54,26, 0.55729, 0.26562, 4.237605E-01,0
55,26, 0.56771, 0.26562, 4.134205E-01,0
56,26, 0.57812, 0.26562, 4.032855E-01,0
57,26, 0.58854, 0.26562, 3.933087E-01,0
58,26, 0.59896, 0.26562, 3.834450E-01,0
59,26, 0.60938, 0.26562, 3.736568E-01,0
60,26, 0.61979, 0.26562, 3.639150E-01,0
61,26, 0.63021, 0.26562, 3.541961E-01,0
62,26, 0.64062, 0.26562, 3.444770E-01,0
63,26, 0.65104, 0.26562, 3.347311E-01,0
64,26, 0.66146, 0.26562, 3.249273E-01,0
65,26, 0.67188, 0.26562, 3.150321E-01,0
66,26, 0.68229, 0.26562, 3.050150E-01,0
67,26, 0.69271, 0.26562, 2.948566E-01,0
68,26, 0.70312, 0.26562, 2.845551E-01,0
69,26, 0.71354, 0.26562, 2.741312E-01,0
70,26, 0.72396, 0.26562, 2.636274E-01,0
71,26, 0.73438, 0.26562, 2.530981E-01,0
72,26, 0.74479, 0.26562, 2.425954E-01,0
73,26, 0.75521, 0.26562, 2.321581E-01,0
74,26, 0.76562, 0.26562, 2.218108E-01,0
75,26, 0.77604, 0.26562, 2.115706E-01,0
76,26, 0.78646, 0.26562, 2.014500E-01,0
77,26, 0.79688, 0.26562, 1.914571E-01,0
78,26, 0.80729, 0.26562, 1.815915E-01,0
79,26, 0.81771, 0.26562, 1.718405E-01,0
80,26, 0.82812, 0.26562, 1.621795E-01,0
81,26, 0.83854, 0.26562, 1.525760E-01,0
82,26, 0.84896, 0.26562, 1.429986E-01,0
83,26, 0.85938, 0.26562, 1.334250E-01,0
84,26, 0.86979, 0.26562, 1.238484E-01,0
85,26, 0.88021, 0.26562, 1.142753E-01,0
86,26, 0.89062, 0.26562, 1.047195E-01,0
87,26, 0.90104, 0.26562, 9.519006E-02,0
88,26, 0.91146, 0.26562, 8.568118E-02,0
89,26, 0.92188, 0.26562, 7.616526E-02,0
90,26, 0.93229, 0.26562, 6.659386E-02,0
91,26, 0.94271, 0.26562, 5.690618E-02,0
92,26, 0.95312, 0.26562, 4.704123E-02,0
93,26, 0.96354, 0.26562, 3.695213E-02,0
94,26, 0.97396, 0.26562, 2.662154E-02,0
95,26, 0.98438, 0.26562, 1.607392E-02,0
96,26, 0.99479, 0.26562, 5.375872E-03,0
1,27, 0.00521, 0.27604, 9.954411E-01,0
2,27, 0.01562, 0.27604, 9.863194E-01,0
3,27, 0.02604, 0.27604, 9.771921E-01,0
4,27, 0.03646, 0.27604, 9.680671E-01,0
5,27, 0.04688, 0.27604, 9.589547E-01,0
6,27, 0.05729, 0.27604, 9.498582E-01,0
7,27, 0.06771, 0.27604, 9.407715E-01,0
8,27, 0.07812, 0.27604, 9.316809E-01,0
9,27, 0.08854, 0.27604, 9.225677E-01,0
10,27, 0.09896, 0.27604, 9.134097E-01,0
11,27, 0.10938, 0.27604, 9.041824E-01,0
12,27, 0.11979, 0.27604, 8.948597E-01,0
13,27, 0.13021, 0.27604, 8.854148E-01,0
14,27, 0.14062, 0.27604, 8.758199E-01,0
15,27, 0.15104, 0.27604, 8.660461E-01,0
16,27, 0.16146, 0.27604, 8.560632E-01,0
17,27, 0.17188, 0.27604, 8.458409E-01,0
18,27, 0.18229, 0.27604, 8.353513E-01,0
19,27, 0.19271, 0.27604, 8.245728E-01,0
20,27, 0.20312, 0.27604, 8.134943E-01,0
21,27, 0.21354, 0.27604, 8.021190E-01,0
22,27, 0.22396, 0.27604, 7.904675E-01,0
23,27, 0.23438, 0.27604, 7.785781E-01,0
24,27, 0.24479, 0.27604, 7.665059E-01,0
25,27, 0.25521, 0.27604, 7.543187E-01,0
26,27, 0.26562, 0.27604, 7.420910E-01,0
27,27, 0.27604, 0.27604, 7.298960E-01,0
28,27, 0.28646, 0.27604, 7.177986E-01,0
29,27, 0.29688, 0.27604, 7.058477E-01,0
30,27, 0.30729, 0.27604, 6.940729E-01,0
31,27, 0.31771, 0.27604, 6.824829E-01,0
32,27, 0.32812, 0.27604, 6.710676E-01,0
33,27, 0.33854, 0.27604, 6.598019E-01,0
34,27, 0.34896, 0.27604, 6.486492E-01,0
35,27, 0.35938, 0.27604, 6.375658E-01,0
36,27, 0.36979, 0.27604, 6.265032E-01,0
37,27, 0.38021, 0.27604, 6.154102E-01,0
38,27, 0.39062, 0.27604, 6.042335E-01,0
39,27, 0.40104, 0.27604, 5.929192E-01,0
40,27, 0.41146, 0.27604, 5.814143E-01,0
41,27, 0.42188, 0.27604, 5.696699E-01,0
42,27, 0.43229, 0.27604, 5.576462E-01,0
43,27, 0.44271, 0.27604, 5.453212E-01,0
44,27, 0.45312, 0.27604, 5.327034E-01,0
45,27, 0.46354, 0.27604, 5.198470E-01,0
46,27, 0.47396, 0.27604, 5.068636E-01,0
47,27, 0.48438, 0.27604, 4.939153E-01,0
48,27, 0.49479, 0.27604, 4.811795E-01,0
49,27, 0.50521, 0.27604, 4.688045E-01,0
50,27, 0.51562, 0.27604, 4.568829E-01,0
51,27, 0.52604, 0.27604, 4.454537E-01,0
52,27, 0.53646, 0.27604, 4.345002E-01,0
53,27, 0.54688, 0.27604, 4.239732E-01,0
54,27, 0.55729, 0.27604, 4.138117E-01,0
55,27, 0.56771, 0.27604, 4.039472E-01,0
56,27, 0.57812, 0.27604, 3.943075E-01,0
57,27, 0.58854, 0.27604, 3.848230E-01,0
58,27, 0.59896, 0.27604, 3.754343E-01,0
59,27, 0.60938, 0.27604, 3.661007E-01,0
60,27, 0.61979, 0.27604, 3.568012E-01,0
61,27, 0.63021, 0.27604, 3.475237E-01,0
62,27, 0.64062, 0.27604, 3.382549E-01,0
63,27, 0.65104, 0.27604, 3.289736E-01,0
64,27, 0.66146, 0.27604, 3.196493E-01,0
65,27, 0.67188, 0.27604, 3.102470E-01,0
66,27, 0.68229, 0.27604, 3.007347E-01,0
67,27, 0.69271, 0.27604, 2.910928E-01,0
68,27, 0.70312, 0.27604, 2.813219E-01,0
69,27, 0.71354, 0.27604, 2.714464E-01,0
70,27, 0.72396, 0.27604, 2.615119E-01,0
71,27, 0.73438, 0.27604, 2.515721E-01,0
72,27, 0.74479, 0.27604, 2.416710E-01,0
73,27, 0.75521, 0.27604, 2.318329E-01,0
74,27, 0.76562, 0.27604, 2.220654E-01,0
75,27, 0.77604, 0.27604, 2.123704E-01,0
76,27, 0.78646, 0.27604, 2.027501E-01,0
77,27, 0.79688, 0.27604, 1.932065E-01,0
78,27, 0.80729, 0.27604, 1.837350E-01,0
79,27, 0.81771, 0.27604, 1.743183E-01,0
80,27, 0.82812, 0.27604, 1.649248E-01,0
81,27, 0.83854, 0.27604, 1.555136E-01,0
82,27, 0.84896, 0.27604, 1.460442E-01,0
83,27, 0.85938, 0.27604, 1.364910E-01,0
84,27, 0.86979, 0.27604, 1.268539E-01,0
85,27, 0.88021, 0.27604, 1.171596E-01,0
86,27, 0.89062, 0.27604, 1.074512E-01,0
87,27, 0.90104, 0.27604, 9.777067E-02,0
88,27, 0.91146, 0.27604, 8.813558E-02,0
89,27, 0.92188, 0.27604, 7.852362E-02,0
90,27, 0.93229, 0.27604, 6.887008E-02,0
91,27, 0.94271, 0.27604, 5.908268E-02,0
92,27, 0.95312, 0.27604, 4.906106E-02,0
93,27, 0.96354, 0.27604, 3.871884E-02,0
94,27, 0.97396, 0.27604, 2.801195E-02,0
95,27, 0.98438, 0.27604, 1.696698E-02,0
96,27, 0.99479, 0.27604, 5.684082E-03,0
1,28, 0.00521, 0.28646, 9.955870E-01,0
2,28, 0.01562, 0.28646, 9.867404E-01,0
3,28, 0.02604, 0.28646, 9.778508E-01,0
4,28, 0.03646, 0.28646, 9.689250E-01,0
5,28, 0.04688, 0.28646, 9.599789E-01,0
6,28, 0.05729, 0.28646, 9.510172E-01,0
7,28, 0.06771, 0.28646, 9.420325E-01,0
8,28, 0.07812, 0.28646, 9.330119E-01,0
9,28, 0.08854, 0.28646, 9.239396E-01,0
10,28, 0.09896, 0.28646, 9.147970E-01,0
11,28, 0.10938, 0.28646, 9.055616E-01,0
12,28, 0.11979, 0.28646, 8.962083E-01,0
13,28, 0.13021, 0.28646, 8.867094E-01,0
14,28, 0.14062, 0.28646, 8.770355E-01,0
15,28, 0.15104, 0.28646, 8.671560E-01,0
16,28, 0.16146, 0.28646, 8.570400E-01,0
17,28, 0.17188, 0.28646, 8.466576E-01,0
18,28, 0.18229, 0.28646, 8.359831E-01,0
19,28, 0.19271, 0.28646, 8.249986E-01,0
20,28, 0.20312, 0.28646, 8.136978E-01,0
21,28, 0.21354, 0.28646, 8.020889E-01,0
22,28, 0.22396, 0.28646, 7.901972E-01,0
23,28, 0.23438, 0.28646, 7.780654E-01,0
24,28, 0.24479, 0.28646, 7.657517E-01,0
25,28, 0.25521, 0.28646, 7.533256E-01,0
26,28, 0.26562, 0.28646, 7.408614E-01,0
27,28, 0.27604, 0.28646, 7.284311E-01,0
28,28, 0.28646, 0.28646, 7.160967E-01,0
29,28, 0.29688, 0.28646, 7.039048E-01,0
30,28, 0.30729, 0.28646, 6.918830E-01,0
31,28, 0.31771, 0.28646, 6.800395E-01,0
32,28, 0.32812, 0.28646, 6.683641E-01,0
33,28, 0.33854, 0.28646, 6.568313E-01,0
34,28, 0.34896, 0.28646, 6.454040E-01,0
35,28, 0.35938, 0.28646, 6.340357E-01,0
36,28, 0.36979, 0.28646, 6.226740E-01,0
37,28, 0.38021, 0.28646, 6.112614E-01,0
38,28, 0.39062, 0.28646, 5.997370E-01,0
39,28, 0.40104, 0.28646, 5.880371E-01,0
40,28, 0.41146, 0.28646, 5.760972E-01,0
41,28, 0.42188, 0.28646, 5.638548E-01,0
42,28, 0.43229, 0.28646, 5.512544E-01,0
43,28, 0.44271, 0.28646, 5.382565E-01,0
44,28, 0.45312, 0.28646, 5.248549E-01,0
45,28, 0.46354, 0.28646, 5.111058E-01,0
46,28, 0.47396, 0.28646, 4.971612E-01,0
47,28, 0.48438, 0.28646, 4.832742E-01,0
48,28, 0.49479, 0.28646, 4.697394E-01,0
49,28, 0.50521, 0.28646, 4.567979E-01,0
50,28, 0.51562, 0.28646, 4.445809E-01,0
51,28, 0.52604, 0.28646, 4.331387E-01,0
52,28, 0.53646, 0.28646, 4.224050E-01,0
53,28, 0.54688, 0.28646, 4.122632E-01,0
54,28, 0.55729, 0.28646, 4.026039E-01,0
55,28, 0.56771, 0.28646, 3.933126E-01,0
56,28, 0.57812, 0.28646, 3.842761E-01,0
57,28, 0.58854, 0.28646, 3.753907E-01,0
58,28, 0.59896, 0.28646, 3.665749E-01,0
59,28, 0.60938, 0.28646, 3.577827E-01,0
60,28, 0.61979, 0.28646, 3.490097E-01,0
61,28, 0.63021, 0.28646, 3.402615E-01,0
62,28, 0.64062, 0.28646, 3.315376E-01,0
63,28, 0.65104, 0.28646, 3.228196E-01,0
64,28, 0.66146, 0.28646, 3.140732E-01,0
65,28, 0.67188, 0.28646, 3.052569E-01,0
66,28, 0.68229, 0.28646, 2.963335E-01,0
67,28, 0.69271, 0.28646, 2.872815E-01,0
68,28, 0.70312, 0.28646, 2.781028E-01,0
69,28, 0.71354, 0.28646, 2.688252E-01,0
70,28, 0.72396, 0.28646, 2.594965E-01,0
71,28, 0.73438, 0.28646, 2.501688E-01,0
72,28, 0.74479, 0.28646, 2.408793E-01,0
73,28, 0.75521, 0.28646, 2.316418E-01,0
74,28, 0.76562, 0.28646, 2.224535E-01,0
75,28, 0.77604, 0.28646, 2.133075E-01,0
76,28, 0.78646, 0.28646, 2.041999E-01,0
77,28, 0.79688, 0.28646, 1.951283E-01,0
78,28, 0.80729, 0.28646, 1.860841E-01,0
79,28, 0.81771, 0.28646, 1.770431E-01,0
80,28, 0.82812, 0.28646, 1.679621E-01,0
81,28, 0.83854, 0.28646, 1.587820E-01,0
82,28, 0.84896, 0.28646, 1.494412E-01,0
83,28, 0.85938, 0.28646, 1.398984E-01,0
84,28, 0.86979, 0.28646, 1.301566E-01,0
85,28, 0.88021, 0.28646, 1.202690E-01,0
86,28, 0.89062, 0.28646, 1.103259E-01,0
87,28, 0.90104, 0.28646, 1.004304E-01,0
88,28, 0.91146, 0.28646, 9.064699E-02,0
89,28, 0.92188, 0.28646, 8.096838E-02,0
90,28, 0.93229, 0.28646, 7.130257E-02,0
91,28, 0.94271, 0.28646, 6.150494E-02,0
92,28, 0.95312, 0.28646, 5.140973E-02,0
93,28, 0.96354, 0.28646, 4.085873E-02,0
94,28, 0.97396, 0.28646, 2.975013E-02,0
95,28, 0.98438, 0.28646, 1.810660E-02,0
96,28, 0.99479, 0.28646, 6.081099E-03,0
1,29, 0.00521, 0.29688, 9.957321E-01,0
2,29, 0.01562, 0.29688, 9.871438E-01,0
3,29, 0.02604, 0.29688, 9.784546E-01,0
4,29, 0.03646, 0.29688, 9.696895E-01,0
5,29, 0.04688, 0.29688, 9.608830E-01,0
6,29, 0.05729, 0.29688, 9.520371E-01,0
7,29, 0.06771, 0.29688, 9.431351E-01,0
8,29, 0.07812, 0.29688, 9.341616E-01,0
9,29, 0.08854, 0.29688, 9.251045E-01,0
10,29, 0.09896, 0.29688, 9.159501E-01,0
11,29, 0.10938, 0.29688, 9.066796E-01,0
12,29, 0.11979, 0.29688, 8.972694E-01,0
13,29, 0.13021, 0.29688, 8.876925E-01,0
14,29, 0.14062, 0.29688, 8.779196E-01,0
15,29, 0.15104, 0.29688, 8.679205E-01,0
16,29, 0.16146, 0.29688, 8.576653E-01,0
17,29, 0.17188, 0.29688, 8.471265E-01,0
18,29, 0.18229, 0.29688, 8.362818E-01,0
19,29, 0.19271, 0.29688, 8.251180E-01,0
20,29, 0.20312, 0.29688, 8.136336E-01,0
21,29, 0.21354, 0.29688, 8.018415E-01,0
22,29, 0.22396, 0.29688, 7.897708E-01,0
23,29, 0.23438, 0.29688, 7.774660E-01,0
24,29, 0.24479, 0.29688, 7.649851E-01,0
25,29, 0.25521, 0.29688, 7.523954E-01,0
26,29, 0.26562, 0.29688, 7.397678E-01,0
27,29, 0.27604, 0.29688, 7.271697E-01,0
28,29, 0.28646, 0.29688, 7.146589E-01,0
29,29, 0.29688, 0.29688, 7.022788E-01,0
30,29, 0.30729, 0.29688, 6.900554E-01,0
31,29, 0.31771, 0.29688, 6.779964E-01,0
32,29, 0.32812, 0.29688, 6.660921E-01,0
33,29, 0.33854, 0.29688, 6.543177E-01,0
34,29, 0.34896, 0.29688, 6.426355E-01,0
35,29, 0.35938, 0.29688, 6.309977E-01,0
36,29, 0.36979, 0.29688, 6.193480E-01,0
37,29, 0.38021, 0.29688, 6.076231E-01,0
38,29, 0.39062, 0.29688, 5.957536E-01,0
39,29, 0.40104, 0.29688, 5.836647E-01,0
40,29, 0.41146, 0.29688, 5.712776E-01,0
41,29, 0.42188, 0.29688, 5.585115E-01,0
42,29, 0.43229, 0.29688, 5.452866E-01,0
43,29, 0.44271, 0.29688, 5.315298E-01,0
44,29, 0.45312, 0.29688, 5.171911E-01,0
45,29, 0.46354, 0.29688, 5.022899E-01,0
46,29, 0.47396, 0.29688, 4.869983E-01,0
47,29, 0.48438, 0.29688, 4.716979E-01,0
48,29, 0.49479, 0.29688, 4.568962E-01,0
49,29, 0.50521, 0.29688, 4.430136E-01,0
50,29, 0.51562, 0.29688, 4.302408E-01,0
51,29, 0.52604, 0.29688, 4.187054E-01,0
52,29, 0.53646, 0.29688, 4.082332E-01,0
53,29, 0.54688, 0.29688, 3.985734E-01,0
54,29, 0.55729, 0.29688, 3.895704E-01,0
55,29, 0.56771, 0.29688, 3.810396E-01,0
56,29, 0.57812, 0.29688, 3.728041E-01,0
57,29, 0.58854, 0.29688, 3.647097E-01,0
58,29, 0.59896, 0.29688, 3.566387E-01,0
59,29, 0.60938, 0.29688, 3.485283E-01,0
60,29, 0.61979, 0.29688, 3.404136E-01,0
61,29, 0.63021, 0.29688, 3.323291E-01,0
62,29, 0.64062, 0.29688, 3.242902E-01,0
63,29, 0.65104, 0.29688, 3.162764E-01,0
64,29, 0.66146, 0.29688, 3.082420E-01,0
65,29, 0.67188, 0.29688, 3.001316E-01,0
66,29, 0.68229, 0.29688, 2.918972E-01,0
67,29, 0.69271, 0.29688, 2.835131E-01,0
68,29, 0.70312, 0.29688, 2.749830E-01,0
69,29, 0.71354, 0.29688, 2.663388E-01,0
70,29, 0.72396, 0.29688, 2.576306E-01,0
71,29, 0.73438, 0.29688, 2.489103E-01,0
72,29, 0.74479, 0.29688, 2.402123E-01,0
73,29, 0.75521, 0.29688, 2.315480E-01,0
74,29, 0.76562, 0.29688, 2.229132E-01,0
75,29, 0.77604, 0.29688, 2.143005E-01,0
76,29, 0.78646, 0.29688, 2.057058E-01,0
77,29, 0.79688, 0.29688, 1.971262E-01,0
78,29, 0.80729, 0.29688, 1.885502E-01,0
79,29, 0.81771, 0.29688, 1.799451E-01,0
80,29, 0.82812, 0.29688, 1.712496E-01,0
81,29, 0.83854, 0.29688, 1.623720E-01,0
82,29, 0.84896, 0.29688, 1.532045E-01,0
83,29, 0.85938, 0.29688, 1.436632E-01,0
84,29, 0.86979, 0.29688, 1.337425E-01,0
85,29, 0.88021, 0.29688, 1.235324E-01,0
86,29, 0.89062, 0.29688, 1.131959E-01,0
87,29, 0.90104, 0.29688, 1.029633E-01,0
88,29, 0.91146, 0.29688, 9.298503E-02,0
89,29, 0.92188, 0.29688, 8.329486E-02,0
90,29, 0.93229, 0.29688, 7.374709E-02,0
91,29, 0.94271, 0.29688, 6.410904E-02,0
92,29, 0.95312, 0.29688, 5.411274E-02,0
93,29, 0.96354, 0.29688, 4.347475E-02,0
94,29, 0.97396, 0.29688, 3.196920E-02,0
95,29, 0.98438, 0.29688, 1.960140E-02,0
96,29, 0.99479, 0.29688, 6.607466E-03,0
1,30, 0.00521, 0.30729, 9.958937E-01,0
2,30, 0.01562, 0.30729, 9.875492E-01,0
3,30, 0.02604, 0.30729, 9.790001E-01,0
4,30, 0.03646, 0.30729, 9.703495E-01,0
5,30, 0.04688, 0.30729, 9.616702E-01,0
6,30, 0.05729, 0.30729, 9.529386E-01,0
7,30, 0.06771, 0.30729, 9.441070E-01,0
8,30, 0.07812, 0.30729, 9.351575E-01,0
9,30, 0.08854, 0.30729, 9.260886E-01,0
10,30, 0.09896, 0.30729, 9.168959E-01,0
11,30, 0.10938, 0.30729, 9.075659E-01,0
12,30, 0.11979, 0.30729, 8.980773E-01,0
13,30, 0.13021, 0.30729, 8.884042E-01,0
14,30, 0.14062, 0.30729, 8.785185E-01,0
15,30, 0.15104, 0.30729, 8.683916E-01,0
16,30, 0.16146, 0.30729, 8.579963E-01,0
17,30, 0.17188, 0.30729, 8.473089E-01,0
18,30, 0.18229, 0.30729, 8.363116E-01,0
19,30, 0.19271, 0.30729, 8.249961E-01,0
20,30, 0.20312, 0.30729, 8.133656E-01,0
21,30, 0.21354, 0.30729, 8.014371E-01,0
22,30, 0.22396, 0.30729, 7.892415E-01,0
23,30, 0.23438, 0.30729, 7.768232E-01,0
24,30, 0.24479, 0.30729, 7.642376E-01,0
25,30, 0.25521, 0.30729, 7.515474E-01,0
26,30, 0.26562, 0.30729, 7.388175E-01,0
27,30, 0.27604, 0.30729, 7.261091E-01,0
28,30, 0.28646, 0.30729, 7.134747E-01,0
29,30, 0.29688, 0.30729, 7.009539E-01,0
30,30, 0.30729, 0.30729, 6.885706E-01,0
31,30, 0.31771, 0.30729, 6.763323E-01,0
32,30, 0.32812, 0.30729, 6.642301E-01,0
33,30, 0.33854, 0.30729, 6.522401E-01,0
34,30, 0.34896, 0.30729, 6.403251E-01,0
35,30, 0.35938, 0.30729, 6.284361E-01,0
36,30, 0.36979, 0.30729, 6.165139E-01,0
37,30, 0.38021, 0.30729, 6.044895E-01,0
38,30, 0.39062, 0.30729, 5.922846E-01,0
39,30, 0.40104, 0.30729, 5.798121E-01,0
40,30, 0.41146, 0.30729, 5.669770E-01,0
41,30, 0.42188, 0.30729, 5.536783E-01,0
42,30, 0.43229, 0.30729, 5.398086E-01,0
43,30, 0.44271, 0.30729, 5.252492E-01,0
44,30, 0.45312, 0.30729, 5.098660E-01,0
45,30, 0.46354, 0.30729, 4.935552E-01,0
46,30, 0.47396, 0.30729, 4.764149E-01,0
47,30, 0.48438, 0.30729, 4.589674E-01,0
48,30, 0.49479, 0.30729, 4.421160E-01,0
49,30, 0.50521, 0.30729, 4.266539E-01,0
50,30, 0.51562, 0.30729, 4.127901E-01,0
51,30, 0.52604, 0.30729, 4.010380E-01,0
52,30, 0.53646, 0.30729, 3.909161E-01,0
53,30, 0.54688, 0.30729, 3.818480E-01,0
54,30, 0.55729, 0.30729, 3.737651E-01,0
55,30, 0.56771, 0.30729, 3.663246E-01,0
56,30, 0.57812, 0.30729, 3.592343E-01,0
57,30, 0.58854, 0.30729, 3.522707E-01,0
58,30, 0.59896, 0.30729, 3.452679E-01,0
59,30, 0.60938, 0.30729, 3.380692E-01,0
60,30, 0.61979, 0.30729, 3.308198E-01,0
61,30, 0.63021, 0.30729, 3.236023E-01,0
62,30, 0.64062, 0.30729, 3.164548E-01,0
63,30, 0.65104, 0.30729, 3.093431E-01,0
64,30, 0.66146, 0.30729, 3.021996E-01,0
65,30, 0.67188, 0.30729, 2.949462E-01,0
66,30, 0.68229, 0.30729, 2.875168E-01,0
67,30, 0.69271, 0.30729, 2.798801E-01,0
68,30, 0.70312, 0.30729, 2.720440E-01,0
69,30, 0.71354, 0.30729, 2.640487E-01,0
70,30, 0.72396, 0.30729, 2.559511E-01,0
71,30, 0.73438, 0.30729, 2.478074E-01,0
72,30, 0.74479, 0.30729, 2.396562E-01,0
73,30, 0.75521, 0.30729, 2.315150E-01,0
74,30, 0.76562, 0.30729, 2.233875E-01,0
75,30, 0.77604, 0.30729, 2.152750E-01,0
76,30, 0.78646, 0.30729, 2.071813E-01,0
77,30, 0.79688, 0.30729, 1.991102E-01,0
78,30, 0.80729, 0.30729, 1.910524E-01,0
79,30, 0.81771, 0.30729, 1.829698E-01,0
80,30, 0.82812, 0.30729, 1.747781E-01,0
81,30, 0.83854, 0.30729, 1.663336E-01,0
82,30, 0.84896, 0.30729, 1.574381E-01,0
83,30, 0.85938, 0.30729, 1.478967E-01,0
84,30, 0.86979, 0.30729, 1.376639E-01,0
85,30, 0.88021, 0.30729, 1.268844E-01,0
86,30, 0.89062, 0.30729, 1.158141E-01,0
87,30, 0.90104, 0.30729, 1.050144E-01,0
88,30, 0.91146, 0.30729, 9.472807E-02,0
89,30, 0.92188, 0.30729, 8.511687E-02,0
90,30, 0.93229, 0.30729, 7.590445E-02,0
91,30, 0.94271, 0.30729, 6.670726E-02,0
92,30, 0.95312, 0.30729, 5.711589E-02,0
93,30, 0.96354, 0.30729, 4.664813E-02,0
94,30, 0.97396, 0.30729, 3.481932E-02,0
95,30, 0.98438, 0.30729, 2.159352E-02,0
96,30, 0.99479, 0.30729, 7.316299E-03,0
1,31, 0.00521, 0.31771, 9.961101E-01,0
2,31, 0.01562, 0.31771, 9.879608E-01,0
3,31, 0.02604, 0.31771, 9.794136E-01,0
4,31, 0.03646, 0.31771, 9.708315E-01,0
5,31, 0.04688, 0.31771, 9.623244E-01,0
6,31, 0.05729, 0.31771, 9.537500E-01,0
7,31, 0.06771, 0.31771, 9.449873E-01,0
8,31, 0.07812, 0.31771, 9.360333E-01,0
9,31, 0.08854, 0.31771, 9.269198E-01,0
10,31, 0.09896, 0.31771, 9.176611E-01,0
11,31, 0.10938, 0.31771, 9.082502E-01,0
12,31, 0.11979, 0.31771, 8.986670E-01,0
13,31, 0.13021, 0.31771, 8.888859E-01,0
14,31, 0.14062, 0.31771, 8.788799E-01,0
15,31, 0.15104, 0.31771, 8.686231E-01,0
16,31, 0.16146, 0.31771, 8.580919E-01,0
17,31, 0.17188, 0.31771, 8.472673E-01,0
18,31, 0.18229, 0.31771, 8.361368E-01,0
19,31, 0.19271, 0.31771, 8.246969E-01,0
20,31, 0.20312, 0.31771, 8.129552E-01,0
21,31, 0.21354, 0.31771, 8.009313E-01,0
22,31, 0.22396, 0.31771, 7.886567E-01,0
23,31, 0.23438, 0.31771, 7.761739E-01,0
24,31, 0.24479, 0.31771, 7.635343E-01,0
25,31, 0.25521, 0.31771, 7.507943E-01,0
26,31, 0.26562, 0.31771, 7.380116E-01,0
27,31, 0.27604, 0.31771, 7.252404E-01,0
28,31, 0.28646, 0.31771, 7.125272E-01,0
29,31, 0.29688, 0.31771, 6.999074E-01,0
30,31, 0.30729, 0.31771, 6.874025E-01,0
31,31, 0.31771, 0.31771, 6.750196E-01,0
32,31, 0.32812, 0.31771, 6.627507E-01,0
33,31, 0.33854, 0.31771, 6.505730E-01,0
34,31, 0.34896, 0.31771, 6.384504E-01,0
35,31, 0.35938, 0.31771, 6.263336E-01,0
36,31, 0.36979, 0.31771, 6.141612E-01,0
37,31, 0.38021, 0.31771, 6.018588E-01,0
38,31, 0.39062, 0.31771, 5.893390E-01,0
39,31, 0.40104, 0.31771, 5.765015E-01,0
40,31, 0.41146, 0.31771, 5.632351E-01,0
41,31, 0.42188, 0.31771, 5.494219E-01,0
42,31, 0.43229, 0.31771, 5.349382E-01,0
43,31, 0.44271, 0.31771, 5.196349E-01,0
44,31, 0.45312, 0.31771, 5.032718E-01,0
45,31, 0.46354, 0.31771, 4.854731E-01,0
46,31, 0.47396, 0.31771, 4.659817E-01,0
47,31, 0.48438, 0.31771, 4.453096E-01,0
48,31, 0.49479, 0.31771, 4.251024E-01,0
49,31, 0.50521, 0.31771, 4.070235E-01,0
50,31, 0.51562, 0.31771, 3.907446E-01,0
51,31, 0.52604, 0.31771, 3.785515E-01,0
52,31, 0.53646, 0.31771, 3.688877E-01,0
53,31, 0.54688, 0.31771, 3.601837E-01,0
54,31, 0.55729, 0.31771, 3.534699E-01,0
55,31, 0.56771, 0.31771, 3.477104E-01,0
56,31, 0.57812, 0.31771, 3.423652E-01,0
57,31, 0.58854, 0.31771, 3.371606E-01,0
58,31, 0.59896, 0.31771, 3.319811E-01,0
59,31, 0.60938, 0.31771, 3.260799E-01,0
60,31, 0.61979, 0.31771, 3.199994E-01,0
61,31, 0.63021, 0.31771, 3.139407E-01,0
62,31, 0.64062, 0.31771, 3.079777E-01,0
63,31, 0.65104, 0.31771, 3.020344E-01,0
64,31, 0.66146, 0.31771, 2.960096E-01,0
65,31, 0.67188, 0.31771, 2.897973E-01,0
66,31, 0.68229, 0.31771, 2.833021E-01,0
67,31, 0.69271, 0.31771, 2.764872E-01,0
68,31, 0.70312, 0.31771, 2.693730E-01,0
69,31, 0.71354, 0.31771, 2.620178E-01,0
70,31, 0.72396, 0.31771, 2.544948E-01,0
71,31, 0.73438, 0.31771, 2.468730E-01,0
72,31, 0.74479, 0.31771, 2.392032E-01,0
73,31, 0.75521, 0.31771, 2.315170E-01,0
74,31, 0.76562, 0.31771, 2.238338E-01,0
75,31, 0.77604, 0.31771, 2.161720E-01,0
76,31, 0.78646, 0.31771, 2.085533E-01,0
77,31, 0.79688, 0.31771, 2.009987E-01,0
78,31, 0.80729, 0.31771, 1.935152E-01,0
79,31, 0.81771, 0.31771, 1.860724E-01,0
80,31, 0.82812, 0.31771, 1.785714E-01,0
81,31, 0.83854, 0.31771, 1.708047E-01,0
82,31, 0.84896, 0.31771, 1.624199E-01,0
83,31, 0.85938, 0.31771, 1.529229E-01,0
84,31, 0.86979, 0.31771, 1.421194E-01,0
85,31, 0.88021, 0.31771, 1.302666E-01,0
86,31, 0.89062, 0.31771, 1.176271E-01,0
87,31, 0.90104, 0.31771, 1.059975E-01,0
88,31, 0.91146, 0.31771, 9.515863E-02,0
89,31, 0.92188, 0.31771, 8.580000E-02,0
90,31, 0.93229, 0.31771, 7.726161E-02,0
91,31, 0.94271, 0.31771, 6.889980E-02,0
92,31, 0.95312, 0.31771, 6.014775E-02,0
93,31, 0.96354, 0.31771, 5.025842E-02,0
94,31, 0.97396, 0.31771, 3.831228E-02,0
95,31, 0.98438, 0.31771, 2.420598E-02,0
96,31, 0.99479, 0.31771, 8.254712E-03,0
1,32, 0.00521, 0.32812, 9.964797E-01,0
2,32, 0.01562, 0.32812, 9.882876E-01,0
3,32, 0.02604, 0.32812, 9.794049E-01,0
4,32, 0.03646, 0.32812, 9.709263E-01,0
5,32, 0.04688, 0.32812, 9.628198E-01,0
6,32, 0.05729, 0.32812, 9.545401E-01,0
7,32, 0.06771, 0.32812, 9.458409E-01,0
8,32, 0.07812, 0.32812, 9.368290E-01,0
9,32, 0.08854, 0.32812, 9.276240E-01,0
10,32, 0.09896, 0.32812, 9.182689E-01,0
11,32, 0.10938, 0.32812, 9.087590E-01,0
12,32, 0.11979, 0.32812, 8.990710E-01,0
13,32, 0.13021, 0.32812, 8.891767E-01,0
14,32, 0.14062, 0.32812, 8.790495E-01,0
15,32, 0.15104, 0.32812, 8.686661E-01,0
16,32, 0.16146, 0.32812, 8.580073E-01,0
17,32, 0.17188, 0.32812, 8.470595E-01,0
18,32, 0.18229, 0.32812, 8.358157E-01,0
19,32, 0.19271, 0.32812, 8.242774E-01,0
20,32, 0.20312, 0.32812, 8.124555E-01,0
21,32, 0.21354, 0.32812, 8.003711E-01,0
22,32, 0.22396, 0.32812, 7.880552E-01,0
23,32, 0.23438, 0.32812, 7.755472E-01,0
24,32, 0.24479, 0.32812, 7.628933E-01,0
25,32, 0.25521, 0.32812, 7.501432E-01,0
26,32, 0.26562, 0.32812, 7.373470E-01,0
27,32, 0.27604, 0.32812, 7.245516E-01,0
28,32, 0.28646, 0.32812, 7.117972E-01,0
29,32, 0.29688, 0.32812, 6.991147E-01,0
30,32, 0.30729, 0.32812, 6.865231E-01,0
31,32, 0.31771, 0.32812, 6.740287E-01,0
32,32, 0.32812, 0.32812, 6.616243E-01,0
33,32, 0.33854, 0.32812, 6.492889E-01,0
34,32, 0.34896, 0.32812, 6.369879E-01,0
35,32, 0.35938, 0.32812, 6.246727E-01,0
36,32, 0.36979, 0.32812, 6.122806E-01,0
37,32, 0.38021, 0.32812, 5.997325E-01,0
38,32, 0.39062, 0.32812, 5.869323E-01,0
39,32, 0.40104, 0.32812, 5.737659E-01,0
40,32, 0.41146, 0.32812, 5.601061E-01,0
41,32, 0.42188, 0.32812, 5.458252E-01,0
42,32, 0.43229, 0.32812, 5.308164E-01,0
43,32, 0.44271, 0.32812, 5.149848E-01,0
44,32, 0.45312, 0.32812, 4.980818E-01,0
45,32, 0.46354, 0.32812, 4.793272E-01,0
46,32, 0.47396, 0.32812, 4.574560E-01,0
47,32, 0.48438, 0.32812, 4.322072E-01,0
48,32, 0.49479, 0.32812, 4.066677E-01,0
49,32, 0.50521, 0.32812, 3.850386E-01,0
50,32, 0.51562, 0.32812, 3.628231E-01,0
51,32, 0.52604, 0.32812, 3.499182E-01,0
52,32, 0.53646, 0.32812, 3.407682E-01,0
53,32, 0.54688, 0.32812, 3.296345E-01,0
54,32, 0.55729, 0.32812, 3.253821E-01,0
55,32, 0.56771, 0.32812, 3.224711E-01,0
56,32, 0.57812, 0.32812, 3.199290E-01,0
57,32, 0.58854, 0.32812, 3.176470E-01,0
58,32, 0.59896, 0.32812, 3.167441E-01,0
59,32, 0.60938, 0.32812, 3.126422E-01,0
60,32, 0.61979, 0.32812, 3.078673E-01,0
61,32, 0.63021, 0.32812, 3.032801E-01,0
62,32, 0.64062, 0.32812, 2.988803E-01,0
63,32, 0.65104, 0.32812, 2.944423E-01,0
64,32, 0.66146, 0.32812, 2.897907E-01,0
65,32, 0.67188, 0.32812, 2.848301E-01,0
66,32, 0.68229, 0.32812, 2.793999E-01,0
67,32, 0.69271, 0.32812, 2.734618E-01,0
68,32, 0.70312, 0.32812, 2.670672E-01,0
69,32, 0.71354, 0.32812, 2.603123E-01,0
70,32, 0.72396, 0.32812, 2.533011E-01,0
71,32, 0.73438, 0.32812, 2.461254E-01,0
72,32, 0.74479, 0.32812, 2.388558E-01,0
73,32, 0.75521, 0.32812, 2.315433E-01,0
74,32, 0.76562, 0.32812, 2.242284E-01,0
75,32, 0.77604, 0.32812, 2.169526E-01,0
76,32, 0.78646, 0.32812, 2.097642E-01,0
77,32, 0.79688, 0.32812, 2.027149E-01,0
78,32, 0.80729, 0.32812, 1.958505E-01,0
79,32, 0.81771, 0.32812, 1.891844E-01,0
80,32, 0.82812, 0.32812, 1.826474E-01,0
81,32, 0.83854, 0.32812, 1.760147E-01,0
82,32, 0.84896, 0.32812, 1.687999E-01,0
83,32, 0.85938, 0.32812, 1.596372E-01,0
84,32, 0.86979, 0.32812, 1.476999E-01,0
85,32, 0.88021, 0.32812, 1.334841E-01,0
86,32, 0.89062, 0.32812, 1.165223E-01,0
87,32, 0.90104, 0.32812, 1.050339E-01,0
88,32, 0.91146, 0.32812, 9.330990E-02,0
89,32, 0.92188, 0.32812, 8.470452E-02,0
90,32, 0.93229, 0.32812, 7.735919E-02,0
91,32, 0.94271, 0.32812, 7.024560E-02,0
92,32, 0.95312, 0.32812, 6.262397E-02,0
93,32, 0.96354, 0.32812, 5.329977E-02,0
94,32, 0.97396, 0.32812, 4.159644E-02,0
95,32, 0.98438, 0.32812, 2.736100E-02,0
96,32, 0.99479, 0.32812, 9.425952E-03,0
1,33, 0.00521, 0.33854, 9.971415E-01,0
2,33, 0.01562, 0.33854, 9.879438E-01,0
3,33, 0.02604, 0.33854, 9.781893E-01,0
4,33, 0.03646, 0.33854, 9.702267E-01,0
5,33, 0.04688, 0.33854, 9.632188E-01,0
6,33, 0.05729, 0.33854, 9.554951E-01,0
7,33, 0.06771, 0.33854, 9.467713E-01,0
8,33, 0.07812, 0.33854, 9.375801E-01,0
9,33, 0.08854, 0.33854, 9.282156E-01,0
10,33, 0.09896, 0.33854, 9.187334E-01,0
11,33, 0.10938, 0.33854, 9.091130E-01,0
12,33, 0.11979, 0.33854, 8.993174E-01,0
13,33, 0.13021, 0.33854, 8.893119E-01,0
14,33, 0.14062, 0.33854, 8.790685E-01,0
15,33, 0.15104, 0.33854, 8.685662E-01,0
16,33, 0.16146, 0.33854, 8.577912E-01,0
17,33, 0.17188, 0.33854, 8.467356E-01,0
18,33, 0.18229, 0.33854, 8.353981E-01,0
19,33, 0.19271, 0.33854, 8.237848E-01,0
20,33, 0.20312, 0.33854, 8.119093E-01,0
21,33, 0.21354, 0.33854, 7.997935E-01,0
22,33, 0.22396, 0.33854, 7.874665E-01,0
23,33, 0.23438, 0.33854, 7.749642E-01,0
24,33, 0.24479, 0.33854, 7.623269E-01,0
25,33, 0.25521, 0.33854, 7.495976E-01,0
26,33, 0.26562, 0.33854, 7.368187E-01,0
27,33, 0.27604, 0.33854, 7.240301E-01,0
28,33, 0.28646, 0.33854, 7.112659E-01,0
29,33, 0.29688, 0.33854, 6.985521E-01,0
30,33, 0.30729, 0.33854, 6.859053E-01,0
31,33, 0.31771, 0.33854, 6.733309E-01,0
32,33, 0.32812, 0.33854, 6.608224E-01,0
33,33, 0.33854, 0.33854, 6.483609E-01,0
34,33, 0.34896, 0.33854, 6.359141E-01,0
35,33, 0.35938, 0.33854, 6.234357E-01,0
36,33, 0.36979, 0.33854, 6.108629E-01,0
37,33, 0.38021, 0.33854, 5.981138E-01,0
38,33, 0.39062, 0.33854, 5.850846E-01,0
39,33, 0.40104, 0.33854, 5.716475E-01,0
40,33, 0.41146, 0.33854, 5.576573E-01,0
41,33, 0.42188, 0.33854, 5.429778E-01,0
42,33, 0.43229, 0.33854, 5.275511E-01,0
43,33, 0.44271, 0.33854, 5.115080E-01,0
44,33, 0.45312, 0.33854, 4.950116E-01,0
45,33, 0.46354, 0.33854, 4.771758E-01,0
46,33, 0.47396, 0.33854, 4.546148E-01,0
47,33, 0.48438, 0.33854, 4.234069E-01,0
48,33, 0.49479, 0.33854, 3.901464E-01,0
49,33, 0.50521, 0.33854, 3.694228E-01,0
50,33, 0.51562, 0.33854, 3.333355E-01,0
51,33, 0.52604, 0.33854, 3.202688E-01,0
52,33, 0.53646, 0.33854, 3.127523E-01,0
53,33, 0.54688, 0.33854, 3.046761E-01,1
54,33, 0.55729, 0.33854, 3.045095E-01,1
55,33, 0.56771, 0.33854, 3.042942E-01,1
56,33, 0.57812, 0.33854, 3.040715E-01,1
57,33, 0.58854, 0.33854, 3.038885E-01,1
58,33, 0.59896, 0.33854, 3.043254E-01,0
59,33, 0.60938, 0.33854, 3.007851E-01,0
60,33, 0.61979, 0.33854, 2.945529E-01,0
61,33, 0.63021, 0.33854, 2.916007E-01,0
62,33, 0.64062, 0.33854, 2.893113E-01,0
63,33, 0.65104, 0.33854, 2.868948E-01,0
64,33, 0.66146, 0.33854, 2.837441E-01,0
65,33, 0.67188, 0.33854, 2.802694E-01,0
66,33, 0.68229, 0.33854, 2.760128E-01,0
67,33, 0.69271, 0.33854, 2.709586E-01,0
68,33, 0.70312, 0.33854, 2.652305E-01,0
69,33, 0.71354, 0.33854, 2.589951E-01,0
70,33, 0.72396, 0.33854, 2.524051E-01,0
71,33, 0.73438, 0.33854, 2.455833E-01,0
72,33, 0.74479, 0.33854, 2.386235E-01,0
73,33, 0.75521, 0.33854, 2.315972E-01,0
74,33, 0.76562, 0.33854, 2.245662E-01,0
75,33, 0.77604, 0.33854, 2.175970E-01,0
76,33, 0.78646, 0.33854, 2.107685E-01,0
77,33, 0.79688, 0.33854, 2.041732E-01,0
78,33, 0.80729, 0.33854, 1.979233E-01,0
79,33, 0.81771, 0.33854, 1.921373E-01,0
80,33, 0.82812, 0.33854, 1.868794E-01,0
81,33, 0.83854, 0.33854, 1.821170E-01,0
82,33, 0.84896, 0.33854, 1.780966E-01,0
83,33, 0.85938, 0.33854, 1.709496E-01,0
84,33, 0.86979, 0.33854, 1.570544E-01,0
85,33, 0.88021, 0.33854, 1.353959E-01,0
86,33, 0.89062, 0.33854, 1.086623E-01,1
87,33, 0.90104, 0.33854, 1.028901E-01,1
88,33, 0.91146, 0.33854, 9.135254E-02,1
89,33, 0.92188, 0.33854, 8.399923E-02,1
90,33, 0.93229, 0.33854, 7.768628E-02,1
91,33, 0.94271, 0.33854, 7.136429E-02,1
92,33, 0.95312, 0.33854, 6.397869E-02,1
93,33, 0.96354, 0.33854, 5.236010E-02,1
94,33, 0.97396, 0.33854, 4.073380E-02,1
95,33, 0.98438, 0.33854, 2.909951E-02,1
96,33, 0.99479, 0.33854, 1.117420E-02,0
1,34, 0.00521, 0.34896, 9.956807E-01,0
2,34, 0.01562, 0.34896, 9.859790E-01,1
3,34, 0.02604, 0.34896, 9.753889E-01,0
4,34, 0.03646, 0.34896, 9.684784E-01,0
5,34, 0.04688, 0.34896, 9.640590E-01,0
6,34, 0.05729, 0.34896, 9.570350E-01,0
7,34, 0.06771, 0.34896, 9.478718E-01,0
8,34, 0.07812, 0.34896, 9.382678E-01,0
9,34, 0.08854, 0.34896, 9.286777E-01,0
10,34, 0.09896, 0.34896, 9.190546E-01,0
11,34, 0.10938, 0.34896, 9.093261E-01,0
12,34, 0.11979, 0.34896, 8.994304E-01,0
13,34, 0.13021, 0.34896, 8.893226E-01,0
14,34, 0.14062, 0.34896, 8.789727E-01,0
15,34, 0.15104, 0.34896, 8.683627E-01,0
16,34, 0.16146, 0.34896, 8.574844E-01,0
17,34, 0.17188, 0.34896, 8.463364E-01,0
18,34, 0.18229, 0.34896, 8.349235E-01,0
19,34, 0.19271, 0.34896, 8.232558E-01,0
20,34, 0.20312, 0.34896, 8.113493E-01,0
21,34, 0.21354, 0.34896, 7.992257E-01,0
22,34, 0.22396, 0.34896, 7.869118E-01,0
23,34, 0.23438, 0.34896, 7.744392E-01,0
24,34, 0.24479, 0.34896, 7.618425E-01,0
25,34, 0.25521, 0.34896, 7.491578E-01,0
26,34, 0.26562, 0.34896, 7.364207E-01,0
27,34, 0.27604, 0.34896, 7.236641E-01,0
28,34, 0.28646, 0.34896, 7.109161E-01,0
29,34, 0.29688, 0.34896, 6.981985E-01,0
30,34, 0.30729, 0.34896, 6.855250E-01,0
31,34, 0.31771, 0.34896, 6.729001E-01,0
32,34, 0.32812, 0.34896, 6.603184E-01,0
33,34, 0.33854, 0.34896, 6.477633E-01,0
34,34, 0.34896, 0.34896, 6.352062E-01,0
35,34, 0.35938, 0.34896, 6.226042E-01,0
36,34, 0.36979, 0.34896, 6.098972E-01,0
37,34, 0.38021, 0.34896, 5.970036E-01,0
38,34, 0.39062, 0.34896, 5.838155E-01,0
39,34, 0.40104, 0.34896, 5.701947E-01,0
40,34, 0.41146, 0.34896, 5.559764E-01,0
41,34, 0.42188, 0.34896, 5.409980E-01,0
42,34, 0.43229, 0.34896, 5.252049E-01,0
43,34, 0.44271, 0.34896, 5.090394E-01,0
44,34, 0.45312, 0.34896, 4.939104E-01,0
45,34, 0.46354, 0.34896, 4.808772E-01,0
46,34, 0.47396, 0.34896, 4.638350E-01,0
47,34, 0.48438, 0.34896, 4.215165E-01,0
48,34, 0.49479, 0.34896, 3.822643E-01,1
49,34, 0.50521, 0.34896, 3.822458E-01,1
50,34, 0.51562, 0.34896, 3.350903E-01,0
51,34, 0.52604, 0.34896, 3.154950E-01,0
52,34, 0.53646, 0.34896, 3.101813E-01,0
53,34, 0.54688, 0.34896, 3.120005E-01,0
54,34, 0.55729, 0.34896, 3.116250E-01,0
55,34, 0.56771, 0.34896, 3.102204E-01,0
56,34, 0.57812, 0.34896, 3.084043E-01,0
57,34, 0.58854, 0.34896, 3.060681E-01,0
58,34, 0.59896, 0.34896, 3.021610E-01,0
59,34, 0.60938, 0.34896, 2.931582E-01,0
60,34, 0.61979, 0.34896, 2.844863E-01,1
61,34, 0.63021, 0.34896, 2.844004E-01,1
62,34, 0.64062, 0.34896, 2.843317E-01,1
63,34, 0.65104, 0.34896, 2.808150E-01,0
64,34, 0.66146, 0.34896, 2.779824E-01,0
65,34, 0.67188, 0.34896, 2.764354E-01,0
66,34, 0.68229, 0.34896, 2.734077E-01,0
67,34, 0.69271, 0.34896, 2.691525E-01,0
68,34, 0.70312, 0.34896, 2.639596E-01,0
69,34, 0.71354, 0.34896, 2.581128E-01,0
70,34, 0.72396, 0.34896, 2.518273E-01,0
71,34, 0.73438, 0.34896, 2.452574E-01,0
72,34, 0.74479, 0.34896, 2.385158E-01,0
73,34, 0.75521, 0.34896, 2.316898E-01,0
74,34, 0.76562, 0.34896, 2.248574E-01,0
75,34, 0.77604, 0.34896, 2.181040E-01,0
76,34, 0.78646, 0.34896, 2.115338E-01,0
77,34, 0.79688, 0.34896, 2.052784E-01,0
78,34, 0.80729, 0.34896, 1.995347E-01,0
79,34, 0.81771, 0.34896, 1.945905E-01,0
80,34, 0.82812, 0.34896, 1.907388E-01,0
81,34, 0.83854, 0.34896, 1.881505E-01,0
82,34, 0.84896, 0.34896, 1.858072E-01,1
83,34, 0.85938, 0.34896, 1.841543E-01,1
84,34, 0.86979, 0.34896, 1.839725E-01,1
85,34, 0.88021, 0.34896, 1.623905E-01,0
86,34, 0.89062, 0.34896, 1.314531E-01,0
87,34, 0.90104, 0.34896, 1.159800E-01,0
88,34, 0.91146, 0.34896, 1.026408E-01,0
89,34, 0.92188, 0.34896, 9.342646E-02,0
90,34, 0.93229, 0.34896, 8.600377E-02,0
91,34, 0.94271, 0.34896, 7.936675E-02,0
92,34, 0.95312, 0.34896, 7.338840E-02,0
93,34, 0.96354, 0.34896, 6.794701E-02,0
94,34, 0.97396, 0.34896, 5.647751E-02,0
95,34, 0.98438, 0.34896, 3.745335E-02,0
96,34, 0.99479, 0.34896, 8.424560E-03,0
1,35, 0.00521, 0.35938, 9.952721E-01,0
2,35, 0.01562, 0.35938, 9.844656E-01,0
3,35, 0.02604, 0.35938, 9.715372E-01,0
4,35, 0.03646, 0.35938, 9.657192E-01,1
5,35, 0.04688, 0.35938, 9.657082E-01,1
6,35, 0.05729, 0.35938, 9.595702E-01,0
7,35, 0.06771, 0.35938, 9.489289E-01,0
8,35, 0.07812, 0.35938, 9.387051E-01,0
9,35, 0.08854, 0.35938, 9.289517E-01,0
10,35, 0.09896, 0.35938, 9.192237E-01,0
11,35, 0.10938, 0.35938, 9.094107E-01,0
12,35, 0.11979, 0.35938, 8.994322E-01,0
13,35, 0.13021, 0.35938, 8.892363E-01,0
14,35, 0.14062, 0.35938, 8.787925E-01,0
15,35, 0.15104, 0.35938, 8.680872E-01,0
16,35, 0.16146, 0.35938, 8.571187E-01,0
17,35, 0.17188, 0.35938, 8.458931E-01,0
18,35, 0.18229, 0.35938, 8.344211E-01,0
19,35, 0.19271, 0.35938, 8.227171E-01,0
20,35, 0.20312, 0.35938, 8.107985E-01,0
21,35, 0.21354, 0.35938, 7.986863E-01,0
22,35, 0.22396, 0.35938, 7.864047E-01,0
23,35, 0.23438, 0.35938, 7.739808E-01,0
24,35, 0.24479, 0.35938, 7.614435E-01,0
25,35, 0.25521, 0.35938, 7.488225E-01,0
26,35, 0.26562, 0.35938, 7.361467E-01,0
27,35, 0.27604, 0.35938, 7.234428E-01,0
28,35, 0.28646, 0.35938, 7.107334E-01,0
29,35, 0.29688, 0.35938, 6.980360E-01,0
30,35, 0.30729, 0.35938, 6.853616E-01,0
31,35, 0.31771, 0.35938, 6.727140E-01,0
32,35, 0.32812, 0.35938, 6.600889E-01,0
33,35, 0.33854, 0.35938, 6.474728E-01,0
34,35, 0.34896, 0.35938, 6.348416E-01,0
35,35, 0.35938, 0.35938, 6.221581E-01,0
36,35, 0.36979, 0.35938, 6.093678E-01,0
37,35, 0.38021, 0.35938, 5.963940E-01,0
38,35, 0.39062, 0.35938, 5.831321E-01,0
39,35, 0.40104, 0.35938, 5.694455E-01,0
40,35, 0.41146, 0.35938, 5.551663E-01,0
41,35, 0.42188, 0.35938, 5.401145E-01,0
42,35, 0.43229, 0.35938, 5.240802E-01,0
43,35, 0.44271, 0.35938, 5.071901E-01,0
44,35, 0.45312, 0.35938, 4.921819E-01,0
45,35, 0.46354, 0.35938, 4.855590E-01,1
46,35, 0.47396, 0.35938, 4.855382E-01,1
47,35, 0.48438, 0.35938, 4.455985E-01,0
48,35, 0.49479, 0.35938, 4.060633E-01,0
49,35, 0.50521, 0.35938, 3.871461E-01,0
50,35, 0.51562, 0.35938, 3.600172E-01,0
51,35, 0.52604, 0.35938, 3.437328E-01,0
52,35, 0.53646, 0.35938, 3.350367E-01,0
53,35, 0.54688, 0.35938, 3.315259E-01,0
54,35, 0.55729, 0.35938, 3.278384E-01,0
55,35, 0.56771, 0.35938, 3.237277E-01,0
56,35, 0.57812, 0.35938, 3.193675E-01,0
57,35, 0.58854, 0.35938, 3.145621E-01,0
58,35, 0.59896, 0.35938, 3.087588E-01,0
59,35, 0.60938, 0.35938, 3.012218E-01,0
60,35, 0.61979, 0.35938, 2.928690E-01,0
61,35, 0.63021, 0.35938, 2.878673E-01,0
62,35, 0.64062, 0.35938, 2.819914E-01,0
63,35, 0.65104, 0.35938, 2.748177E-01,1
64,35, 0.66146, 0.35938, 2.742198E-01,1
65,35, 0.67188, 0.35938, 2.738853E-01,0
66,35, 0.68229, 0.35938, 2.719198E-01,0
67,35, 0.69271, 0.35938, 2.682143E-01,0
68,35, 0.70312, 0.35938, 2.633160E-01,0
69,35, 0.71354, 0.35938, 2.576763E-01,0
70,35, 0.72396, 0.35938, 2.515630E-01,0
71,35, 0.73438, 0.35938, 2.451438E-01,0
72,35, 0.74479, 0.35938, 2.385371E-01,0
73,35, 0.75521, 0.35938, 2.318357E-01,0
74,35, 0.76562, 0.35938, 2.251237E-01,0
75,35, 0.77604, 0.35938, 2.184929E-01,0
76,35, 0.78646, 0.35938, 2.120542E-01,0
77,35, 0.79688, 0.35938, 2.059535E-01,0
78,35, 0.80729, 0.35938, 2.004455E-01,0
79,35, 0.81771, 0.35938, 1.960162E-01,0
80,35, 0.82812, 0.35938, 1.931576E-01,0
81,35, 0.83854, 0.35938, 1.923964E-01,1
82,35, 0.84896, 0.35938, 1.915674E-01,1
83,35, 0.85938, 0.35938, 1.830277E-01,0
84,35, 0.86979, 0.35938, 1.734932E-01,0
85,35, 0.88021, 0.35938, 1.577086E-01,0
86,35, 0.89062, 0.35938, 1.402772E-01,0
87,35, 0.90104, 0.35938, 1.258810E-01,0
88,35, 0.91146, 0.35938, 1.134731E-01,0
89,35, 0.92188, 0.35938, 1.033459E-01,0
90,35, 0.93229, 0.35938, 9.460276E-02,0
91,35, 0.94271, 0.35938, 8.661512E-02,0
92,35, 0.95312, 0.35938, 7.905436E-02,0
93,35, 0.96354, 0.35938, 7.087978E-02,0
94,35, 0.97396, 0.35938, 5.756938E-02,0
95,35, 0.98438, 0.35938, 3.756003E-02,0
96,35, 0.99479, 0.35938, 1.127973E-02,0
1,36, 0.00521, 0.36979, 9.951802E-01,0
2,36, 0.01562, 0.36979, 9.851198E-01,0
3,36, 0.02604, 0.36979, 9.749999E-01,0
4,36, 0.03646, 0.36979, 9.675374E-01,0
5,36, 0.04688, 0.36979, 9.624737E-01,0
6,36, 0.05729, 0.36979, 9.562872E-01,1
7,36, 0.06771, 0.36979, 9.485433E-01,0
8,36, 0.07812, 0.36979, 9.384238E-01,0
9,36, 0.08854, 0.36979, 9.290222E-01,0
10,36, 0.09896, 0.36979, 9.192574E-01,0
11,36, 0.10938, 0.36979, 9.093902E-01,0
12,36, 0.11979, 0.36979, 8.993469E-01,0
13,36, 0.13021, 0.36979, 8.890768E-01,0
14,36, 0.14062, 0.36979, 8.785516E-01,0
15,36, 0.15104, 0.36979, 8.677628E-01,0
16,36, 0.16146, 0.36979, 8.567164E-01,0
17,36, 0.17188, 0.36979, 8.454265E-01,0
18,36, 0.18229, 0.36979, 8.339103E-01,0
19,36, 0.19271, 0.36979, 8.221857E-01,0
20,36, 0.20312, 0.36979, 8.102713E-01,0
21,36, 0.21354, 0.36979, 7.981868E-01,0
22,36, 0.22396, 0.36979, 7.859533E-01,0
23,36, 0.23438, 0.36979, 7.735934E-01,0
24,36, 0.24479, 0.36979, 7.611307E-01,0
25,36, 0.25521, 0.36979, 7.485888E-01,0
26,36, 0.26562, 0.36979, 7.359907E-01,0
27,36, 0.27604, 0.36979, 7.233571E-01,0
28,36, 0.28646, 0.36979, 7.107056E-01,0
29,36, 0.29688, 0.36979, 6.980499E-01,0
30,36, 0.30729, 0.36979, 6.853985E-01,0
31,36, 0.31771, 0.36979, 6.727544E-01,0
32,36, 0.32812, 0.36979, 6.601146E-01,0
33,36, 0.33854, 0.36979, 6.474692E-01,0
34,36, 0.34896, 0.36979, 6.347997E-01,0
35,36, 0.35938, 0.36979, 6.220761E-01,0
36,36, 0.36979, 0.36979, 6.092524E-01,0
37,36, 0.38021, 0.36979, 5.962611E-01,0
38,36, 0.39062, 0.36979, 5.830103E-01,0
39,36, 0.40104, 0.36979, 5.693835E-01,0
40,36, 0.41146, 0.36979, 5.552510E-01,0
41,36, 0.42188, 0.36979, 5.406097E-01,0
42,36, 0.43229, 0.36979, 5.255850E-01,0
43,36, 0.44271, 0.36979, 5.075935E-01,0
44,36, 0.45312, 0.36979, 4.945848E-01,1
45,36, 0.46354, 0.36979, 4.886837E-01,0
46,36, 0.47396, 0.36979, 4.751627E-01,0
47,36, 0.48438, 0.36979, 4.489385E-01,0
48,36, 0.49479, 0.36979, 4.239191E-01,0
49,36, 0.50521, 0.36979, 4.038078E-01,0
50,36, 0.51562, 0.36979, 3.839993E-01,0
51,36, 0.52604, 0.36979, 3.689586E-01,0
52,36, 0.53646, 0.36979, 3.580758E-01,0
53,36, 0.54688, 0.36979, 3.502830E-01,0
54,36, 0.55729, 0.36979, 3.434429E-01,0
55,36, 0.56771, 0.36979, 3.369258E-01,0
56,36, 0.57812, 0.36979, 3.305442E-01,0
57,36, 0.58854, 0.36979, 3.240630E-01,0
58,36, 0.59896, 0.36979, 3.171886E-01,0
59,36, 0.60938, 0.36979, 3.097427E-01,0
60,36, 0.61979, 0.36979, 3.020805E-01,0
61,36, 0.63021, 0.36979, 2.947902E-01,0
62,36, 0.64062, 0.36979, 2.870571E-01,0
63,36, 0.65104, 0.36979, 2.780875E-01,0
64,36, 0.66146, 0.36979, 2.725993E-01,1
65,36, 0.67188, 0.36979, 2.728453E-01,1
66,36, 0.68229, 0.36979, 2.718360E-01,0
67,36, 0.69271, 0.36979, 2.682393E-01,0
68,36, 0.70312, 0.36979, 2.632755E-01,0
69,36, 0.71354, 0.36979, 2.576396E-01,0
70,36, 0.72396, 0.36979, 2.515764E-01,0
71,36, 0.73438, 0.36979, 2.452234E-01,0
72,36, 0.74479, 0.36979, 2.386839E-01,0
73,36, 0.75521, 0.36979, 2.320456E-01,0
74,36, 0.76562, 0.36979, 2.253906E-01,0
75,36, 0.77604, 0.36979, 2.188042E-01,0
76,36, 0.78646, 0.36979, 2.123798E-01,0
77,36, 0.79688, 0.36979, 2.062275E-01,0
78,36, 0.80729, 0.36979, 2.005577E-01,0
79,36, 0.81771, 0.36979, 1.962058E-01,0
80,36, 0.82812, 0.36979, 1.958424E-01,1
81,36, 0.83854, 0.36979, 1.934706E-01,0
82,36, 0.84896, 0.36979, 1.868522E-01,0
83,36, 0.85938, 0.36979, 1.766538E-01,0
84,36, 0.86979, 0.36979, 1.659591E-01,0
85,36, 0.88021, 0.36979, 1.537245E-01,0
86,36, 0.89062, 0.36979, 1.407250E-01,0
87,36, 0.90104, 0.36979, 1.283441E-01,0
88,36, 0.91146, 0.36979, 1.168879E-01,0
89,36, 0.92188, 0.36979, 1.064638E-01,0
90,36, 0.93229, 0.36979, 9.670314E-02,0
91,36, 0.94271, 0.36979, 8.717143E-02,0
92,36, 0.95312, 0.36979, 7.737980E-02,0
93,36, 0.96354, 0.36979, 6.630357E-02,0
94,36, 0.97396, 0.36979, 5.181644E-02,0
95,36, 0.98438, 0.36979, 3.310150E-02,0
96,36, 0.99479, 0.36979, 1.092457E-02,0
1,37, 0.00521, 0.38021, 9.952973E-01,0
2,37, 0.01562, 0.38021, 9.858437E-01,0
3,37, 0.02604, 0.38021, 9.766531E-01,0
4,37, 0.03646, 0.38021, 9.685625E-01,0
5,37, 0.04688, 0.38021, 9.613917E-01,0
6,37, 0.05729, 0.38021, 9.537700E-01,0
7,37, 0.06771, 0.38021, 9.441990E-01,0
8,37, 0.07812, 0.38021, 9.377008E-01,1
9,37, 0.08854, 0.38021, 9.293940E-01,0
10,37, 0.09896, 0.38021, 9.192629E-01,0
11,37, 0.10938, 0.38021, 9.093165E-01,0
12,37, 0.11979, 0.38021, 8.992000E-01,0
13,37, 0.13021, 0.38021, 8.888600E-01,0
14,37, 0.14062, 0.38021, 8.782628E-01,0
15,37, 0.15104, 0.38021, 8.674010E-01,0
16,37, 0.16146, 0.38021, 8.562883E-01,0
17,37, 0.17188, 0.38021, 8.449471E-01,0
18,37, 0.18229, 0.38021, 8.334007E-01,0
19,37, 0.19271, 0.38021, 8.216703E-01,0
20,37, 0.20312, 0.38021, 8.097748E-01,0
21,37, 0.21354, 0.38021, 7.977323E-01,0
22,37, 0.22396, 0.38021, 7.855606E-01,0
23,37, 0.23438, 0.38021, 7.732779E-01,0
24,37, 0.24479, 0.38021, 7.609027E-01,0
25,37, 0.25521, 0.38021, 7.484532E-01,0
26,37, 0.26562, 0.38021, 7.359468E-01,0
27,37, 0.27604, 0.38021, 7.233991E-01,0
28,37, 0.28646, 0.38021, 7.108231E-01,0
29,37, 0.29688, 0.38021, 6.982289E-01,0
30,37, 0.30729, 0.38021, 6.856228E-01,0
31,37, 0.31771, 0.38021, 6.730072E-01,0
32,37, 0.32812, 0.38021, 6.603805E-01,0
33,37, 0.33854, 0.38021, 6.477364E-01,0
34,37, 0.34896, 0.38021, 6.350629E-01,0
35,37, 0.35938, 0.38021, 6.223381E-01,0
36,37, 0.36979, 0.38021, 6.095250E-01,0
37,37, 0.38021, 0.38021, 5.965663E-01,0
38,37, 0.39062, 0.38021, 5.833878E-01,0
39,37, 0.40104, 0.38021, 5.699031E-01,0
40,37, 0.41146, 0.38021, 5.559385E-01,0
41,37, 0.42188, 0.38021, 5.414230E-01,0
42,37, 0.43229, 0.38021, 5.293183E-01,1
43,37, 0.44271, 0.38021, 5.164699E-01,0
44,37, 0.45312, 0.38021, 5.005839E-01,0
45,37, 0.46354, 0.38021, 4.891821E-01,0
46,37, 0.47396, 0.38021, 4.740537E-01,0
47,37, 0.48438, 0.38021, 4.550633E-01,0
48,37, 0.49479, 0.38021, 4.358651E-01,0
49,37, 0.50521, 0.38021, 4.182004E-01,0
50,37, 0.51562, 0.38021, 4.017069E-01,0
51,37, 0.52604, 0.38021, 3.875862E-01,0
52,37, 0.53646, 0.38021, 3.758032E-01,0
53,37, 0.54688, 0.38021, 3.659099E-01,0
54,37, 0.55729, 0.38021, 3.570767E-01,0
55,37, 0.56771, 0.38021, 3.488518E-01,0
56,37, 0.57812, 0.38021, 3.409909E-01,0
57,37, 0.58854, 0.38021, 3.332764E-01,0
58,37, 0.59896, 0.38021, 3.255068E-01,0
59,37, 0.60938, 0.38021, 3.175676E-01,0
60,37, 0.61979, 0.38021, 3.095081E-01,0
61,37, 0.63021, 0.38021, 3.014032E-01,0
62,37, 0.64062, 0.38021, 2.931298E-01,0
63,37, 0.65104, 0.38021, 2.846804E-01,0
64,37, 0.66146, 0.38021, 2.764056E-01,0
65,37, 0.67188, 0.38021, 2.726597E-01,1
66,37, 0.68229, 0.38021, 2.723706E-01,1
67,37, 0.69271, 0.38021, 2.692220E-01,0
68,37, 0.70312, 0.38021, 2.636562E-01,0
69,37, 0.71354, 0.38021, 2.578860E-01,0
70,37, 0.72396, 0.38021, 2.518059E-01,0
71,37, 0.73438, 0.38021, 2.454667E-01,0
72,37, 0.74479, 0.38021, 2.389458E-01,0
73,37, 0.75521, 0.38021, 2.323234E-01,0
74,37, 0.76562, 0.38021, 2.256792E-01,0
75,37, 0.77604, 0.38021, 2.190929E-01,0
76,37, 0.78646, 0.38021, 2.126391E-01,0
77,37, 0.79688, 0.38021, 2.063687E-01,0
78,37, 0.80729, 0.38021, 2.002372E-01,0
79,37, 0.81771, 0.38021, 1.969886E-01,1
80,37, 0.82812, 0.38021, 1.966074E-01,1
81,37, 0.83854, 0.38021, 1.911547E-01,0
82,37, 0.84896, 0.38021, 1.818418E-01,0
83,37, 0.85938, 0.38021, 1.718779E-01,0
84,37, 0.86979, 0.38021, 1.613961E-01,0
85,37, 0.88021, 0.38021, 1.503241E-01,0
86,37, 0.89062, 0.38021, 1.389058E-01,0
87,37, 0.90104, 0.38021, 1.275871E-01,0
88,37, 0.91146, 0.38021, 1.165888E-01,0
89,37, 0.92188, 0.38021, 1.059351E-01,0
90,37, 0.93229, 0.38021, 9.542068E-02,0
91,37, 0.94271, 0.38021, 8.472869E-02,0
92,37, 0.95312, 0.38021, 7.343606E-02,0
93,37, 0.96354, 0.38021, 6.087312E-02,0
94,37, 0.97396, 0.38021, 4.612614E-02,0
95,37, 0.98438, 0.38021, 2.889128E-02,0
96,37, 0.99479, 0.38021, 9.739596E-03,0
1,38, 0.00521, 0.39062, 9.953817E-01,0
2,38, 0.01562, 0.39062, 9.861772E-01,0
3,38, 0.02604, 0.39062, 9.771777E-01,0
4,38, 0.03646, 0.39062, 9.686316E-01,0
5,38, 0.04688, 0.39062, 9.604189E-01,0
6,38, 0.05729, 0.39062, 9.519838E-01,0
7,38, 0.06771, 0.39062, 9.430308E-01,0
8,38, 0.07812, 0.39062, 9.342786E-01,0
9,38, 0.08854, 0.39062, 9.268668E-01,1
10,38, 0.09896, 0.39062, 9.193471E-01,0
11,38, 0.10938, 0.39062, 9.092943E-01,0
12,38, 0.11979, 0.39062, 8.990059E-01,0
13,38, 0.13021, 0.39062, 8.885813E-01,0
14,38, 0.14062, 0.39062, 8.779207E-01,0
15,38, 0.15104, 0.39062, 8.669987E-01,0
16,38, 0.16146, 0.39062, 8.558333E-01,0
17,38, 0.17188, 0.39062, 8.444552E-01,0
18,38, 0.18229, 0.39062, 8.328937E-01,0
19,38, 0.19271, 0.39062, 8.211724E-01,0
20,38, 0.20312, 0.39062, 8.093104E-01,0
21,38, 0.21354, 0.39062, 7.973234E-01,0
22,38, 0.22396, 0.39062, 7.852261E-01,0
23,38, 0.23438, 0.39062, 7.730326E-01,0
24,38, 0.24479, 0.39062, 7.607566E-01,0
25,38, 0.25521, 0.39062, 7.484115E-01,0
26,38, 0.26562, 0.39062, 7.360097E-01,0
27,38, 0.27604, 0.39062, 7.235622E-01,0
28,38, 0.28646, 0.39062, 7.110781E-01,0
29,38, 0.29688, 0.39062, 6.985644E-01,0
30,38, 0.30729, 0.39062, 6.860251E-01,0
31,38, 0.31771, 0.39062, 6.734625E-01,0
32,38, 0.32812, 0.39062, 6.608762E-01,0
33,38, 0.33854, 0.39062, 6.482640E-01,0
34,38, 0.34896, 0.39062, 6.356201E-01,0
35,38, 0.35938, 0.39062, 6.229307E-01,0
36,38, 0.36979, 0.39062, 6.101658E-01,0
37,38, 0.38021, 0.39062, 5.972719E-01,0
38,38, 0.39062, 0.39062, 5.841963E-01,0
39,38, 0.40104, 0.39062, 5.709987E-01,0
40,38, 0.41146, 0.39062, 5.576289E-01,0
41,38, 0.42188, 0.39062, 5.463604E-01,1
42,38, 0.43229, 0.39062, 5.345808E-01,0
43,38, 0.44271, 0.39062, 5.201370E-01,0
44,38, 0.45312, 0.39062, 5.061655E-01,0
45,38, 0.46354, 0.39062, 4.927308E-01,0
46,38, 0.47396, 0.39062, 4.779735E-01,0
47,38, 0.48438, 0.39062, 4.618539E-01,0
48,38, 0.49479, 0.39062, 4.455197E-01,0
49,38, 0.50521, 0.39062, 4.298197E-01,0
50,38, 0.51562, 0.39062, 4.150195E-01,0
51,38, 0.52604, 0.39062, 4.015541E-01,0
52,38, 0.53646, 0.39062, 3.894833E-01,0
53,38, 0.54688, 0.39062, 3.786355E-01,0
54,38, 0.55729, 0.39062, 3.686779E-01,0
55,38, 0.56771, 0.39062, 3.593500E-01,0
56,38, 0.57812, 0.39062, 3.504586E-01,0
57,38, 0.58854, 0.39062, 3.418298E-01,0
58,38, 0.59896, 0.39062, 3.333076E-01,0
59,38, 0.60938, 0.39062, 3.247826E-01,0
60,38, 0.61979, 0.39062, 3.162092E-01,0
61,38, 0.63021, 0.39062, 3.075732E-01,0
62,38, 0.64062, 0.39062, 2.988699E-01,0
63,38, 0.65104, 0.39062, 2.901912E-01,0
64,38, 0.66146, 0.39062, 2.818378E-01,0
65,38, 0.67188, 0.39062, 2.746650E-01,0
66,38, 0.68229, 0.39062, 2.721328E-01,1
67,38, 0.69271, 0.39062, 2.693617E-01,0
68,38, 0.70312, 0.39062, 2.639920E-01,0
69,38, 0.71354, 0.39062, 2.582655E-01,0
70,38, 0.72396, 0.39062, 2.521947E-01,0
71,38, 0.73438, 0.39062, 2.458494E-01,0
72,38, 0.74479, 0.39062, 2.393109E-01,0
73,38, 0.75521, 0.39062, 2.326637E-01,0
74,38, 0.76562, 0.39062, 2.259935E-01,0
75,38, 0.77604, 0.39062, 2.193859E-01,0
76,38, 0.78646, 0.39062, 2.129228E-01,0
77,38, 0.79688, 0.39062, 2.066691E-01,0
78,38, 0.80729, 0.39062, 2.006243E-01,0
79,38, 0.81771, 0.39062, 1.976062E-01,1
80,38, 0.82812, 0.39062, 1.948551E-01,0
81,38, 0.83854, 0.39062, 1.870241E-01,0
82,38, 0.84896, 0.39062, 1.778404E-01,0
83,38, 0.85938, 0.39062, 1.679994E-01,0
84,38, 0.86979, 0.39062, 1.577318E-01,0
85,38, 0.88021, 0.39062, 1.471298E-01,0
86,38, 0.89062, 0.39062, 1.363151E-01,0
87,38, 0.90104, 0.39062, 1.254430E-01,0
88,38, 0.91146, 0.39062, 1.145942E-01,0
89,38, 0.92188, 0.39062, 1.037406E-01,0
90,38, 0.93229, 0.39062, 9.273651E-02,0
91,38, 0.94271, 0.39062, 8.135700E-02,0
92,38, 0.95312, 0.39062, 6.930999E-02,0
93,38, 0.96354, 0.39062, 5.622360E-02,0
94,38, 0.97396, 0.39062, 4.172580E-02,0
95,38, 0.98438, 0.39062, 2.575495E-02,0
96,38, 0.99479, 0.39062, 8.690411E-03,0
1,39, 0.00521, 0.40104, 9.953983E-01,0
2,39, 0.01562, 0.40104, 9.862288E-01,0
3,39, 0.02604, 0.40104, 9.771817E-01,0
4,39, 0.03646, 0.40104, 9.683348E-01,0
5,39, 0.04688, 0.40104, 9.596269E-01,0
6,39, 0.05729, 0.40104, 9.508577E-01,0
7,39, 0.06771, 0.40104, 9.419287E-01,0
8,39, 0.07812, 0.40104, 9.329722E-01,0
9,39, 0.08854, 0.40104, 9.241372E-01,0
10,39, 0.09896, 0.40104, 9.178236E-01,1
11,39, 0.10938, 0.40104, 9.097783E-01,0
12,39, 0.11979, 0.40104, 8.987181E-01,0
13,39, 0.13021, 0.40104, 8.881904E-01,0
14,39, 0.14062, 0.40104, 8.774942E-01,0
15,39, 0.15104, 0.40104, 8.665359E-01,0
16,39, 0.16146, 0.40104, 8.553383E-01,0
17,39, 0.17188, 0.40104, 8.439425E-01,0
18,39, 0.18229, 0.40104, 8.323840E-01,0
19,39, 0.19271, 0.40104, 8.206888E-01,0
20,39, 0.20312, 0.40104, 8.088754E-01,0
21,39, 0.21354, 0.40104, 7.969576E-01,0
22,39, 0.22396, 0.40104, 7.849470E-01,0
23,39, 0.23438, 0.40104, 7.728541E-01,0
24,39, 0.24479, 0.40104, 7.606884E-01,0
25,39, 0.25521, 0.40104, 7.484591E-01,0
26,39, 0.26562, 0.40104, 7.361741E-01,0
27,39, 0.27604, 0.40104, 7.238406E-01,0
28,39, 0.28646, 0.40104, 7.114641E-01,0
29,39, 0.29688, 0.40104, 6.990490E-01,0
30,39, 0.30729, 0.40104, 6.865980E-01,0
31,39, 0.31771, 0.40104, 6.741128E-01,0
32,39, 0.32812, 0.40104, 6.615950E-01,0
33,39, 0.33854, 0.40104, 6.490460E-01,0
34,39, 0.34896, 0.40104, 6.364669E-01,0
35,39, 0.35938, 0.40104, 6.238521E-01,0
36,39, 0.36979, 0.40104, 6.111742E-01,0
37,39, 0.38021, 0.40104, 5.983628E-01,0
38,39, 0.39062, 0.40104, 5.853453E-01,0
39,39, 0.40104, 0.40104, 5.725303E-01,0
40,39, 0.41146, 0.40104, 5.621975E-01,1
41,39, 0.42188, 0.40104, 5.512444E-01,0
42,39, 0.43229, 0.40104, 5.378273E-01,0
43,39, 0.44271, 0.40104, 5.243545E-01,0
44,39, 0.45312, 0.40104, 5.108857E-01,0
45,39, 0.46354, 0.40104, 4.973167E-01,0
46,39, 0.47396, 0.40104, 4.831859E-01,0
47,39, 0.48438, 0.40104, 4.685225E-01,0
48,39, 0.49479, 0.40104, 4.537671E-01,0
49,39, 0.50521, 0.40104, 4.393513E-01,0
50,39, 0.51562, 0.40104, 4.255359E-01,0
51,39, 0.52604, 0.40104, 4.125400E-01,0
52,39, 0.53646, 0.40104, 4.004323E-01,0
53,39, 0.54688, 0.40104, 3.891590E-01,0
54,39, 0.55729, 0.40104, 3.785840E-01,0
55,39, 0.56771, 0.40104, 3.685658E-01,0
56,39, 0.57812, 0.40104, 3.589729E-01,0
57,39, 0.58854, 0.40104, 3.496756E-01,0
58,39, 0.59896, 0.40104, 3.405517E-01,0
59,39, 0.60938, 0.40104, 3.314986E-01,0
60,39, 0.61979, 0.40104, 3.224424E-01,0
61,39, 0.63021, 0.40104, 3.133319E-01,0
62,39, 0.64062, 0.40104, 3.041374E-01,0
63,39, 0.65104, 0.40104, 2.948679E-01,0
64,39, 0.66146, 0.40104, 2.855917E-01,0
65,39, 0.67188, 0.40104, 2.764788E-01,0
66,39, 0.68229, 0.40104, 2.720527E-01,1
67,39, 0.69271, 0.40104, 2.694976E-01,0
68,39, 0.70312, 0.40104, 2.643891E-01,0
69,39, 0.71354, 0.40104, 2.587848E-01,0
70,39, 0.72396, 0.40104, 2.527427E-01,0
71,39, 0.73438, 0.40104, 2.463699E-01,0
72,39, 0.74479, 0.40104, 2.397727E-01,0
73,39, 0.75521, 0.40104, 2.330535E-01,0
74,39, 0.76562, 0.40104, 2.263123E-01,0
75,39, 0.77604, 0.40104, 2.196498E-01,0
76,39, 0.78646, 0.40104, 2.131678E-01,0
77,39, 0.79688, 0.40104, 2.069588E-01,0
78,39, 0.80729, 0.40104, 2.010525E-01,0
79,39, 0.81771, 0.40104, 1.981597E-01,1
80,39, 0.82812, 0.40104, 1.936575E-01,0
81,39, 0.83854, 0.40104, 1.843537E-01,0
82,39, 0.84896, 0.40104, 1.746658E-01,0
83,39, 0.85938, 0.40104, 1.646784E-01,0
84,39, 0.86979, 0.40104, 1.544511E-01,0
85,39, 0.88021, 0.40104, 1.440235E-01,0
86,39, 0.89062, 0.40104, 1.334370E-01,0
87,39, 0.90104, 0.40104, 1.227308E-01,0
88,39, 0.91146, 0.40104, 1.119081E-01,0
89,39, 0.92188, 0.40104, 1.009166E-01,0
90,39, 0.93229, 0.40104, 8.964580E-02,0
91,39, 0.94271, 0.40104, 7.794293E-02,0
92,39, 0.95312, 0.40104, 6.562861E-02,0
93,39, 0.96354, 0.40104, 5.251515E-02,0
94,39, 0.97396, 0.40104, 3.846584E-02,0
95,39, 0.98438, 0.40104, 2.351300E-02,0
96,39, 0.99479, 0.40104, 7.910214E-03,0
1,40, 0.00521, 0.41146, 9.953668E-01,0
2,40, 0.01562, 0.41146, 9.861240E-01,0
3,40, 0.02604, 0.41146, 9.769524E-01,0
4,40, 0.03646, 0.41146, 9.678821E-01,0
5,40, 0.04688, 0.41146, 9.588888E-01,0
6,40, 0.05729, 0.41146, 9.499035E-01,0
7,40, 0.06771, 0.41146, 9.408924E-01,0
8,40, 0.07812, 0.41146, 9.319015E-01,0
9,40, 0.08854, 0.41146, 9.230792E-01,0
10,40, 0.09896, 0.41146, 9.152071E-01,0
11,40, 0.10938, 0.41146, 9.072461E-01,0
12,40, 0.11979, 0.41146, 8.977380E-01,0
13,40, 0.13021, 0.41146, 8.875512E-01,0
14,40, 0.14062, 0.41146, 8.769307E-01,0
15,40, 0.15104, 0.41146, 8.659831E-01,0
16,40, 0.16146, 0.41146, 8.547848E-01,0
17,40, 0.17188, 0.41146, 8.433973E-01,0
18,40, 0.18229, 0.41146, 8.318643E-01,0
19,40, 0.19271, 0.41146, 8.202142E-01,0
20,40, 0.20312, 0.41146, 8.084654E-01,0
21,40, 0.21354, 0.41146, 7.966306E-01,0
22,40, 0.22396, 0.41146, 7.847190E-01,0
23,40, 0.23438, 0.41146, 7.727379E-01,0
24,40, 0.24479, 0.41146, 7.606935E-01,0
25,40, 0.25521, 0.41146, 7.485910E-01,0
26,40, 0.26562, 0.41146, 7.364348E-01,0
27,40, 0.27604, 0.41146, 7.242285E-01,0
28,40, 0.28646, 0.41146, 7.119749E-01,0
29,40, 0.29688, 0.41146, 6.996762E-01,0
30,40, 0.30729, 0.41146, 6.873342E-01,0
31,40, 0.31771, 0.41146, 6.749509E-01,0
32,40, 0.32812, 0.41146, 6.625298E-01,0
33,40, 0.33854, 0.41146, 6.500769E-01,0
34,40, 0.34896, 0.41146, 6.376005E-01,0
35,40, 0.35938, 0.41146, 6.251060E-01,0
36,40, 0.36979, 0.41146, 6.125706E-01,0
37,40, 0.38021, 0.41146, 5.998987E-01,0
38,40, 0.39062, 0.41146, 5.872192E-01,0
39,40, 0.40104, 0.41146, 5.768889E-01,1
40,40, 0.41146, 0.41146, 5.667075E-01,0
41,40, 0.42188, 0.41146, 5.541370E-01,0
42,40, 0.43229, 0.41146, 5.414241E-01,0
43,40, 0.44271, 0.41146, 5.284984E-01,0
44,40, 0.45312, 0.41146, 5.154141E-01,0
45,40, 0.46354, 0.41146, 5.021436E-01,0
46,40, 0.47396, 0.41146, 4.885887E-01,0
47,40, 0.48438, 0.41146, 4.748050E-01,0
48,40, 0.49479, 0.41146, 4.610022E-01,0
49,40, 0.50521, 0.41146, 4.474162E-01,0
50,40, 0.51562, 0.41146, 4.342303E-01,0
51,40, 0.52604, 0.41146, 4.215810E-01,0
52,40, 0.53646, 0.41146, 4.095310E-01,0
53,40, 0.54688, 0.41146, 3.980758E-01,0
54,40, 0.55729, 0.41146, 3.871620E-01,0
55,40, 0.56771, 0.41146, 3.767147E-01,0
56,40, 0.57812, 0.41146, 3.666492E-01,0
57,40, 0.58854, 0.41146, 3.568726E-01,0
58,40, 0.59896, 0.41146, 3.472890E-01,0
59,40, 0.60938, 0.41146, 3.378070E-01,0
60,40, 0.61979, 0.41146, 3.283422E-01,0
61,40, 0.63021, 0.41146, 3.188146E-01,0
62,40, 0.64062, 0.41146, 3.091402E-01,0
63,40, 0.65104, 0.41146, 2.992157E-01,0
64,40, 0.66146, 0.41146, 2.888882E-01,0
65,40, 0.67188, 0.41146, 2.779285E-01,0
66,40, 0.68229, 0.41146, 2.720767E-01,1
67,40, 0.69271, 0.41146, 2.698330E-01,0
68,40, 0.70312, 0.41146, 2.650199E-01,0
69,40, 0.71354, 0.41146, 2.595472E-01,0
70,40, 0.72396, 0.41146, 2.535045E-01,0
71,40, 0.73438, 0.41146, 2.470512E-01,0
72,40, 0.74479, 0.41146, 2.403331E-01,0
73,40, 0.75521, 0.41146, 2.334765E-01,0
74,40, 0.76562, 0.41146, 2.265989E-01,0
75,40, 0.77604, 0.41146, 2.198188E-01,0
76,40, 0.78646, 0.41146, 2.132658E-01,0
77,40, 0.79688, 0.41146, 2.070792E-01,0
78,40, 0.80729, 0.41146, 2.013609E-01,0
79,40, 0.81771, 0.41146, 1.986729E-01,1
80,40, 0.82812, 0.41146, 1.927812E-01,0
81,40, 0.83854, 0.41146, 1.821026E-01,0
82,40, 0.84896, 0.41146, 1.718211E-01,0
83,40, 0.85938, 0.41146, 1.616050E-01,0
84,40, 0.86979, 0.41146, 1.513358E-01,0
85,40, 0.88021, 0.41146, 1.409654E-01,0
86,40, 0.89062, 0.41146, 1.304703E-01,0
87,40, 0.90104, 0.41146, 1.198310E-01,0
88,40, 0.91146, 0.41146, 1.090139E-01,0
89,40, 0.92188, 0.41146, 9.796103E-02,0
90,40, 0.93229, 0.41146, 8.658930E-02,0
91,40, 0.94271, 0.41146, 7.479959E-02,0
92,40, 0.95312, 0.41146, 6.249003E-02,0
93,40, 0.96354, 0.41146, 4.957490E-02,0
94,40, 0.97396, 0.41146, 3.601869E-02,0
95,40, 0.98438, 0.41146, 2.188234E-02,0
96,40, 0.99479, 0.41146, 7.341213E-03,0
1,41, 0.00521, 0.42188, 9.953071E-01,0
2,41, 0.01562, 0.42188, 9.859372E-01,0
3,41, 0.02604, 0.42188, 9.766126E-01,0
4,41, 0.03646, 0.42188, 9.673509E-01,0
5,41, 0.04688, 0.42188, 9.581473E-01,0
6,41, 0.05729, 0.42188, 9.489812E-01,0
7,41, 0.06771, 0.42188, 9.398433E-01,0
8,41, 0.07812, 0.42188, 9.307521E-01,0
9,41, 0.08854, 0.42188, 9.217574E-01,0
10,41, 0.09896, 0.42188, 9.129753E-01,0
11,41, 0.10938, 0.42188, 9.043321E-01,0
12,41, 0.11979, 0.42188, 8.958500E-01,0
13,41, 0.13021, 0.42188, 8.866556E-01,0
14,41, 0.14062, 0.42188, 8.762141E-01,0
15,41, 0.15104, 0.42188, 8.653249E-01,0
16,41, 0.16146, 0.42188, 8.541620E-01,0
17,41, 0.17188, 0.42188, 8.428131E-01,0
18,41, 0.18229, 0.42188, 8.313302E-01,0
19,41, 0.19271, 0.42188, 8.197449E-01,0
20,41, 0.20312, 0.42188, 8.080768E-01,0
21,41, 0.21354, 0.42188, 7.963382E-01,0
22,41, 0.22396, 0.42188, 7.845373E-01,0
23,41, 0.23438, 0.42188, 7.726791E-01,0
24,41, 0.24479, 0.42188, 7.607667E-01,0
25,41, 0.25521, 0.42188, 7.488022E-01,0
26,41, 0.26562, 0.42188, 7.367866E-01,0
27,41, 0.27604, 0.42188, 7.247203E-01,0
28,41, 0.28646, 0.42188, 7.126038E-01,0
29,41, 0.29688, 0.42188, 7.004379E-01,0
30,41, 0.30729, 0.42188, 6.882242E-01,0
31,41, 0.31771, 0.42188, 6.759660E-01,0
32,41, 0.32812, 0.42188, 6.636691E-01,0
33,41, 0.33854, 0.42188, 6.513437E-01,0
34,41, 0.34896, 0.42188, 6.390063E-01,0
35,41, 0.35938, 0.42188, 6.266735E-01,0
36,41, 0.36979, 0.42188, 6.142844E-01,0
37,41, 0.38021, 0.42188, 6.011203E-01,0
38,41, 0.39062, 0.42188, 5.914005E-01,1
39,41, 0.40104, 0.42188, 5.815509E-01,0
40,41, 0.41146, 0.42188, 5.695902E-01,0
41,41, 0.42188, 0.42188, 5.574896E-01,0
42,41, 0.43229, 0.42188, 5.451534E-01,0
43,41, 0.44271, 0.42188, 5.325948E-01,0
44,41, 0.45312, 0.42188, 5.198534E-01,0
45,41, 0.46354, 0.42188, 5.069403E-01,0
46,41, 0.47396, 0.42188, 4.938572E-01,0
47,41, 0.48438, 0.42188, 4.806631E-01,0
48,41, 0.49479, 0.42188, 4.674792E-01,0
49,41, 0.50521, 0.42188, 4.544466E-01,0
50,41, 0.51562, 0.42188, 4.416893E-01,0
51,41, 0.52604, 0.42188, 4.293017E-01,0
52,41, 0.53646, 0.42188, 4.173387E-01,0
53,41, 0.54688, 0.42188, 4.058155E-01,0
54,41, 0.55729, 0.42188, 3.947159E-01,0
55,41, 0.56771, 0.42188, 3.840023E-01,0
56,41, 0.57812, 0.42188, 3.736219E-01,0
57,41, 0.58854, 0.42188, 3.635099E-01,0
58,41, 0.59896, 0.42188, 3.535932E-01,0
59,41, 0.60938, 0.42188, 3.437929E-01,0
60,41, 0.61979, 0.42188, 3.340242E-01,0
61,41, 0.63021, 0.42188, 3.241885E-01,0
62,41, 0.64062, 0.42188, 3.141561E-01,0
63,41, 0.65104, 0.42188, 3.037293E-01,0
64,41, 0.66146, 0.42188, 2.925513E-01,0
65,41, 0.67188, 0.42188, 2.798535E-01,0
66,41, 0.68229, 0.42188, 2.720479E-01,1
67,41, 0.69271, 0.42188, 2.704450E-01,0
68,41, 0.70312, 0.42188, 2.661173E-01,0
69,41, 0.71354, 0.42188, 2.607166E-01,0
70,41, 0.72396, 0.42188, 2.545664E-01,0
71,41, 0.73438, 0.42188, 2.479303E-01,0
72,41, 0.74479, 0.42188, 2.409987E-01,0
73,41, 0.75521, 0.42188, 2.339174E-01,0
74,41, 0.76562, 0.42188, 2.268136E-01,0
75,41, 0.77604, 0.42188, 2.198172E-01,0
76,41, 0.78646, 0.42188, 2.130854E-01,0
77,41, 0.79688, 0.42188, 2.068417E-01,0
78,41, 0.80729, 0.42188, 2.014267E-01,0
79,41, 0.81771, 0.42188, 1.992955E-01,1
80,41, 0.82812, 0.42188, 1.910032E-01,0
81,41, 0.83854, 0.42188, 1.794245E-01,0
82,41, 0.84896, 0.42188, 1.688281E-01,0
83,41, 0.85938, 0.42188, 1.585033E-01,0
84,41, 0.86979, 0.42188, 1.482369E-01,0
85,41, 0.88021, 0.42188, 1.379244E-01,0
86,41, 0.89062, 0.42188, 1.275017E-01,0
87,41, 0.90104, 0.42188, 1.169210E-01,0
88,41, 0.91146, 0.42188, 1.061363E-01,0
89,41, 0.92188, 0.42188, 9.509476E-02,0
90,41, 0.93229, 0.42188, 8.373687E-02,0
91,41, 0.94271, 0.42188, 7.200163E-02,0
92,41, 0.95312, 0.42188, 5.983615E-02,0
93,41, 0.96354, 0.42188, 4.720870E-02,0
94,41, 0.97396, 0.42188, 3.412639E-02,0
95,41, 0.98438, 0.42188, 2.065338E-02,0
96,41, 0.99479, 0.42188, 6.915461E-03,0
1,42, 0.00521, 0.43229, 9.952314E-01,0
2,42, 0.01562, 0.43229, 9.857060E-01,0
3,42, 0.02604, 0.43229, 9.762142E-01,0
4,42, 0.03646, 0.43229, 9.667712E-01,0
5,42, 0.04688, 0.43229, 9.573816E-01,0
6,42, 0.05729, 0.43229, 9.480430E-01,0
7,42, 0.06771, 0.43229, 9.387542E-01,0
8,42, 0.07812, 0.43229, 9.295180E-01,0
9,42, 0.08854, 0.43229, 9.203274E-01,0
10,42, 0.09896, 0.43229, 9.111026E-01,0
11,42, 0.10938, 0.43229, 9.012646E-01,0
12,42, 0.11979, 0.43229, 8.939612E-01,1
13,42, 0.13021, 0.43229, 8.863696E-01,0
14,42, 0.14062, 0.43229, 8.754763E-01,0
15,42, 0.15104, 0.43229, 8.645924E-01,0
16,42, 0.16146, 0.43229, 8.534823E-01,0
17,42, 0.17188, 0.43229, 8.421976E-01,0
18,42, 0.18229, 0.43229, 8.307865E-01,0
19,42, 0.19271, 0.43229, 8.192825E-01,0
20,42, 0.20312, 0.43229, 8.077079E-01,0
21,42, 0.21354, 0.43229, 7.960767E-01,0
22,42, 0.22396, 0.43229, 7.843968E-01,0
23,42, 0.23438, 0.43229, 7.726719E-01,0
24,42, 0.24479, 0.43229, 7.609026E-01,0
25,42, 0.25521, 0.43229, 7.490873E-01,0
26,42, 0.26562, 0.43229, 7.372239E-01,0
27,42, 0.27604, 0.43229, 7.253099E-01,0
28,42, 0.28646, 0.43229, 7.133434E-01,0
29,42, 0.29688, 0.43229, 7.013243E-01,0
30,42, 0.30729, 0.43229, 6.892550E-01,0
31,42, 0.31771, 0.43229, 6.771410E-01,0
32,42, 0.32812, 0.43229, 6.649912E-01,0
33,42, 0.33854, 0.43229, 6.528197E-01,0
34,42, 0.34896, 0.43229, 6.406513E-01,0
35,42, 0.35938, 0.43229, 6.285514E-01,0
36,42, 0.36979, 0.43229, 6.167116E-01,0
37,42, 0.38021, 0.43229, 6.054266E-01,0
38,42, 0.39062, 0.43229, 5.950424E-01,0
39,42, 0.40104, 0.43229, 5.846649E-01,0
40,42, 0.41146, 0.43229, 5.729731E-01,0
41,42, 0.42188, 0.43229, 5.610612E-01,0
42,42, 0.43229, 0.43229, 5.489618E-01,0
43,42, 0.44271, 0.43229, 5.366766E-01,0
44,42, 0.45312, 0.43229, 5.242261E-01,0
45,42, 0.46354, 0.43229, 5.116313E-01,0
46,42, 0.47396, 0.43229, 4.989192E-01,0
47,42, 0.48438, 0.43229, 4.861430E-01,0
48,42, 0.49479, 0.43229, 4.733838E-01,0
49,42, 0.50521, 0.43229, 4.607342E-01,0
50,42, 0.51562, 0.43229, 4.482807E-01,0
51,42, 0.52604, 0.43229, 4.360932E-01,0
52,42, 0.53646, 0.43229, 4.242190E-01,0
53,42, 0.54688, 0.43229, 4.126810E-01,0
54,42, 0.55729, 0.43229, 4.014808E-01,0
55,42, 0.56771, 0.43229, 3.906025E-01,0
56,42, 0.57812, 0.43229, 3.800156E-01,0
57,42, 0.58854, 0.43229, 3.696775E-01,0
58,42, 0.59896, 0.43229, 3.595357E-01,0
59,42, 0.60938, 0.43229, 3.495285E-01,0
60,42, 0.61979, 0.43229, 3.395817E-01,0
61,42, 0.63021, 0.43229, 3.295969E-01,0
62,42, 0.64062, 0.43229, 3.194273E-01,0
63,42, 0.65104, 0.43229, 3.088380E-01,0
64,42, 0.66146, 0.43229, 2.974133E-01,0
65,42, 0.67188, 0.43229, 2.838797E-01,0
66,42, 0.68229, 0.43229, 2.718885E-01,1
67,42, 0.69271, 0.43229, 2.719910E-01,0
68,42, 0.70312, 0.43229, 2.680947E-01,0
69,42, 0.71354, 0.43229, 2.624866E-01,0
70,42, 0.72396, 0.43229, 2.560096E-01,0
71,42, 0.73438, 0.43229, 2.490361E-01,0
72,42, 0.74479, 0.43229, 2.417740E-01,0
73,42, 0.75521, 0.43229, 2.343657E-01,0
74,42, 0.76562, 0.43229, 2.269287E-01,0
75,42, 0.77604, 0.43229, 2.195819E-01,0
76,42, 0.78646, 0.43229, 2.124799E-01,0
77,42, 0.79688, 0.43229, 2.059073E-01,0
78,42, 0.80729, 0.43229, 2.006662E-01,0
79,42, 0.81771, 0.43229, 2.003647E-01,1
80,42, 0.82812, 0.43229, 1.855389E-01,0
81,42, 0.83854, 0.43229, 1.756769E-01,0
82,42, 0.84896, 0.43229, 1.653515E-01,0
83,42, 0.85938, 0.43229, 1.551718E-01,0
84,42, 0.86979, 0.43229, 1.450524E-01,0
85,42, 0.88021, 0.43229, 1.348771E-01,0
86,42, 0.89062, 0.43229, 1.245706E-01,0
87,42, 0.90104, 0.43229, 1.140832E-01,0
88,42, 0.91146, 0.43229, 1.033742E-01,0
89,42, 0.92188, 0.43229, 9.240455E-02,0
90,42, 0.93229, 0.43229, 8.113607E-02,0
91,42, 0.94271, 0.43229, 6.953516E-02,0
92,42, 0.95312, 0.43229, 5.757925E-02,0
93,42, 0.96354, 0.43229, 4.526477E-02,0
94,42, 0.97396, 0.43229, 3.261591E-02,0
95,42, 0.98438, 0.43229, 1.969152E-02,0
96,42, 0.99479, 0.43229, 6.585027E-03,0
1,43, 0.00521, 0.44271, 9.951459E-01,0
2,43, 0.01562, 0.44271, 9.854479E-01,0
3,43, 0.02604, 0.44271, 9.757792E-01,0
4,43, 0.03646, 0.44271, 9.661551E-01,0
5,43, 0.04688, 0.44271, 9.565852E-01,0
6,43, 0.05729, 0.44271, 9.470746E-01,0
7,43, 0.06771, 0.44271, 9.376256E-01,0
8,43, 0.07812, 0.44271, 9.282378E-01,0
9,43, 0.08854, 0.44271, 9.189020E-01,0
10,43, 0.09896, 0.44271, 9.095952E-01,0
11,43, 0.10938, 0.44271, 9.003238E-01,0
12,43, 0.11979, 0.44271, 8.917796E-01,0
13,43, 0.13021, 0.44271, 8.835484E-01,0
14,43, 0.14062, 0.44271, 8.744882E-01,0
15,43, 0.15104, 0.44271, 8.637949E-01,0
16,43, 0.16146, 0.44271, 8.527750E-01,0
17,43, 0.17188, 0.44271, 8.415759E-01,0
18,43, 0.18229, 0.44271, 8.302495E-01,0
19,43, 0.19271, 0.44271, 8.188347E-01,0
20,43, 0.20312, 0.44271, 8.073597E-01,0
21,43, 0.21354, 0.44271, 7.958425E-01,0
22,43, 0.22396, 0.44271, 7.842921E-01,0
23,43, 0.23438, 0.44271, 7.727104E-01,0
24,43, 0.24479, 0.44271, 7.610951E-01,0
25,43, 0.25521, 0.44271, 7.494409E-01,0
26,43, 0.26562, 0.44271, 7.377417E-01,0
27,43, 0.27604, 0.44271, 7.259914E-01,0
28,43, 0.28646, 0.44271, 7.141856E-01,0
29,43, 0.29688, 0.44271, 7.023234E-01,0
30,43, 0.30729, 0.44271, 6.904086E-01,0
31,43, 0.31771, 0.44271, 6.784506E-01,0
32,43, 0.32812, 0.44271, 6.664633E-01,0
33,43, 0.33854, 0.44271, 6.544615E-01,0
34,43, 0.34896, 0.44271, 6.424652E-01,0
35,43, 0.35938, 0.44271, 6.306023E-01,0
36,43, 0.36979, 0.44271, 6.200777E-01,0
37,43, 0.38021, 0.44271, 6.097220E-01,0
38,43, 0.39062, 0.44271, 5.991124E-01,0
39,43, 0.40104, 0.44271, 5.879997E-01,0
40,43, 0.41146, 0.44271, 5.764648E-01,0
41,43, 0.42188, 0.44271, 5.647283E-01,0
42,43, 0.43229, 0.44271, 5.528223E-01,0
43,43, 0.44271, 0.44271, 5.407555E-01,0
44,43, 0.45312, 0.44271, 5.285439E-01,0
45,43, 0.46354, 0.44271, 5.162100E-01,0
46,43, 0.47396, 0.44271, 5.037849E-01,0
47,43, 0.48438, 0.44271, 4.913140E-01,0
48,43, 0.49479, 0.44271, 4.788570E-01,0
49,43, 0.50521, 0.44271, 4.664800E-01,0
50,43, 0.51562, 0.44271, 4.542470E-01,0
51,43, 0.52604, 0.44271, 4.422126E-01,0
52,43, 0.53646, 0.44271, 4.304177E-01,0
53,43, 0.54688, 0.44271, 4.188882E-01,0
54,43, 0.55729, 0.44271, 4.076348E-01,0
55,43, 0.56771, 0.44271, 3.966552E-01,0
56,43, 0.57812, 0.44271, 3.859352E-01,0
57,43, 0.58854, 0.44271, 3.754512E-01,0
58,43, 0.59896, 0.44271, 3.651716E-01,0
59,43, 0.60938, 0.44271, 3.550584E-01,0
60,43, 0.61979, 0.44271, 3.450632E-01,0
61,43, 0.63021, 0.44271, 3.351131E-01,0
62,43, 0.64062, 0.44271, 3.250776E-01,0
63,43, 0.65104, 0.44271, 3.147429E-01,0
64,43, 0.66146, 0.44271, 3.040790E-01,0
65,43, 0.67188, 0.44271, 2.954803E-01,0
66,43, 0.68229, 0.44271, 2.820441E-01,0
67,43, 0.69271, 0.44271, 2.773657E-01,0
68,43, 0.70312, 0.44271, 2.715846E-01,0
69,43, 0.71354, 0.44271, 2.649914E-01,0
70,43, 0.72396, 0.44271, 2.578542E-01,0
71,43, 0.73438, 0.44271, 2.503635E-01,0
72,43, 0.74479, 0.44271, 2.426519E-01,0
73,43, 0.75521, 0.44271, 2.348187E-01,0
74,43, 0.76562, 0.44271, 2.269458E-01,0
75,43, 0.77604, 0.44271, 2.191091E-01,0
76,43, 0.78646, 0.44271, 2.113856E-01,0
77,43, 0.79688, 0.44271, 2.038570E-01,0
78,43, 0.80729, 0.44271, 1.965685E-01,0
79,43, 0.81771, 0.44271, 1.890957E-01,0
80,43, 0.82812, 0.44271, 1.771681E-01,1
81,43, 0.83854, 0.44271, 1.716000E-01,0
82,43, 0.84896, 0.44271, 1.613017E-01,0
83,43, 0.85938, 0.44271, 1.515041E-01,0
84,43, 0.86979, 0.44271, 1.417395E-01,0
85,43, 0.88021, 0.44271, 1.318263E-01,0
86,43, 0.89062, 0.44271, 1.217072E-01,0
87,43, 0.90104, 0.44271, 1.113604E-01,0
88,43, 0.91146, 0.44271, 1.007693E-01,0
89,43, 0.92188, 0.44271, 8.991633E-02,0
90,43, 0.93229, 0.44271, 7.878405E-02,0
91,43, 0.94271, 0.44271, 6.735946E-02,0
92,43, 0.95312, 0.44271, 5.563910E-02,0
93,43, 0.96354, 0.44271, 4.363414E-02,0
94,43, 0.97396, 0.44271, 3.137478E-02,0
95,43, 0.98438, 0.44271, 1.891264E-02,0
96,43, 0.99479, 0.44271, 6.319339E-03,0
1,44, 0.00521, 0.45312, 9.950536E-01,0
2,44, 0.01562, 0.45312, 9.851706E-01,0
3,44, 0.02604, 0.45312, 9.753164E-01,0
4,44, 0.03646, 0.45312, 9.655073E-01,0
5,44, 0.04688, 0.45312, 9.557560E-01,0
6,44, 0.05729, 0.45312, 9.460714E-01,0
7,44, 0.06771, 0.45312, 9.364581E-01,0
8,44, 0.07812, 0.45312, 9.269150E-01,0
9,44, 0.08854, 0.45312, 9.174301E-01,0
10,44, 0.09896, 0.45312, 9.079642E-01,0
11,44, 0.10938, 0.45312, 8.983861E-01,0
12,44, 0.11979, 0.45312, 8.880748E-01,0
13,44, 0.13021, 0.45312, 8.805584E-01,1
14,44, 0.14062, 0.45312, 8.737768E-01,0
15,44, 0.15104, 0.45312, 8.629824E-01,0
16,44, 0.16146, 0.45312, 8.520924E-01,0
17,44, 0.17188, 0.45312, 8.409931E-01,0
18,44, 0.18229, 0.45312, 8.297473E-01,0
19,44, 0.19271, 0.45312, 8.184135E-01,0
20,44, 0.20312, 0.45312, 8.070334E-01,0
21,44, 0.21354, 0.45312, 7.956309E-01,0
22,44, 0.22396, 0.45312, 7.842156E-01,0
23,44, 0.23438, 0.45312, 7.727867E-01,0
24,44, 0.24479, 0.45312, 7.613375E-01,0
25,44, 0.25521, 0.45312, 7.498576E-01,0
26,44, 0.26562, 0.45312, 7.383356E-01,0
27,44, 0.27604, 0.45312, 7.267604E-01,0
28,44, 0.28646, 0.45312, 7.151238E-01,0
29,44, 0.29688, 0.45312, 7.034230E-01,0
30,44, 0.30729, 0.45312, 6.916636E-01,0
31,44, 0.31771, 0.45312, 6.798615E-01,0
32,44, 0.32812, 0.45312, 6.680403E-01,0
33,44, 0.33854, 0.45312, 6.562133E-01,0
34,44, 0.34896, 0.45312, 6.443073E-01,0
35,44, 0.35938, 0.45312, 6.317050E-01,0
36,44, 0.36979, 0.45312, 6.227392E-01,1
37,44, 0.38021, 0.45312, 6.147781E-01,0
38,44, 0.39062, 0.45312, 6.029451E-01,0
39,44, 0.40104, 0.45312, 5.915486E-01,0
40,44, 0.41146, 0.45312, 5.800792E-01,0
41,44, 0.42188, 0.45312, 5.684760E-01,0
42,44, 0.43229, 0.45312, 5.567281E-01,0
43,44, 0.44271, 0.45312, 5.448387E-01,0
44,44, 0.45312, 0.45312, 5.328204E-01,0
45,44, 0.46354, 0.45312, 5.206943E-01,0
46,44, 0.47396, 0.45312, 5.084896E-01,0
47,44, 0.48438, 0.45312, 4.962450E-01,0
48,44, 0.49479, 0.45312, 4.840074E-01,0
49,44, 0.50521, 0.45312, 4.718277E-01,0
50,44, 0.51562, 0.45312, 4.597562E-01,0
51,44, 0.52604, 0.45312, 4.478374E-01,0
52,44, 0.53646, 0.45312, 4.361079E-01,0
53,44, 0.54688, 0.45312, 4.245941E-01,0
54,44, 0.55729, 0.45312, 4.133123E-01,0
55,44, 0.56771, 0.45312, 4.022691E-01,0
56,44, 0.57812, 0.45312, 3.914630E-01,0
57,44, 0.58854, 0.45312, 3.808868E-01,0
58,44, 0.59896, 0.45312, 3.705308E-01,0
59,44, 0.60938, 0.45312, 3.603871E-01,0
60,44, 0.61979, 0.45312, 3.504504E-01,0
61,44, 0.63021, 0.45312, 3.407038E-01,0
62,44, 0.64062, 0.45312, 3.310500E-01,0
63,44, 0.65104, 0.45312, 3.210807E-01,0
64,44, 0.66146, 0.45312, 3.095356E-01,0
65,44, 0.67188, 0.45312, 3.019888E-01,1
66,44, 0.68229, 0.45312, 2.935875E-01,0
67,44, 0.69271, 0.45312, 2.839323E-01,0
68,44, 0.70312, 0.45312, 2.758468E-01,0
69,44, 0.71354, 0.45312, 2.679644E-01,0
70,44, 0.72396, 0.45312, 2.599798E-01,0
71,44, 0.73438, 0.45312, 2.518531E-01,0
72,44, 0.74479, 0.45312, 2.436083E-01,0
73,44, 0.75521, 0.45312, 2.352814E-01,0
74,44, 0.76562, 0.45312, 2.269052E-01,0
75,44, 0.77604, 0.45312, 2.185007E-01,0
76,44, 0.78646, 0.45312, 2.100613E-01,0
77,44, 0.79688, 0.45312, 2.015146E-01,0
78,44, 0.80729, 0.45312, 1.926185E-01,0
79,44, 0.81771, 0.45312, 1.826866E-01,0
80,44, 0.82812, 0.45312, 1.763486E-01,1
81,44, 0.83854, 0.45312, 1.664670E-01,0
82,44, 0.84896, 0.45312, 1.563146E-01,0
83,44, 0.85938, 0.45312, 1.474477E-01,0
84,44, 0.86979, 0.45312, 1.383386E-01,0
85,44, 0.88021, 0.45312, 1.288238E-01,0
86,44, 0.89062, 0.45312, 1.189553E-01,0
87,44, 0.90104, 0.45312, 1.087851E-01,0
88,44, 0.91146, 0.45312, 9.834047E-02,0
89,44, 0.92188, 0.45312, 8.763138E-02,0
90,44, 0.93229, 0.45312, 7.666049E-02,0
91,44, 0.94271, 0.45312, 6.543072E-02,0
92,44, 0.95312, 0.45312, 5.395093E-02,0
93,44, 0.96354, 0.45312, 4.223997E-02,0
94,44, 0.97396, 0.45312, 3.032922E-02,0
95,44, 0.98438, 0.45312, 1.826341E-02,0
96,44, 0.99479, 0.45312, 6.099069E-03,0
1,45, 0.00521, 0.46354, 9.949555E-01,0
2,45, 0.01562, 0.46354, 9.848769E-01,0
3,45, 0.02604, 0.46354, 9.748285E-01,0
4,45, 0.03646, 0.46354, 9.648284E-01,0
5,45, 0.04688, 0.46354, 9.548918E-01,0
6,45, 0.05729, 0.46354, 9.450306E-01,0
7,45, 0.06771, 0.46354, 9.352519E-01,0
8,45, 0.07812, 0.46354, 9.255572E-01,0
9,45, 0.08854, 0.46354, 9.159395E-01,0
10,45, 0.09896, 0.46354, 9.063795E-01,0
11,45, 0.10938, 0.46354, 8.968473E-01,0
12,45, 0.11979, 0.46354, 8.873803E-01,0
13,45, 0.13021, 0.46354, 8.788724E-01,0
14,45, 0.14062, 0.46354, 8.708492E-01,0
15,45, 0.15104, 0.46354, 8.621188E-01,0
16,45, 0.16146, 0.46354, 8.515357E-01,0
17,45, 0.17188, 0.46354, 8.405199E-01,0
18,45, 0.18229, 0.46354, 8.293155E-01,0
19,45, 0.19271, 0.46354, 8.180299E-01,0
20,45, 0.20312, 0.46354, 8.067253E-01,0
21,45, 0.21354, 0.46354, 7.954315E-01,0
22,45, 0.22396, 0.46354, 7.841555E-01,0
23,45, 0.23438, 0.46354, 7.728904E-01,0
24,45, 0.24479, 0.46354, 7.616221E-01,0
25,45, 0.25521, 0.46354, 7.503326E-01,0
26,45, 0.26562, 0.46354, 7.390033E-01,0
27,45, 0.27604, 0.46354, 7.276157E-01,0
28,45, 0.28646, 0.46354, 7.161552E-01,0
29,45, 0.29688, 0.46354, 7.046142E-01,0
30,45, 0.30729, 0.46354, 6.929983E-01,0
31,45, 0.31771, 0.46354, 6.813329E-01,0
32,45, 0.32812, 0.46354, 6.696655E-01,0
33,45, 0.33854, 0.46354, 6.580592E-01,0
34,45, 0.34896, 0.46354, 6.466486E-01,0
35,45, 0.35938, 0.46354, 6.365166E-01,0
36,45, 0.36979, 0.46354, 6.265355E-01,0
37,45, 0.38021, 0.46354, 6.173362E-01,0
38,45, 0.39062, 0.46354, 6.063495E-01,0
39,45, 0.40104, 0.46354, 5.951188E-01,0
40,45, 0.41146, 0.46354, 5.837669E-01,0
41,45, 0.42188, 0.46354, 5.722885E-01,0
42,45, 0.43229, 0.46354, 5.606769E-01,0
43,45, 0.44271, 0.46354, 5.489344E-01,0
44,45, 0.45312, 0.46354, 5.370724E-01,0
45,45, 0.46354, 0.46354, 5.251101E-01,0
46,45, 0.47396, 0.46354, 5.130742E-01,0
47,45, 0.48438, 0.46354, 5.009980E-01,0
48,45, 0.49479, 0.46354, 4.889206E-01,0
49,45, 0.50521, 0.46354, 4.768838E-01,0
50,45, 0.51562, 0.46354, 4.649293E-01,0
51,45, 0.52604, 0.46354, 4.530953E-01,0
52,45, 0.53646, 0.46354, 4.414152E-01,0
53,45, 0.54688, 0.46354, 4.299155E-01,0
54,45, 0.55729, 0.46354, 4.186155E-01,0
55,45, 0.56771, 0.46354, 4.075283E-01,0
56,45, 0.57812, 0.46354, 3.966616E-01,0
57,45, 0.58854, 0.46354, 3.860219E-01,0
58,45, 0.59896, 0.46354, 3.756198E-01,0
59,45, 0.60938, 0.46354, 3.654797E-01,0
60,45, 0.61979, 0.46354, 3.556524E-01,0
61,45, 0.63021, 0.46354, 3.462221E-01,0
62,45, 0.64062, 0.46354, 3.372559E-01,0
63,45, 0.65104, 0.46354, 3.284347E-01,0
64,45, 0.66146, 0.46354, 3.171393E-01,0
65,45, 0.67188, 0.46354, 3.031254E-01,1
66,45, 0.68229, 0.46354, 2.989881E-01,0
67,45, 0.69271, 0.46354, 2.892570E-01,0
68,45, 0.70312, 0.46354, 2.799594E-01,0
69,45, 0.71354, 0.46354, 2.710078E-01,0
70,45, 0.72396, 0.46354, 2.621965E-01,0
71,45, 0.73438, 0.46354, 2.534123E-01,0
72,45, 0.74479, 0.46354, 2.446068E-01,0
73,45, 0.75521, 0.46354, 2.357614E-01,0
74,45, 0.76562, 0.46354, 2.268634E-01,0
75,45, 0.77604, 0.46354, 2.178870E-01,0
76,45, 0.78646, 0.46354, 2.087708E-01,0
77,45, 0.79688, 0.46354, 1.993842E-01,0
78,45, 0.80729, 0.46354, 1.895044E-01,0
79,45, 0.81771, 0.46354, 1.790127E-01,0
80,45, 0.82812, 0.46354, 1.696584E-01,0
81,45, 0.83854, 0.46354, 1.537549E-01,0
82,45, 0.84896, 0.46354, 1.497863E-01,0
83,45, 0.85938, 0.46354, 1.432103E-01,0
84,45, 0.86979, 0.46354, 1.350524E-01,0
85,45, 0.88021, 0.46354, 1.259919E-01,0
86,45, 0.89062, 0.46354, 1.163816E-01,0
87,45, 0.90104, 0.46354, 1.063907E-01,0
88,45, 0.91146, 0.46354, 9.609849E-02,0
89,45, 0.92188, 0.46354, 8.554221E-02,0
90,45, 0.93229, 0.46354, 7.474124E-02,0
91,45, 0.94271, 0.46354, 6.370989E-02,0
92,45, 0.95312, 0.46354, 5.246455E-02,0
93,45, 0.96354, 0.46354, 4.102765E-02,0
94,45, 0.97396, 0.46354, 2.942959E-02,0
95,45, 0.98438, 0.46354, 1.770902E-02,0
96,45, 0.99479, 0.46354, 5.911718E-03,0
1,46, 0.00521, 0.47396, 9.948517E-01,0
2,46, 0.01562, 0.47396, 9.845662E-01,0
3,46, 0.02604, 0.47396, 9.743139E-01,0
4,46, 0.03646, 0.47396, 9.641151E-01,0
5,46, 0.04688, 0.47396, 9.539878E-01,0
6,46, 0.05729, 0.47396, 9.439466E-01,0
7,46, 0.06771, 0.47396, 9.340021E-01,0
8,46, 0.07812, 0.47396, 9.241598E-01,0
9,46, 0.08854, 0.47396, 9.144192E-01,0
10,46, 0.09896, 0.47396, 9.047726E-01,0
11,46, 0.10938, 0.47396, 8.952006E-01,0
12,46, 0.11979, 0.47396, 8.856314E-01,0
13,46, 0.13021, 0.47396, 8.755862E-01,0
14,46, 0.14062, 0.47396, 8.684304E-01,1
15,46, 0.15104, 0.47396, 8.620167E-01,0
16,46, 0.16146, 0.47396, 8.512724E-01,0
17,46, 0.17188, 0.47396, 8.402346E-01,0
18,46, 0.18229, 0.47396, 8.289830E-01,0
19,46, 0.19271, 0.47396, 8.176815E-01,0
20,46, 0.20312, 0.47396, 8.064185E-01,0
21,46, 0.21354, 0.47396, 7.952235E-01,0
22,46, 0.22396, 0.47396, 7.840927E-01,0
23,46, 0.23438, 0.47396, 7.730065E-01,0
24,46, 0.24479, 0.47396, 7.619390E-01,0
25,46, 0.25521, 0.47396, 7.508616E-01,0
26,46, 0.26562, 0.47396, 7.397456E-01,0
27,46, 0.27604, 0.47396, 7.285623E-01,0
28,46, 0.28646, 0.47396, 7.172859E-01,0
29,46, 0.29688, 0.47396, 7.058978E-01,0
30,46, 0.30729, 0.47396, 6.943972E-01,0
31,46, 0.31771, 0.47396, 6.828166E-01,0
32,46, 0.32812, 0.47396, 6.712304E-01,0
33,46, 0.33854, 0.47396, 6.596916E-01,0
34,46, 0.34896, 0.47396, 6.477401E-01,0
35,46, 0.35938, 0.47396, 6.394270E-01,1
36,46, 0.36979, 0.47396, 6.319137E-01,0
37,46, 0.38021, 0.47396, 6.208438E-01,0
38,46, 0.39062, 0.47396, 6.098589E-01,0
39,46, 0.40104, 0.47396, 5.987523E-01,0
40,46, 0.41146, 0.47396, 5.875223E-01,0
41,46, 0.42188, 0.47396, 5.761638E-01,0
42,46, 0.43229, 0.47396, 5.646735E-01,0
43,46, 0.44271, 0.47396, 5.530552E-01,0
44,46, 0.45312, 0.47396, 5.413202E-01,0
45,46, 0.46354, 0.47396, 5.294867E-01,0
46,46, 0.47396, 0.47396, 5.175791E-01,0
47,46, 0.48438, 0.47396, 5.056275E-01,0
48,46, 0.49479, 0.47396, 4.936658E-01,0
49,46, 0.50521, 0.47396, 4.817304E-01,0
50,46, 0.51562, 0.47396, 4.698576E-01,0
51,46, 0.52604, 0.47396, 4.580819E-01,0
52,46, 0.53646, 0.47396, 4.464343E-01,0
53,46, 0.54688, 0.47396, 4.349411E-01,0
54,46, 0.55729, 0.47396, 4.236236E-01,0
55,46, 0.56771, 0.47396, 4.124986E-01,0
56,46, 0.57812, 0.47396, 4.015802E-01,0
57,46, 0.58854, 0.47396, 3.908839E-01,0
58,46, 0.59896, 0.47396, 3.804344E-01,0
59,46, 0.60938, 0.47396, 3.702805E-01,0
60,46, 0.61979, 0.47396, 3.605205E-01,0
61,46, 0.63021, 0.47396, 3.513472E-01,0
62,46, 0.64062, 0.47396, 3.431208E-01,0
63,46, 0.65104, 0.47396, 3.364533E-01,0
64,46, 0.66146, 0.47396, 3.321901E-01,0
65,46, 0.67188, 0.47396, 3.152414E-01,0
66,46, 0.68229, 0.47396, 3.049937E-01,0
67,46, 0.69271, 0.47396, 2.940587E-01,0
68,46, 0.70312, 0.47396, 2.837164E-01,0
69,46, 0.71354, 0.47396, 2.738853E-01,0
70,46, 0.72396, 0.47396, 2.643489E-01,0
71,46, 0.73438, 0.47396, 2.549542E-01,0
72,46, 0.74479, 0.47396, 2.456109E-01,0
73,46, 0.75521, 0.47396, 2.362636E-01,0
74,46, 0.76562, 0.47396, 2.268676E-01,0
75,46, 0.77604, 0.47396, 2.173671E-01,0
76,46, 0.78646, 0.47396, 2.076703E-01,0
77,46, 0.79688, 0.47396, 1.976124E-01,0
78,46, 0.80729, 0.47396, 1.868891E-01,0
79,46, 0.81771, 0.47396, 1.748714E-01,0
80,46, 0.82812, 0.47396, 1.596325E-01,0
81,46, 0.83854, 0.47396, 1.453557E-01,1
82,46, 0.84896, 0.47396, 1.452973E-01,0
83,46, 0.85938, 0.47396, 1.399658E-01,0
84,46, 0.86979, 0.47396, 1.323059E-01,0
85,46, 0.88021, 0.47396, 1.235002E-01,0
86,46, 0.89062, 0.47396, 1.140575E-01,0
87,46, 0.90104, 0.47396, 1.042047E-01,0
88,46, 0.91146, 0.47396, 9.404735E-02,0
89,46, 0.92188, 0.47396, 8.363708E-02,0
90,46, 0.93229, 0.47396, 7.300248E-02,0
91,46, 0.94271, 0.47396, 6.216391E-02,0
92,46, 0.95312, 0.47396, 5.114124E-02,0
93,46, 0.96354, 0.47396, 3.995770E-02,0
94,46, 0.97396, 0.47396, 2.864147E-02,0
95,46, 0.98438, 0.47396, 1.722595E-02,0
96,46, 0.99479, 0.47396, 5.748930E-03,0
1,47, 0.00521, 0.48438, 9.947411E-01,0
2,47, 0.01562, 0.48438, 9.842360E-01,0
3,47, 0.02604, 0.48438, 9.737682E-01,0
4,47, 0.03646, 0.48438, 9.633609E-01,0
5,47, 0.04688, 0.48438, 9.530352E-01,0
6,47, 0.05729, 0.48438, 9.428091E-01,0
7,47, 0.06771, 0.48438, 9.326970E-01,0
8,47, 0.07812, 0.48438, 9.227093E-01,0
9,47, 0.08854, 0.48438, 9.128533E-01,0
10,47, 0.09896, 0.48438, 9.031355E-01,0
11,47, 0.10938, 0.48438, 8.935671E-01,0
12,47, 0.11979, 0.48438, 8.841786E-01,0
13,47, 0.13021, 0.48438, 8.750952E-01,0
14,47, 0.14062, 0.48438, 8.672143E-01,0
15,47, 0.15104, 0.48438, 8.601863E-01,0
16,47, 0.16146, 0.48438, 8.512275E-01,0
17,47, 0.17188, 0.48438, 8.401889E-01,0
18,47, 0.18229, 0.48438, 8.287507E-01,0
19,47, 0.19271, 0.48438, 8.173360E-01,0
20,47, 0.20312, 0.48438, 8.060717E-01,0
21,47, 0.21354, 0.48438, 7.949693E-01,0
22,47, 0.22396, 0.48438, 7.839980E-01,0
23,47, 0.23438, 0.48438, 7.731149E-01,0
24,47, 0.24479, 0.48438, 7.622765E-01,0
25,47, 0.25521, 0.48438, 7.514411E-01,0
26,47, 0.26562, 0.48438, 7.405674E-01,0
27,47, 0.27604, 0.48438, 7.296134E-01,0
28,47, 0.28646, 0.48438, 7.185357E-01,0
29,47, 0.29688, 0.48438, 7.072939E-01,0
30,47, 0.30729, 0.48438, 6.958649E-01,0
31,47, 0.31771, 0.48438, 6.842768E-01,0
32,47, 0.32812, 0.48438, 6.726739E-01,0
33,47, 0.33854, 0.48438, 6.614406E-01,0
34,47, 0.34896, 0.48438, 6.518347E-01,0
35,47, 0.35938, 0.48438, 6.430325E-01,0
36,47, 0.36979, 0.48438, 6.344880E-01,0
37,47, 0.38021, 0.48438, 6.241385E-01,0
38,47, 0.39062, 0.48438, 6.133908E-01,0
39,47, 0.40104, 0.48438, 6.024464E-01,0
40,47, 0.41146, 0.48438, 5.913493E-01,0
41,47, 0.42188, 0.48438, 5.801093E-01,0
42,47, 0.43229, 0.48438, 5.687300E-01,0
43,47, 0.44271, 0.48438, 5.572186E-01,0
44,47, 0.45312, 0.48438, 5.455875E-01,0
45,47, 0.46354, 0.48438, 5.338547E-01,0
46,47, 0.47396, 0.48438, 5.220436E-01,0
47,47, 0.48438, 0.48438, 5.101819E-01,0
48,47, 0.49479, 0.48438, 4.983008E-01,0
49,47, 0.50521, 0.48438, 4.864332E-01,0
50,47, 0.51562, 0.48438, 4.746126E-01,0
51,47, 0.52604, 0.48438, 4.628711E-01,0
52,47, 0.53646, 0.48438, 4.512384E-01,0
53,47, 0.54688, 0.48438, 4.397405E-01,0
54,47, 0.55729, 0.48438, 4.283997E-01,0
55,47, 0.56771, 0.48438, 4.172345E-01,0
56,47, 0.57812, 0.48438, 4.062617E-01,0
57,47, 0.58854, 0.48438, 3.955005E-01,0
58,47, 0.59896, 0.48438, 3.849807E-01,0
59,47, 0.60938, 0.48438, 3.747583E-01,0
60,47, 0.61979, 0.48438, 3.649452E-01,0
61,47, 0.63021, 0.48438, 3.557658E-01,0
62,47, 0.64062, 0.48438, 3.476727E-01,0
63,47, 0.65104, 0.48438, 3.415643E-01,0
64,47, 0.66146, 0.48438, 3.401174E-01,1
65,47, 0.67188, 0.48438, 3.265744E-01,0
66,47, 0.68229, 0.48438, 3.107329E-01,0
67,47, 0.69271, 0.48438, 2.981669E-01,0
68,47, 0.70312, 0.48438, 2.869632E-01,0
69,47, 0.71354, 0.48438, 2.764591E-01,0
70,47, 0.72396, 0.48438, 2.663364E-01,0
71,47, 0.73438, 0.48438, 2.564163E-01,0
72,47, 0.74479, 0.48438, 2.465909E-01,0
73,47, 0.75521, 0.48438, 2.367875E-01,0
74,47, 0.76562, 0.48438, 2.269458E-01,0
75,47, 0.77604, 0.48438, 2.169977E-01,0
76,47, 0.78646, 0.48438, 2.068463E-01,0
77,47, 0.79688, 0.48438, 1.963335E-01,0
78,47, 0.80729, 0.48438, 1.851737E-01,0
79,47, 0.81771, 0.48438, 1.727566E-01,0
80,47, 0.82812, 0.48438, 1.573910E-01,0
81,47, 0.83854, 0.48438, 1.453241E-01,1
82,47, 0.84896, 0.48438, 1.439420E-01,0
83,47, 0.85938, 0.48438, 1.380676E-01,0
84,47, 0.86979, 0.48438, 1.302392E-01,0
85,47, 0.88021, 0.48438, 1.214094E-01,0
86,47, 0.89062, 0.48438, 1.120076E-01,0
87,47, 0.90104, 0.48438, 1.022322E-01,0
88,47, 0.91146, 0.48438, 9.217962E-02,0
89,47, 0.92188, 0.48438, 8.189959E-02,0
90,47, 0.93229, 0.48438, 7.142095E-02,0
91,47, 0.94271, 0.48438, 6.076470E-02,0
92,47, 0.95312, 0.48438, 4.995066E-02,0
93,47, 0.96354, 0.48438, 3.900074E-02,0
94,47, 0.97396, 0.48438, 2.794020E-02,0
95,47, 0.98438, 0.48438, 1.679775E-02,0
96,47, 0.99479, 0.48438, 5.604916E-03,0
1,48, 0.00521, 0.49479, 9.946224E-01,0
2,48, 0.01562, 0.49479, 9.838817E-01,0
3,48, 0.02604, 0.49479, 9.731837E-01,0
4,48, 0.03646, 0.49479, 9.625552E-01,0
5,48, 0.04688, 0.49479, 9.520209E-01,0
6,48, 0.05729, 0.49479, 9.416024E-01,0
7,48, 0.06771, 0.49479, 9.313181E-01,0
8,48, 0.07812, 0.49479, 9.211833E-01,0
9,48, 0.08854, 0.49479, 9.112126E-01,0
10,48, 0.09896, 0.49479, 9.014237E-01,0
11,48, 0.10938, 0.49479, 8.918442E-01,0
12,48, 0.11979, 0.49479, 8.825165E-01,0
13,48, 0.13021, 0.49479, 8.734618E-01,0
14,48, 0.14062, 0.49479, 8.643143E-01,0
15,48, 0.15104, 0.49479, 8.578824E-01,1
16,48, 0.16146, 0.49479, 8.519201E-01,0
17,48, 0.17188, 0.49479, 8.404502E-01,0
18,48, 0.18229, 0.49479, 8.285673E-01,0
19,48, 0.19271, 0.49479, 8.169085E-01,0
20,48, 0.20312, 0.49479, 8.056077E-01,0
21,48, 0.21354, 0.49479, 7.946109E-01,0
22,48, 0.22396, 0.49479, 7.838312E-01,0
23,48, 0.23438, 0.49479, 7.731898E-01,0
24,48, 0.24479, 0.49479, 7.626209E-01,0
25,48, 0.25521, 0.49479, 7.520680E-01,0
26,48, 0.26562, 0.49479, 7.414775E-01,0
27,48, 0.27604, 0.49479, 7.307917E-01,0
28,48, 0.28646, 0.49479, 7.199436E-01,0
29,48, 0.29688, 0.49479, 7.088544E-01,0
30,48, 0.30729, 0.49479, 6.974432E-01,0
31,48, 0.31771, 0.49479, 6.856689E-01,0
32,48, 0.32812, 0.49479, 6.736269E-01,0
33,48, 0.33854, 0.49479, 6.614631E-01,0
34,48, 0.34896, 0.49479, 6.538830E-01,1
35,48, 0.35938, 0.49479, 6.476898E-01,0
36,48, 0.36979, 0.49479, 6.377728E-01,0
37,48, 0.38021, 0.49479, 6.275391E-01,0
38,48, 0.39062, 0.49479, 6.169948E-01,0
39,48, 0.40104, 0.49479, 6.062226E-01,0
40,48, 0.41146, 0.49479, 5.952651E-01,0
41,48, 0.42188, 0.49479, 5.841421E-01,0
42,48, 0.43229, 0.49479, 5.728657E-01,0
43,48, 0.44271, 0.49479, 5.614473E-01,0
44,48, 0.45312, 0.49479, 5.499014E-01,0
45,48, 0.46354, 0.49479, 5.382467E-01,0
46,48, 0.47396, 0.49479, 5.265059E-01,0
47,48, 0.48438, 0.49479, 5.147058E-01,0
48,48, 0.49479, 0.49479, 5.028759E-01,0
49,48, 0.50521, 0.49479, 4.910477E-01,0
50,48, 0.51562, 0.49479, 4.792530E-01,0
51,48, 0.52604, 0.49479, 4.675230E-01,0
52,48, 0.53646, 0.49479, 4.558868E-01,0
53,48, 0.54688, 0.49479, 4.443704E-01,0
54,48, 0.55729, 0.49479, 4.329962E-01,0
55,48, 0.56771, 0.49479, 4.217831E-01,0
56,48, 0.57812, 0.49479, 4.107477E-01,0
57,48, 0.58854, 0.49479, 3.999077E-01,0
58,48, 0.59896, 0.49479, 3.892889E-01,0
59,48, 0.60938, 0.49479, 3.789382E-01,0
60,48, 0.61979, 0.49479, 3.689460E-01,0
61,48, 0.63021, 0.49479, 3.594829E-01,0
62,48, 0.64062, 0.49479, 3.508883E-01,0
63,48, 0.65104, 0.49479, 3.442424E-01,0
64,48, 0.66146, 0.49479, 3.385266E-01,0
65,48, 0.67188, 0.49479, 3.267837E-01,0
66,48, 0.68229, 0.49479, 3.134075E-01,0
67,48, 0.69271, 0.49479, 3.010486E-01,0
68,48, 0.70312, 0.49479, 2.895707E-01,0
69,48, 0.71354, 0.49479, 2.786653E-01,0
70,48, 0.72396, 0.49479, 2.681118E-01,0
71,48, 0.73438, 0.49479, 2.577653E-01,0
72,48, 0.74479, 0.49479, 2.475278E-01,0
73,48, 0.75521, 0.49479, 2.373279E-01,0
74,48, 0.76562, 0.49479, 2.271041E-01,0
75,48, 0.77604, 0.49479, 2.167915E-01,0
76,48, 0.78646, 0.49479, 2.063086E-01,0
77,48, 0.79688, 0.49479, 1.955435E-01,0
78,48, 0.80729, 0.49479, 1.843408E-01,0
79,48, 0.81771, 0.49479, 1.725170E-01,0
80,48, 0.82812, 0.49479, 1.600819E-01,0
81,48, 0.83854, 0.49479, 1.488118E-01,0
82,48, 0.84896, 0.49479, 1.432933E-01,0
83,48, 0.85938, 0.49479, 1.369117E-01,0
84,48, 0.86979, 0.49479, 1.286576E-01,0
85,48, 0.88021, 0.49479, 1.196475E-01,0
86,48, 0.89062, 0.49479, 1.101980E-01,0
87,48, 0.90104, 0.49479, 1.004503E-01,0
88,48, 0.91146, 0.49479, 9.047466E-02,0
89,48, 0.92188, 0.49479, 8.030819E-02,0
90,48, 0.93229, 0.49479, 6.997342E-02,0
91,48, 0.94271, 0.49479, 5.948776E-02,0
92,48, 0.95312, 0.49479, 4.886836E-02,0
93,48, 0.96354, 0.49479, 3.813437E-02,0
94,48, 0.97396, 0.49479, 2.730760E-02,0
95,48, 0.98438, 0.49479, 1.641250E-02,0
96,48, 0.99479, 0.49479, 5.475531E-03,0
1,49, 0.00521, 0.50521, 9.944933E-01,0
2,49, 0.01562, 0.50521, 9.834967E-01,0
3,49, 0.02604, 0.50521, 9.725497E-01,0
4,49, 0.03646, 0.50521, 9.616837E-01,0
5,49, 0.04688, 0.50521, 9.509272E-01,0
6,49, 0.05729, 0.50521, 9.403056E-01,0
7,49, 0.06771, 0.50521, 9.298409E-01,0
8,49, 0.07812, 0.50521, 9.195526E-01,0
9,49, 0.08854, 0.50521, 9.094609E-01,0
10,49, 0.09896, 0.50521, 8.995923E-01,0
11,49, 0.10938, 0.50521, 8.899902E-01,0
12,49, 0.11979, 0.50521, 8.807318E-01,0
13,49, 0.13021, 0.50521, 8.719542E-01,0
14,49, 0.14062, 0.50521, 8.639193E-01,0
15,49, 0.15104, 0.50521, 8.575064E-01,0
16,49, 0.16146, 0.50521, 8.523988E-01,0
17,49, 0.17188, 0.50521, 8.411519E-01,0
18,49, 0.18229, 0.50521, 8.282848E-01,0
19,49, 0.19271, 0.50521, 8.162260E-01,0
20,49, 0.20312, 0.50521, 8.049025E-01,0
21,49, 0.21354, 0.50521, 7.940693E-01,0
22,49, 0.22396, 0.50521, 7.835443E-01,0
23,49, 0.23438, 0.50521, 7.732028E-01,0
24,49, 0.24479, 0.50521, 7.629570E-01,0
25,49, 0.25521, 0.50521, 7.527388E-01,0
26,49, 0.26562, 0.50521, 7.424856E-01,0
27,49, 0.27604, 0.50521, 7.321270E-01,0
28,49, 0.28646, 0.50521, 7.215696E-01,0
29,49, 0.29688, 0.50521, 7.106798E-01,0
30,49, 0.30729, 0.50521, 6.992663E-01,0
31,49, 0.31771, 0.50521, 6.870953E-01,0
32,49, 0.32812, 0.50521, 6.741514E-01,0
33,49, 0.33854, 0.50521, 6.624389E-01,0
34,49, 0.34896, 0.50521, 6.564070E-01,0
35,49, 0.35938, 0.50521, 6.496844E-01,0
36,49, 0.36979, 0.50521, 6.407648E-01,0
37,49, 0.38021, 0.50521, 6.309722E-01,0
38,49, 0.39062, 0.50521, 6.206993E-01,0
39,49, 0.40104, 0.50521, 6.101151E-01,0
40,49, 0.41146, 0.50521, 5.992984E-01,0
41,49, 0.42188, 0.50521, 5.882881E-01,0
42,49, 0.43229, 0.50521, 5.771061E-01,0
43,49, 0.44271, 0.50521, 5.657688E-01,0
44,49, 0.45312, 0.50521, 5.542929E-01,0
45,49, 0.46354, 0.50521, 5.426974E-01,0
46,49, 0.47396, 0.50521, 5.310051E-01,0
47,49, 0.48438, 0.50521, 5.192423E-01,0
48,49, 0.49479, 0.50521, 5.074379E-01,0
49,49, 0.50521, 0.50521, 4.956229E-01,0
50,49, 0.51562, 0.50521, 4.838293E-01,0
51,49, 0.52604, 0.50521, 4.720882E-01,0
52,49, 0.53646, 0.50521, 4.604290E-01,0
53,49, 0.54688, 0.50521, 4.488782E-01,0
54,49, 0.55729, 0.50521, 4.374581E-01,0
55,49, 0.56771, 0.50521, 4.261871E-01,0
56,49, 0.57812, 0.50521, 4.150798E-01,0
57,49, 0.58854, 0.50521, 4.041490E-01,0
58,49, 0.59896, 0.50521, 3.934111E-01,0
59,49, 0.60938, 0.50521, 3.828939E-01,0
60,49, 0.61979, 0.50521, 3.726457E-01,0
61,49, 0.63021, 0.50521, 3.627027E-01,0
62,49, 0.64062, 0.50521, 3.527072E-01,0
63,49, 0.65104, 0.50521, 3.457338E-01,1
64,49, 0.66146, 0.50521, 3.393184E-01,0
65,49, 0.67188, 0.50521, 3.273978E-01,0
66,49, 0.68229, 0.50521, 3.151305E-01,0
67,49, 0.69271, 0.50521, 3.031784E-01,0
68,49, 0.70312, 0.50521, 2.916734E-01,0
69,49, 0.71354, 0.50521, 2.805423E-01,0
70,49, 0.72396, 0.50521, 2.696797E-01,0
71,49, 0.73438, 0.50521, 2.589942E-01,0
72,49, 0.74479, 0.50521, 2.484128E-01,0
73,49, 0.75521, 0.50521, 2.378762E-01,0
74,49, 0.76562, 0.50521, 2.273314E-01,0
75,49, 0.77604, 0.50521, 2.167254E-01,0
76,49, 0.78646, 0.50521, 2.059992E-01,0
77,49, 0.79688, 0.50521, 1.950872E-01,0
78,49, 0.80729, 0.50521, 1.839249E-01,0
79,49, 0.81771, 0.50521, 1.724856E-01,0
80,49, 0.82812, 0.50521, 1.608574E-01,0
81,49, 0.83854, 0.50521, 1.491392E-01,0
82,49, 0.84896, 0.50521, 1.418423E-01,1
83,49, 0.85938, 0.50521, 1.363233E-01,0
84,49, 0.86979, 0.50521, 1.273469E-01,0
85,49, 0.88021, 0.50521, 1.180957E-01,0
86,49, 0.89062, 0.50521, 1.085623E-01,0
87,49, 0.90104, 0.50521, 9.881766E-02,0
88,49, 0.91146, 0.50521, 8.890245E-02,0
89,49, 0.92188, 0.50521, 7.883783E-02,0
90,49, 0.93229, 0.50521, 6.863696E-02,0
91,49, 0.94271, 0.50521, 5.831144E-02,0
92,49, 0.95312, 0.50521, 4.787429E-02,0
93,49, 0.96354, 0.50521, 3.734104E-02,0
94,49, 0.97396, 0.50521, 2.672989E-02,0
95,49, 0.98438, 0.50521, 1.606137E-02,0
96,49, 0.99479, 0.50521, 5.357732E-03,0
1,50, 0.00521, 0.51562, 9.943507E-01,0
2,50, 0.01562, 0.51562, 9.830720E-01,0
3,50, 0.02604, 0.51562, 9.718520E-01,0
4,50, 0.03646, 0.51562, 9.607273E-01,0
5,50, 0.04688, 0.51562, 9.497313E-01,0
6,50, 0.05729, 0.51562, 9.388928E-01,0
7,50, 0.06771, 0.51562, 9.282364E-01,0
8,50, 0.07812, 0.51562, 9.177840E-01,0
9,50, 0.08854, 0.51562, 9.075580E-01,0
10,50, 0.09896, 0.51562, 8.975885E-01,0
11,50, 0.10938, 0.51562, 8.879263E-01,0
12,50, 0.11979, 0.51562, 8.786656E-01,0
13,50, 0.13021, 0.51562, 8.699880E-01,0
14,50, 0.14062, 0.51562, 8.622516E-01,0
15,50, 0.15104, 0.51562, 8.561585E-01,0
16,50, 0.16146, 0.51562, 8.543859E-01,1
17,50, 0.17188, 0.51562, 8.422272E-01,0
18,50, 0.18229, 0.51562, 8.272398E-01,0
19,50, 0.19271, 0.51562, 8.149342E-01,0
20,50, 0.20312, 0.51562, 8.037835E-01,0
21,50, 0.21354, 0.51562, 7.932576E-01,0
22,50, 0.22396, 0.51562, 7.830911E-01,0
23,50, 0.23438, 0.51562, 7.731282E-01,0
24,50, 0.24479, 0.51562, 7.632700E-01,0
25,50, 0.25521, 0.51562, 7.534470E-01,0
26,50, 0.26562, 0.51562, 7.435972E-01,0
27,50, 0.27604, 0.51562, 7.336465E-01,0
28,50, 0.28646, 0.51562, 7.234843E-01,0
29,50, 0.29688, 0.51562, 7.129236E-01,0
30,50, 0.30729, 0.51562, 7.016171E-01,0
31,50, 0.31771, 0.51562, 6.888191E-01,0
32,50, 0.32812, 0.51562, 6.725500E-01,0
33,50, 0.33854, 0.51562, 6.595640E-01,1
34,50, 0.34896, 0.51562, 6.583117E-01,0
35,50, 0.35938, 0.51562, 6.523205E-01,0
36,50, 0.36979, 0.51562, 6.440486E-01,0
37,50, 0.38021, 0.51562, 6.346337E-01,0
38,50, 0.39062, 0.51562, 6.245978E-01,0
39,50, 0.40104, 0.51562, 6.141786E-01,0
40,50, 0.41146, 0.51562, 6.034877E-01,0
41,50, 0.42188, 0.51562, 5.925792E-01,0
42,50, 0.43229, 0.51562, 5.814821E-01,0
43,50, 0.44271, 0.51562, 5.702156E-01,0
44,50, 0.45312, 0.51562, 5.587970E-01,0
45,50, 0.46354, 0.51562, 5.472453E-01,0
46,50, 0.47396, 0.51562, 5.355827E-01,0
47,50, 0.48438, 0.51562, 5.238354E-01,0
48,50, 0.49479, 0.51562, 5.120324E-01,0
49,50, 0.50521, 0.51562, 5.002056E-01,0
50,50, 0.51562, 0.51562, 4.883878E-01,0
51,50, 0.52604, 0.51562, 4.766118E-01,0
52,50, 0.53646, 0.51562, 4.649082E-01,0
53,50, 0.54688, 0.51562, 4.533047E-01,0
54,50, 0.55729, 0.51562, 4.418242E-01,0
55,50, 0.56771, 0.51562, 4.304843E-01,0
56,50, 0.57812, 0.51562, 4.192970E-01,0
57,50, 0.58854, 0.51562, 4.082695E-01,0
58,50, 0.59896, 0.51562, 3.974066E-01,0
59,50, 0.60938, 0.51562, 3.867183E-01,0
60,50, 0.61979, 0.51562, 3.762393E-01,0
61,50, 0.63021, 0.51562, 3.661236E-01,0
62,50, 0.64062, 0.51562, 3.574660E-01,0
63,50, 0.65104, 0.51562, 3.489783E-01,0
64,50, 0.66146, 0.51562, 3.398488E-01,0
65,50, 0.67188, 0.51562, 3.284822E-01,0
66,50, 0.68229, 0.51562, 3.166942E-01,0
67,50, 0.69271, 0.51562, 3.049706E-01,0
68,50, 0.70312, 0.51562, 2.934593E-01,0
69,50, 0.71354, 0.51562, 2.821726E-01,0
70,50, 0.72396, 0.51562, 2.710736E-01,0
71,50, 0.73438, 0.51562, 2.601135E-01,0
72,50, 0.74479, 0.51562, 2.492444E-01,0
73,50, 0.75521, 0.51562, 2.384227E-01,0
74,50, 0.76562, 0.51562, 2.276079E-01,0
75,50, 0.77604, 0.51562, 2.167608E-01,0
76,50, 0.78646, 0.51562, 2.058435E-01,0
77,50, 0.79688, 0.51562, 1.948226E-01,0
78,50, 0.80729, 0.51562, 1.836816E-01,0
79,50, 0.81771, 0.51562, 1.724500E-01,0
80,50, 0.82812, 0.51562, 1.612589E-01,0
81,50, 0.83854, 0.51562, 1.504524E-01,0
82,50, 0.84896, 0.51562, 1.411778E-01,0
83,50, 0.85938, 0.51562, 1.335743E-01,0
84,50, 0.86979, 0.51562, 1.258403E-01,0
85,50, 0.88021, 0.51562, 1.165980E-01,0
86,50, 0.89062, 0.51562, 1.070231E-01,0
87,50, 0.90104, 0.51562, 9.728717E-02,0
88,50, 0.91146, 0.51562, 8.743034E-02,0
89,50, 0.92188, 0.51562, 7.746321E-02,0
90,50, 0.93229, 0.51562, 6.739025E-02,0
91,50, 0.94271, 0.51562, 5.721700E-02,0
92,50, 0.95312, 0.51562, 4.695200E-02,0
93,50, 0.96354, 0.51562, 3.660697E-02,0
94,50, 0.97396, 0.51562, 2.619657E-02,0
95,50, 0.98438, 0.51562, 1.573777E-02,0
96,50, 0.99479, 0.51562, 5.249264E-03,0
1,51, 0.00521, 0.52604, 9.941906E-01,0
2,51, 0.01562, 0.52604, 9.825956E-01,0
3,51, 0.02604, 0.52604, 9.710715E-01,0
4,51, 0.03646, 0.52604, 9.596618E-01,0
5,51, 0.04688, 0.52604, 9.484048E-01,0
6,51, 0.05729, 0.52604, 9.373328E-01,0
7,51, 0.06771, 0.52604, 9.264717E-01,0
8,51, 0.07812, 0.52604, 9.158427E-01,0
9,51, 0.08854, 0.52604, 9.054658E-01,0
10,51, 0.09896, 0.52604, 8.953670E-01,0
11,51, 0.10938, 0.52604, 8.855905E-01,0
12,51, 0.11979, 0.52604, 8.762192E-01,0
13,51, 0.13021, 0.52604, 8.674105E-01,0
14,51, 0.14062, 0.52604, 8.594538E-01,0
15,51, 0.15104, 0.52604, 8.528486E-01,0
16,51, 0.16146, 0.52604, 8.483917E-01,0
17,51, 0.17188, 0.52604, 8.341663E-01,0
18,51, 0.18229, 0.52604, 8.237543E-01,0
19,51, 0.19271, 0.52604, 8.126410E-01,0
20,51, 0.20312, 0.52604, 8.021185E-01,0
21,51, 0.21354, 0.52604, 7.921209E-01,0
22,51, 0.22396, 0.52604, 7.824468E-01,0
23,51, 0.23438, 0.52604, 7.729516E-01,0
24,51, 0.24479, 0.52604, 7.635481E-01,0
25,51, 0.25521, 0.52604, 7.541808E-01,0
26,51, 0.26562, 0.52604, 7.448030E-01,0
27,51, 0.27604, 0.52604, 7.353546E-01,0
28,51, 0.28646, 0.52604, 7.257336E-01,0
29,51, 0.29688, 0.52604, 7.157506E-01,0
30,51, 0.30729, 0.52604, 7.050379E-01,0
31,51, 0.31771, 0.52604, 6.927794E-01,0
32,51, 0.32812, 0.52604, 6.763718E-01,0
33,51, 0.33854, 0.52604, 6.596050E-01,1
34,51, 0.34896, 0.52604, 6.606901E-01,0
35,51, 0.35938, 0.52604, 6.557438E-01,0
36,51, 0.36979, 0.52604, 6.478768E-01,0
37,51, 0.38021, 0.52604, 6.386694E-01,0
38,51, 0.39062, 0.52604, 6.287718E-01,0
39,51, 0.40104, 0.52604, 6.184638E-01,0
40,51, 0.41146, 0.52604, 6.078704E-01,0
41,51, 0.42188, 0.52604, 5.970489E-01,0
42,51, 0.43229, 0.52604, 5.860278E-01,0
43,51, 0.44271, 0.52604, 5.748246E-01,0
44,51, 0.45312, 0.52604, 5.634543E-01,0
45,51, 0.46354, 0.52604, 5.519341E-01,0
46,51, 0.47396, 0.52604, 5.402852E-01,0
47,51, 0.48438, 0.52604, 5.285330E-01,0
48,51, 0.49479, 0.52604, 5.167078E-01,0
49,51, 0.50521, 0.52604, 5.048428E-01,0
50,51, 0.51562, 0.52604, 4.929736E-01,0
51,51, 0.52604, 0.52604, 4.811359E-01,0
52,51, 0.53646, 0.52604, 4.693633E-01,0
53,51, 0.54688, 0.52604, 4.576857E-01,0
54,51, 0.55729, 0.52604, 4.461274E-01,0
55,51, 0.56771, 0.52604, 4.347062E-01,0
56,51, 0.57812, 0.52604, 4.234321E-01,0
57,51, 0.58854, 0.52604, 4.123062E-01,0
58,51, 0.59896, 0.52604, 4.013203E-01,0
59,51, 0.60938, 0.52604, 3.904529E-01,0
60,51, 0.61979, 0.52604, 3.796295E-01,0
61,51, 0.63021, 0.52604, 3.683341E-01,0
62,51, 0.64062, 0.52604, 3.603326E-01,1
63,51, 0.65104, 0.52604, 3.529435E-01,0
64,51, 0.66146, 0.52604, 3.414925E-01,0
65,51, 0.67188, 0.52604, 3.299656E-01,0
66,51, 0.68229, 0.52604, 3.182911E-01,0
67,51, 0.69271, 0.52604, 3.066246E-01,0
68,51, 0.70312, 0.52604, 2.950612E-01,0
69,51, 0.71354, 0.52604, 2.836325E-01,0
70,51, 0.72396, 0.52604, 2.723328E-01,0
71,51, 0.73438, 0.52604, 2.611397E-01,0
72,51, 0.74479, 0.52604, 2.500246E-01,0
73,51, 0.75521, 0.52604, 2.389581E-01,0
74,51, 0.76562, 0.52604, 2.279117E-01,0
75,51, 0.77604, 0.52604, 2.168592E-01,0
76,51, 0.78646, 0.52604, 2.057779E-01,0
77,51, 0.79688, 0.52604, 1.946536E-01,0
78,51, 0.80729, 0.52604, 1.834892E-01,0
79,51, 0.81771, 0.52604, 1.723183E-01,0
80,51, 0.82812, 0.52604, 1.612148E-01,0
81,51, 0.83854, 0.52604, 1.502404E-01,0
82,51, 0.84896, 0.52604, 1.390098E-01,0
83,51, 0.85938, 0.52604, 1.313278E-01,1
84,51, 0.86979, 0.52604, 1.249227E-01,0
85,51, 0.88021, 0.52604, 1.151963E-01,0
86,51, 0.89062, 0.52604, 1.055465E-01,0
87,51, 0.90104, 0.52604, 9.582420E-02,0
88,51, 0.91146, 0.52604, 8.603086E-02,0
89,51, 0.92188, 0.52604, 7.616252E-02,0
90,51, 0.93229, 0.52604, 6.621523E-02,0
91,51, 0.94271, 0.52604, 5.618907E-02,0
92,51, 0.95312, 0.52604, 4.608847E-02,0
93,51, 0.96354, 0.52604, 3.592163E-02,0
94,51, 0.97396, 0.52604, 2.569983E-02,0
95,51, 0.98438, 0.52604, 1.543689E-02,0
96,51, 0.99479, 0.52604, 5.148501E-03,0
1,52, 0.00521, 0.53646, 9.940071E-01,0
2,52, 0.01562, 0.53646, 9.820513E-01,0
3,52, 0.02604, 0.53646, 9.701830E-01,0
4,52, 0.03646, 0.53646, 9.584551E-01,0
5,52, 0.04688, 0.53646, 9.469120E-01,0
6,52, 0.05729, 0.53646, 9.355888E-01,0
7,52, 0.06771, 0.53646, 9.245107E-01,0
8,52, 0.07812, 0.53646, 9.136947E-01,0
9,52, 0.08854, 0.53646, 9.031533E-01,0
10,52, 0.09896, 0.53646, 8.929004E-01,0
11,52, 0.10938, 0.53646, 8.829596E-01,0
12,52, 0.11979, 0.53646, 8.733757E-01,0
13,52, 0.13021, 0.53646, 8.642214E-01,0
14,52, 0.14062, 0.53646, 8.555625E-01,0
15,52, 0.15104, 0.53646, 8.471873E-01,0
16,52, 0.16146, 0.53646, 8.371758E-01,0
17,52, 0.17188, 0.53646, 8.259151E-01,1
18,52, 0.18229, 0.53646, 8.203842E-01,0
19,52, 0.19271, 0.53646, 8.097552E-01,0
20,52, 0.20312, 0.53646, 7.999716E-01,0
21,52, 0.21354, 0.53646, 7.906808E-01,0
22,52, 0.22396, 0.53646, 7.816257E-01,0
23,52, 0.23438, 0.53646, 7.726787E-01,0
24,52, 0.24479, 0.53646, 7.637844E-01,0
25,52, 0.25521, 0.53646, 7.549199E-01,0
26,52, 0.26562, 0.53646, 7.460703E-01,0
27,52, 0.27604, 0.53646, 7.372096E-01,0
28,52, 0.28646, 0.53646, 7.282754E-01,0
29,52, 0.29688, 0.53646, 7.191332E-01,0
30,52, 0.30729, 0.53646, 7.095498E-01,0
31,52, 0.31771, 0.53646, 6.993867E-01,0
32,52, 0.32812, 0.53646, 6.902990E-01,0
33,52, 0.33854, 0.53646, 6.708058E-01,0
34,52, 0.34896, 0.53646, 6.673384E-01,0
35,52, 0.35938, 0.53646, 6.608688E-01,0
36,52, 0.36979, 0.53646, 6.525269E-01,0
37,52, 0.38021, 0.53646, 6.431771E-01,0
38,52, 0.39062, 0.53646, 6.332657E-01,0
39,52, 0.40104, 0.53646, 6.230007E-01,0
40,52, 0.41146, 0.53646, 6.124750E-01,0
41,52, 0.42188, 0.53646, 6.017290E-01,0
42,52, 0.43229, 0.53646, 5.907802E-01,0
43,52, 0.44271, 0.53646, 5.796383E-01,0
44,52, 0.45312, 0.53646, 5.683126E-01,0
45,52, 0.46354, 0.53646, 5.568161E-01,0
46,52, 0.47396, 0.53646, 5.451672E-01,0
47,52, 0.48438, 0.53646, 5.333908E-01,0
48,52, 0.49479, 0.53646, 5.215181E-01,0
49,52, 0.50521, 0.53646, 5.095856E-01,0
50,52, 0.51562, 0.53646, 4.976333E-01,0
51,52, 0.52604, 0.53646, 4.857021E-01,0
52,52, 0.53646, 0.53646, 4.738307E-01,0
53,52, 0.54688, 0.53646, 4.620527E-01,0
54,52, 0.55729, 0.53646, 4.503952E-01,0
55,52, 0.56771, 0.53646, 4.388772E-01,0
56,52, 0.57812, 0.53646, 4.275082E-01,0
57,52, 0.58854, 0.53646, 4.162852E-01,0
58,52, 0.59896, 0.53646, 4.051896E-01,0
59,52, 0.60938, 0.53646, 3.941928E-01,0
60,52, 0.61979, 0.53646, 3.833608E-01,0
61,52, 0.63021, 0.53646, 3.738297E-01,0
62,52, 0.64062, 0.53646, 3.641249E-01,0
63,52, 0.65104, 0.53646, 3.546645E-01,0
64,52, 0.66146, 0.53646, 3.433274E-01,0
65,52, 0.67188, 0.53646, 3.316850E-01,0
66,52, 0.68229, 0.53646, 3.199524E-01,0
67,52, 0.69271, 0.53646, 3.082226E-01,0
68,52, 0.70312, 0.53646, 2.965539E-01,0
69,52, 0.71354, 0.53646, 2.849744E-01,0
70,52, 0.72396, 0.53646, 2.734889E-01,0
71,52, 0.73438, 0.53646, 2.620883E-01,0
72,52, 0.74479, 0.53646, 2.507563E-01,0
73,52, 0.75521, 0.53646, 2.394745E-01,0
74,52, 0.76562, 0.53646, 2.282244E-01,0
75,52, 0.77604, 0.53646, 2.169893E-01,0
76,52, 0.78646, 0.53646, 2.057572E-01,0
77,52, 0.79688, 0.53646, 1.945240E-01,0
78,52, 0.80729, 0.53646, 1.832991E-01,0
79,52, 0.81771, 0.53646, 1.721120E-01,0
80,52, 0.82812, 0.53646, 1.610152E-01,0
81,52, 0.83854, 0.53646, 1.500818E-01,0
82,52, 0.84896, 0.53646, 1.394490E-01,0
83,52, 0.85938, 0.53646, 1.300492E-01,0
84,52, 0.86979, 0.53646, 1.216968E-01,0
85,52, 0.88021, 0.53646, 1.135951E-01,0
86,52, 0.89062, 0.53646, 1.040727E-01,0
87,52, 0.90104, 0.53646, 9.439992E-02,0
88,52, 0.91146, 0.53646, 8.468369E-02,0
89,52, 0.92188, 0.53646, 7.491954E-02,0
90,52, 0.93229, 0.53646, 6.509827E-02,0
91,52, 0.94271, 0.53646, 5.521608E-02,0
92,52, 0.95312, 0.53646, 4.527416E-02,0
93,52, 0.96354, 0.53646, 3.527752E-02,0
94,52, 0.97396, 0.53646, 2.523433E-02,0
95,52, 0.98438, 0.53646, 1.515553E-02,0
96,52, 0.99479, 0.53646, 5.054384E-03,0
1,53, 0.00521, 0.54688, 9.937926E-01,0
2,53, 0.01562, 0.54688, 9.814161E-01,0
3,53, 0.02604, 0.54688, 9.691518E-01,0
4,53, 0.03646, 0.54688, 9.570647E-01,0
5,53, 0.04688, 0.54688, 9.452069E-01,0
6,53, 0.05729, 0.54688, 9.336154E-01,0
7,53, 0.06771, 0.54688, 9.223122E-01,0
8,53, 0.07812, 0.54688, 9.113063E-01,0
9,53, 0.08854, 0.54688, 9.005977E-01,0
10,53, 0.09896, 0.54688, 8.901821E-01,0
11,53, 0.10938, 0.54688, 8.800553E-01,0
12,53, 0.11979, 0.54688, 8.702164E-01,0
13,53, 0.13021, 0.54688, 8.606580E-01,0
14,53, 0.14062, 0.54688, 8.513176E-01,0
15,53, 0.15104, 0.54688, 8.419097E-01,0
16,53, 0.16146, 0.54688, 8.315249E-01,0
17,53, 0.17188, 0.54688, 8.251025E-01,1
18,53, 0.18229, 0.54688, 8.164970E-01,0
19,53, 0.19271, 0.54688, 8.061077E-01,0
20,53, 0.20312, 0.54688, 7.973827E-01,0
21,53, 0.21354, 0.54688, 7.890150E-01,0
22,53, 0.22396, 0.54688, 7.806873E-01,0
23,53, 0.23438, 0.54688, 7.723391E-01,0
24,53, 0.24479, 0.54688, 7.639792E-01,0
25,53, 0.25521, 0.54688, 7.556355E-01,0
26,53, 0.26562, 0.54688, 7.473390E-01,0
27,53, 0.27604, 0.54688, 7.391148E-01,0
28,53, 0.28646, 0.54688, 7.309669E-01,0
29,53, 0.29688, 0.54688, 7.228394E-01,0
30,53, 0.30729, 0.54688, 7.145186E-01,0
31,53, 0.31771, 0.54688, 7.054058E-01,0
32,53, 0.32812, 0.54688, 6.998522E-01,1
33,53, 0.33854, 0.54688, 6.877934E-01,0
34,53, 0.34896, 0.54688, 6.765218E-01,0
35,53, 0.35938, 0.54688, 6.672195E-01,0
36,53, 0.36979, 0.54688, 6.578204E-01,0
37,53, 0.38021, 0.54688, 6.480805E-01,0
38,53, 0.39062, 0.54688, 6.380508E-01,0
39,53, 0.40104, 0.54688, 6.277873E-01,0
40,53, 0.41146, 0.54688, 6.173175E-01,0
41,53, 0.42188, 0.54688, 6.066490E-01,0
42,53, 0.43229, 0.54688, 5.957801E-01,0
43,53, 0.44271, 0.54688, 5.847073E-01,0
44,53, 0.45312, 0.54688, 5.734305E-01,0
45,53, 0.46354, 0.54688, 5.619555E-01,0
46,53, 0.47396, 0.54688, 5.502964E-01,0
47,53, 0.48438, 0.54688, 5.384764E-01,0
48,53, 0.49479, 0.54688, 5.265281E-01,0
49,53, 0.50521, 0.54688, 5.144929E-01,0
50,53, 0.51562, 0.54688, 5.024183E-01,0
51,53, 0.52604, 0.54688, 4.903537E-01,0
52,53, 0.53646, 0.54688, 4.783458E-01,0
53,53, 0.54688, 0.54688, 4.664342E-01,0
54,53, 0.55729, 0.54688, 4.546494E-01,0
55,53, 0.56771, 0.54688, 4.430133E-01,0
56,53, 0.57812, 0.54688, 4.315367E-01,0
57,53, 0.58854, 0.54688, 4.202143E-01,0
58,53, 0.59896, 0.54688, 4.090067E-01,0
59,53, 0.60938, 0.54688, 3.977681E-01,0
60,53, 0.61979, 0.54688, 3.858058E-01,0
61,53, 0.63021, 0.54688, 3.772190E-01,1
62,53, 0.64062, 0.54688, 3.692236E-01,0
63,53, 0.65104, 0.54688, 3.572145E-01,0
64,53, 0.66146, 0.54688, 3.453950E-01,0
65,53, 0.67188, 0.54688, 3.335304E-01,0
66,53, 0.68229, 0.54688, 3.216455E-01,0
67,53, 0.69271, 0.54688, 3.097807E-01,0
68,53, 0.70312, 0.54688, 2.979683E-01,0
69,53, 0.71354, 0.54688, 2.862268E-01,0
70,53, 0.72396, 0.54688, 2.745618E-01,0
71,53, 0.73438, 0.54688, 2.629697E-01,0
72,53, 0.74479, 0.54688, 2.514414E-01,0
73,53, 0.75521, 0.54688, 2.399657E-01,0
74,53, 0.76562, 0.54688, 2.285314E-01,0
75,53, 0.77604, 0.54688, 2.171290E-01,0
76,53, 0.78646, 0.54688, 2.057530E-01,0
77,53, 0.79688, 0.54688, 1.944044E-01,0
78,53, 0.80729, 0.54688, 1.830935E-01,0
79,53, 0.81771, 0.54688, 1.718428E-01,0
80,53, 0.82812, 0.54688, 1.606855E-01,0
81,53, 0.83854, 0.54688, 1.496504E-01,0
82,53, 0.84896, 0.54688, 1.386921E-01,0
83,53, 0.85938, 0.54688, 1.272702E-01,0
84,53, 0.86979, 0.54688, 1.192423E-01,1
85,53, 0.88021, 0.54688, 1.126756E-01,0
86,53, 0.89062, 0.54688, 1.026512E-01,0
87,53, 0.90104, 0.54688, 9.300566E-02,0
88,53, 0.91146, 0.54688, 8.337865E-02,0
89,53, 0.92188, 0.54688, 7.372492E-02,0
90,53, 0.93229, 0.54688, 6.403088E-02,0
91,53, 0.94271, 0.54688, 5.429061E-02,0
92,53, 0.95312, 0.54688, 4.450304E-02,0
93,53, 0.96354, 0.54688, 3.467029E-02,0
94,53, 0.97396, 0.54688, 2.479731E-02,0
95,53, 0.98438, 0.54688, 1.489224E-02,0
96,53, 0.99479, 0.54688, 4.966466E-03,0
1,54, 0.00521, 0.55729, 9.935352E-01,0
2,54, 0.01562, 0.55729, 9.806571E-01,0
3,54, 0.02604, 0.55729, 9.679284E-01,0
4,54, 0.03646, 0.55729, 9.554318E-01,0
5,54, 0.04688, 0.55729, 9.432286E-01,0
6,54, 0.05729, 0.55729, 9.313557E-01,0
7,54, 0.06771, 0.55729, 9.198279E-01,0
8,54, 0.07812, 0.55729, 9.086417E-01,0
9,54, 0.08854, 0.55729, 8.977798E-01,0
10,54, 0.09896, 0.55729, 8.872165E-01,0
11,54, 0.10938, 0.55729, 8.769205E-01,0
12,54, 0.11979, 0.55729, 8.668540E-01,0
13,54, 0.13021, 0.55729, 8.569623E-01,0
14,54, 0.14062, 0.55729, 8.471498E-01,0
15,54, 0.15104, 0.55729, 8.372660E-01,0
16,54, 0.16146, 0.55729, 8.273398E-01,0
17,54, 0.17188, 0.55729, 8.194456E-01,0
18,54, 0.18229, 0.55729, 8.067751E-01,0
19,54, 0.19271, 0.55729, 8.011627E-01,0
20,54, 0.20312, 0.55729, 7.945293E-01,0
21,54, 0.21354, 0.55729, 7.873105E-01,0
22,54, 0.22396, 0.55729, 7.797454E-01,0
23,54, 0.23438, 0.55729, 7.719857E-01,0
24,54, 0.24479, 0.55729, 7.641391E-01,0
25,54, 0.25521, 0.55729, 7.562928E-01,0
26,54, 0.26562, 0.55729, 7.485276E-01,0
27,54, 0.27604, 0.55729, 7.409284E-01,0
28,54, 0.28646, 0.55729, 7.335940E-01,0
29,54, 0.29688, 0.55729, 7.266417E-01,0
30,54, 0.30729, 0.55729, 7.201527E-01,0
31,54, 0.31771, 0.55729, 7.135859E-01,0
32,54, 0.32812, 0.55729, 7.009850E-01,1
33,54, 0.33854, 0.55729, 6.946943E-01,0
34,54, 0.34896, 0.55729, 6.835114E-01,0
35,54, 0.35938, 0.55729, 6.732261E-01,0
36,54, 0.36979, 0.55729, 6.631945E-01,0
37,54, 0.38021, 0.55729, 6.531622E-01,0
38,54, 0.39062, 0.55729, 6.430428E-01,0
39,54, 0.40104, 0.55729, 6.327997E-01,0
40,54, 0.41146, 0.55729, 6.224070E-01,0
41,54, 0.42188, 0.55729, 6.118400E-01,0
42,54, 0.43229, 0.55729, 6.010755E-01,0
43,54, 0.44271, 0.55729, 5.900939E-01,0
44,54, 0.45312, 0.55729, 5.788819E-01,0
45,54, 0.46354, 0.55729, 5.674351E-01,0
46,54, 0.47396, 0.55729, 5.557599E-01,0
47,54, 0.48438, 0.55729, 5.438763E-01,0
48,54, 0.49479, 0.55729, 5.318187E-01,0
49,54, 0.50521, 0.55729, 5.196360E-01,0
50,54, 0.51562, 0.55729, 5.073875E-01,0
51,54, 0.52604, 0.55729, 4.951372E-01,0
52,54, 0.53646, 0.55729, 4.829442E-01,0
53,54, 0.54688, 0.55729, 4.708562E-01,0
54,54, 0.55729, 0.55729, 4.589073E-01,0
55,54, 0.56771, 0.55729, 4.471224E-01,0
56,54, 0.57812, 0.55729, 4.355183E-01,0
57,54, 0.58854, 0.55729, 4.240964E-01,0
58,54, 0.59896, 0.55729, 4.128368E-01,0
59,54, 0.60938, 0.55729, 4.017511E-01,0
60,54, 0.61979, 0.55729, 3.917156E-01,0
61,54, 0.63021, 0.55729, 3.815540E-01,0
62,54, 0.64062, 0.55729, 3.714109E-01,0
63,54, 0.65104, 0.55729, 3.595259E-01,0
64,54, 0.66146, 0.55729, 3.474638E-01,0
65,54, 0.67188, 0.55729, 3.353806E-01,0
66,54, 0.68229, 0.55729, 3.233121E-01,0
67,54, 0.69271, 0.55729, 3.112820E-01,0
68,54, 0.70312, 0.55729, 2.993078E-01,0
69,54, 0.71354, 0.55729, 2.873996E-01,0
70,54, 0.72396, 0.55729, 2.755607E-01,0
71,54, 0.73438, 0.55729, 2.637892E-01,0
72,54, 0.74479, 0.55729, 2.520799E-01,0
73,54, 0.75521, 0.55729, 2.404265E-01,0
74,54, 0.76562, 0.55729, 2.288228E-01,0
75,54, 0.77604, 0.55729, 2.172644E-01,0
76,54, 0.78646, 0.55729, 2.057499E-01,0
77,54, 0.79688, 0.55729, 1.942827E-01,0
78,54, 0.80729, 0.55729, 1.828726E-01,0
79,54, 0.81771, 0.55729, 1.715373E-01,0
80,54, 0.82812, 0.55729, 1.603016E-01,0
81,54, 0.83854, 0.55729, 1.491943E-01,0
82,54, 0.84896, 0.55729, 1.382479E-01,0
83,54, 0.85938, 0.55729, 1.275736E-01,0
84,54, 0.86979, 0.55729, 1.181552E-01,0
85,54, 0.88021, 0.55729, 1.097090E-01,0
86,54, 0.89062, 0.55729, 1.008638E-01,0
87,54, 0.90104, 0.55729, 9.160133E-02,0
88,54, 0.91146, 0.55729, 8.211252E-02,0
89,54, 0.92188, 0.55729, 7.257605E-02,0
90,54, 0.93229, 0.55729, 6.300952E-02,0
91,54, 0.94271, 0.55729, 5.340896E-02,0
92,54, 0.95312, 0.55729, 4.377241E-02,0
93,54, 0.96354, 0.55729, 3.409894E-02,0
94,54, 0.97396, 0.55729, 2.438908E-02,0
95,54, 0.98438, 0.55729, 1.464773E-02,0
96,54, 0.99479, 0.55729, 4.885070E-03,0
1,55, 0.00521, 0.56771, 9.932175E-01,0
2,55, 0.01562, 0.56771, 9.797246E-01,0
3,55, 0.02604, 0.56771, 9.664400E-01,0
4,55, 0.03646, 0.56771, 9.534726E-01,0
5,55, 0.04688, 0.56771, 9.408939E-01,0
6,55, 0.05729, 0.56771, 9.287361E-01,0
7,55, 0.06771, 0.56771, 9.169996E-01,0
8,55, 0.07812, 0.56771, 9.056605E-01,0
9,55, 0.08854, 0.56771, 8.946791E-01,0
10,55, 0.09896, 0.56771, 8.840064E-01,0
11,55, 0.10938, 0.56771, 8.735880E-01,0
12,55, 0.11979, 0.56771, 8.633632E-01,0
13,55, 0.13021, 0.56771, 8.532536E-01,0
14,55, 0.14062, 0.56771, 8.431414E-01,0
15,55, 0.15104, 0.56771, 8.328309E-01,0
16,55, 0.16146, 0.56771, 8.219538E-01,0
17,55, 0.17188, 0.56771, 8.093290E-01,0
18,55, 0.18229, 0.56771, 7.983692E-01,1
19,55, 0.19271, 0.56771, 7.973424E-01,0
20,55, 0.20312, 0.56771, 7.922561E-01,0
21,55, 0.21354, 0.56771, 7.859080E-01,0
22,55, 0.22396, 0.56771, 7.789498E-01,0
23,55, 0.23438, 0.56771, 7.716798E-01,0
24,55, 0.24479, 0.56771, 7.642726E-01,0
25,55, 0.25521, 0.56771, 7.568564E-01,0
26,55, 0.26562, 0.56771, 7.495481E-01,0
27,55, 0.27604, 0.56771, 7.424801E-01,0
28,55, 0.28646, 0.56771, 7.358407E-01,0
29,55, 0.29688, 0.56771, 7.299946E-01,0
30,55, 0.30729, 0.56771, 7.259810E-01,0
31,55, 0.31771, 0.56771, 7.270302E-01,1
32,55, 0.32812, 0.56771, 7.106187E-01,0
33,55, 0.33854, 0.56771, 7.000365E-01,0
34,55, 0.34896, 0.56771, 6.891466E-01,0
35,55, 0.35938, 0.56771, 6.786378E-01,0
36,55, 0.36979, 0.56771, 6.683983E-01,0
37,55, 0.38021, 0.56771, 6.582782E-01,0
38,55, 0.39062, 0.56771, 6.481754E-01,0
39,55, 0.40104, 0.56771, 6.380201E-01,0
40,55, 0.41146, 0.56771, 6.277579E-01,0
41,55, 0.42188, 0.56771, 6.173412E-01,0
42,55, 0.43229, 0.56771, 6.067269E-01,0
43,55, 0.44271, 0.56771, 5.958778E-01,0
44,55, 0.45312, 0.56771, 5.847635E-01,0
45,55, 0.46354, 0.56771, 5.733642E-01,0
46,55, 0.47396, 0.56771, 5.616740E-01,0
47,55, 0.48438, 0.56771, 5.497060E-01,0
48,55, 0.49479, 0.56771, 5.374964E-01,0
49,55, 0.50521, 0.56771, 5.251051E-01,0
50,55, 0.51562, 0.56771, 5.126111E-01,0
51,55, 0.52604, 0.56771, 5.001032E-01,0
52,55, 0.53646, 0.56771, 4.876620E-01,0
53,55, 0.54688, 0.56771, 4.753443E-01,0
54,55, 0.55729, 0.56771, 4.631835E-01,0
55,55, 0.56771, 0.56771, 4.512058E-01,0
56,55, 0.57812, 0.56771, 4.394377E-01,0
57,55, 0.58854, 0.56771, 4.278874E-01,0
58,55, 0.59896, 0.56771, 4.164644E-01,0
59,55, 0.60938, 0.56771, 4.044365E-01,0
60,55, 0.61979, 0.56771, 3.955145E-01,1
61,55, 0.63021, 0.56771, 3.864262E-01,0
62,55, 0.64062, 0.56771, 3.739073E-01,0
63,55, 0.65104, 0.56771, 3.616812E-01,0
64,55, 0.66146, 0.56771, 3.494132E-01,0
65,55, 0.67188, 0.56771, 3.371390E-01,0
66,55, 0.68229, 0.56771, 3.248939E-01,0
67,55, 0.69271, 0.56771, 3.126981E-01,0
68,55, 0.70312, 0.56771, 3.005623E-01,0
69,55, 0.71354, 0.56771, 2.884917E-01,0
70,55, 0.72396, 0.56771, 2.764874E-01,0
71,55, 0.73438, 0.56771, 2.645480E-01,0
72,55, 0.74479, 0.56771, 2.526708E-01,0
73,55, 0.75521, 0.56771, 2.408530E-01,0
74,55, 0.76562, 0.56771, 2.290922E-01,0
75,55, 0.77604, 0.56771, 2.173875E-01,0
76,55, 0.78646, 0.56771, 2.057407E-01,0
77,55, 0.79688, 0.56771, 1.941565E-01,0
78,55, 0.80729, 0.56771, 1.826444E-01,0
79,55, 0.81771, 0.56771, 1.712193E-01,0
80,55, 0.82812, 0.56771, 1.599021E-01,0
81,55, 0.83854, 0.56771, 1.487207E-01,0
82,55, 0.84896, 0.56771, 1.377150E-01,0
83,55, 0.85938, 0.56771, 1.269600E-01,0
84,55, 0.86979, 0.56771, 1.166493E-01,0
85,55, 0.88021, 0.56771, 1.071288E-01,0
86,55, 0.89062, 0.56771, 9.890225E-02,0
87,55, 0.90104, 0.56771, 9.033355E-02,0
88,55, 0.91146, 0.56771, 8.091476E-02,0
89,55, 0.92188, 0.56771, 7.147819E-02,0
90,55, 0.93229, 0.56771, 6.203416E-02,0
91,55, 0.94271, 0.56771, 5.256959E-02,0
92,55, 0.95312, 0.56771, 4.308219E-02,0
93,55, 0.96354, 0.56771, 3.356637E-02,0
94,55, 0.97396, 0.56771, 2.401432E-02,0
95,55, 0.98438, 0.56771, 1.442595E-02,0
96,55, 0.99479, 0.56771, 4.811705E-03,0
1,56, 0.00521, 0.57812, 9.928109E-01,0
2,56, 0.01562, 0.57812, 9.785392E-01,0
3,56, 0.02604, 0.57812, 9.645736E-01,0
4,56, 0.03646, 0.57812, 9.510630E-01,0
5,56, 0.04688, 0.57812, 9.380875E-01,0
6,56, 0.05729, 0.57812, 9.256624E-01,0
7,56, 0.06771, 0.57812, 9.137584E-01,0
8,56, 0.07812, 0.57812, 9.023191E-01,0
9,56, 0.08854, 0.57812, 8.912737E-01,0
10,56, 0.09896, 0.57812, 8.805473E-01,0
11,56, 0.10938, 0.57812, 8.700682E-01,0
12,56, 0.11979, 0.57812, 8.597674E-01,0
13,56, 0.13021, 0.57812, 8.495684E-01,0
14,56, 0.14062, 0.57812, 8.393663E-01,0
15,56, 0.15104, 0.57812, 8.289882E-01,0
16,56, 0.16146, 0.57812, 8.181027E-01,0
17,56, 0.17188, 0.57812, 8.059811E-01,0
18,56, 0.18229, 0.57812, 7.986412E-01,1
19,56, 0.19271, 0.57812, 7.964033E-01,0
20,56, 0.20312, 0.57812, 7.911045E-01,0
21,56, 0.21354, 0.57812, 7.850129E-01,0
22,56, 0.22396, 0.57812, 7.783900E-01,0
23,56, 0.23438, 0.57812, 7.714576E-01,0
24,56, 0.24479, 0.57812, 7.643822E-01,0
25,56, 0.25521, 0.57812, 7.572989E-01,0
26,56, 0.26562, 0.57812, 7.503352E-01,0
27,56, 0.27604, 0.57812, 7.436333E-01,0
28,56, 0.28646, 0.57812, 7.373792E-01,0
29,56, 0.29688, 0.57812, 7.318527E-01,0
30,56, 0.30729, 0.57812, 7.274993E-01,0
31,56, 0.31771, 0.57812, 7.261226E-01,1
32,56, 0.32812, 0.57812, 7.171403E-01,0
33,56, 0.33854, 0.57812, 7.049263E-01,0
34,56, 0.34896, 0.57812, 6.939935E-01,0
35,56, 0.35938, 0.57812, 6.835651E-01,0
36,56, 0.36979, 0.57812, 6.734063E-01,0
37,56, 0.38021, 0.57812, 6.633906E-01,0
38,56, 0.39062, 0.57812, 6.534300E-01,0
39,56, 0.40104, 0.57812, 6.434539E-01,0
40,56, 0.41146, 0.57812, 6.333994E-01,0
41,56, 0.42188, 0.57812, 6.232055E-01,0
42,56, 0.43229, 0.57812, 6.128124E-01,0
43,56, 0.44271, 0.57812, 6.021627E-01,0
44,56, 0.45312, 0.57812, 5.912036E-01,0
45,56, 0.46354, 0.57812, 5.798918E-01,0
46,56, 0.47396, 0.57812, 5.681994E-01,0
47,56, 0.48438, 0.57812, 5.561258E-01,0
48,56, 0.49479, 0.57812, 5.437066E-01,0
49,56, 0.50521, 0.57812, 5.310184E-01,0
50,56, 0.51562, 0.57812, 5.181731E-01,0
51,56, 0.52604, 0.57812, 5.053049E-01,0
52,56, 0.53646, 0.57812, 4.925342E-01,0
53,56, 0.54688, 0.57812, 4.799262E-01,0
54,56, 0.55729, 0.57812, 4.674960E-01,0
55,56, 0.56771, 0.57812, 4.552627E-01,0
56,56, 0.57812, 0.57812, 4.432810E-01,0
57,56, 0.58854, 0.57812, 4.316355E-01,0
58,56, 0.59896, 0.57812, 4.204818E-01,0
59,56, 0.60938, 0.57812, 4.096483E-01,0
60,56, 0.61979, 0.57812, 3.988847E-01,0
61,56, 0.63021, 0.57812, 3.880327E-01,0
62,56, 0.64062, 0.57812, 3.759470E-01,0
63,56, 0.65104, 0.57812, 3.636022E-01,0
64,56, 0.66146, 0.57812, 3.511753E-01,0
65,56, 0.67188, 0.57812, 3.387438E-01,0
66,56, 0.68229, 0.57812, 3.263467E-01,0
67,56, 0.69271, 0.57812, 3.140024E-01,0
68,56, 0.70312, 0.57812, 3.017185E-01,0
69,56, 0.71354, 0.57812, 2.894976E-01,0
70,56, 0.72396, 0.57812, 2.773399E-01,0
71,56, 0.73438, 0.57812, 2.652451E-01,0
72,56, 0.74479, 0.57812, 2.532125E-01,0
73,56, 0.75521, 0.57812, 2.412422E-01,0
74,56, 0.76562, 0.57812, 2.293352E-01,0
75,56, 0.77604, 0.57812, 2.174939E-01,0
76,56, 0.78646, 0.57812, 2.057224E-01,0
77,56, 0.79688, 0.57812, 1.940273E-01,0
78,56, 0.80729, 0.57812, 1.824179E-01,0
79,56, 0.81771, 0.57812, 1.709080E-01,0
80,56, 0.82812, 0.57812, 1.595164E-01,0
81,56, 0.83854, 0.57812, 1.482686E-01,0
82,56, 0.84896, 0.57812, 1.371987E-01,0
83,56, 0.85938, 0.57812, 1.263451E-01,0
84,56, 0.86979, 0.57812, 1.156905E-01,0
85,56, 0.88021, 0.57812, 1.047010E-01,0
86,56, 0.89062, 0.57812, 9.686273E-02,1
87,56, 0.90104, 0.57812, 8.920350E-02,0
88,56, 0.91146, 0.57812, 7.975957E-02,0
89,56, 0.92188, 0.57812, 7.043054E-02,0
90,56, 0.93229, 0.57812, 6.110385E-02,0
91,56, 0.94271, 0.57812, 5.176919E-02,0
92,56, 0.95312, 0.57812, 4.243309E-02,0
93,56, 0.96354, 0.57812, 3.308118E-02,0
94,56, 0.97396, 0.57812, 2.368541E-02,0
95,56, 0.98438, 0.57812, 1.423676E-02,0
96,56, 0.99479, 0.57812, 4.749939E-03,0
1,57, 0.00521, 0.58854, 9.922680E-01,0
2,57, 0.01562, 0.58854, 9.769669E-01,0
3,57, 0.02604, 0.58854, 9.621444E-01,0
4,57, 0.03646, 0.58854, 9.480115E-01,0
5,57, 0.04688, 0.58854, 9.346469E-01,0
6,57, 0.05729, 0.58854, 9.220166E-01,0
7,57, 0.06771, 0.58854, 9.100314E-01,0
8,57, 0.07812, 0.58854, 8.985812E-01,0
9,57, 0.08854, 0.58854, 8.875509E-01,0
10,57, 0.09896, 0.58854, 8.768354E-01,0
11,57, 0.10938, 0.58854, 8.663516E-01,0
12,57, 0.11979, 0.58854, 8.560398E-01,0
13,57, 0.13021, 0.58854, 8.458498E-01,0
14,57, 0.14062, 0.58854, 8.357237E-01,0
15,57, 0.15104, 0.58854, 8.255740E-01,0
16,57, 0.16146, 0.58854, 8.152495E-01,0
17,57, 0.17188, 0.58854, 8.045014E-01,0
18,57, 0.18229, 0.58854, 7.988213E-01,1
19,57, 0.19271, 0.58854, 7.961490E-01,0
20,57, 0.20312, 0.58854, 7.905831E-01,0
21,57, 0.21354, 0.58854, 7.845164E-01,0
22,57, 0.22396, 0.58854, 7.780431E-01,0
23,57, 0.23438, 0.58854, 7.713128E-01,0
24,57, 0.24479, 0.58854, 7.644610E-01,0
25,57, 0.25521, 0.58854, 7.576087E-01,0
26,57, 0.26562, 0.58854, 7.508742E-01,0
27,57, 0.27604, 0.58854, 7.443839E-01,0
28,57, 0.28646, 0.58854, 7.382827E-01,0
29,57, 0.29688, 0.58854, 7.327315E-01,0
30,57, 0.30729, 0.58854, 7.278485E-01,0
31,57, 0.31771, 0.58854, 7.256534E-01,1
32,57, 0.32812, 0.58854, 7.195003E-01,0
33,57, 0.33854, 0.58854, 7.085315E-01,0
34,57, 0.34896, 0.58854, 6.981983E-01,0
35,57, 0.35938, 0.58854, 6.881620E-01,0
36,57, 0.36979, 0.58854, 6.782970E-01,0
37,57, 0.38021, 0.58854, 6.685379E-01,0
38,57, 0.39062, 0.58854, 6.588331E-01,0
39,57, 0.40104, 0.58854, 6.491316E-01,0
40,57, 0.41146, 0.58854, 6.393762E-01,0
41,57, 0.42188, 0.58854, 6.295007E-01,0
42,57, 0.43229, 0.58854, 6.194297E-01,0
43,57, 0.44271, 0.58854, 6.090820E-01,0
44,57, 0.45312, 0.58854, 5.983742E-01,0
45,57, 0.46354, 0.58854, 5.872246E-01,0
46,57, 0.47396, 0.58854, 5.755652E-01,0
47,57, 0.48438, 0.58854, 5.633659E-01,0
48,57, 0.49479, 0.58854, 5.506559E-01,0
49,57, 0.50521, 0.58854, 5.375361E-01,0
50,57, 0.51562, 0.58854, 5.241717E-01,0
51,57, 0.52604, 0.58854, 5.107864E-01,0
52,57, 0.53646, 0.58854, 4.975854E-01,0
53,57, 0.54688, 0.58854, 4.846355E-01,0
54,57, 0.55729, 0.58854, 4.718766E-01,0
55,57, 0.56771, 0.58854, 4.592892E-01,0
56,57, 0.57812, 0.58854, 4.469815E-01,0
57,57, 0.58854, 0.58854, 4.351645E-01,0
58,57, 0.59896, 0.58854, 4.248489E-01,0
59,57, 0.60938, 0.58854, 4.142915E-01,0
60,57, 0.61979, 0.58854, 4.024873E-01,0
61,57, 0.63021, 0.58854, 3.902282E-01,0
62,57, 0.64062, 0.58854, 3.777922E-01,0
63,57, 0.65104, 0.58854, 3.652676E-01,0
64,57, 0.66146, 0.58854, 3.527082E-01,0
65,57, 0.67188, 0.58854, 3.401572E-01,0
66,57, 0.68229, 0.58854, 3.276418E-01,0
67,57, 0.69271, 0.58854, 3.151758E-01,0
68,57, 0.70312, 0.58854, 3.027650E-01,0
69,57, 0.71354, 0.58854, 2.904112E-01,0
70,57, 0.72396, 0.58854, 2.781153E-01,0
71,57, 0.73438, 0.58854, 2.658785E-01,0
72,57, 0.74479, 0.58854, 2.537029E-01,0
73,57, 0.75521, 0.58854, 2.415917E-01,0
74,57, 0.76562, 0.58854, 2.295493E-01,0
75,57, 0.77604, 0.58854, 2.175812E-01,0
76,57, 0.78646, 0.58854, 2.056943E-01,0
77,57, 0.79688, 0.58854, 1.938971E-01,0
78,57, 0.80729, 0.58854, 1.822001E-01,0
79,57, 0.81771, 0.58854, 1.706166E-01,0
80,57, 0.82812, 0.58854, 1.591642E-01,0
81,57, 0.83854, 0.58854, 1.478657E-01,0
82,57, 0.84896, 0.58854, 1.367497E-01,0
83,57, 0.85938, 0.58854, 1.258456E-01,0
84,57, 0.86979, 0.58854, 1.151621E-01,0
85,57, 0.88021, 0.58854, 1.046437E-01,0
86,57, 0.89062, 0.58854, 9.437505E-02,0
87,57, 0.90104, 0.58854, 8.647271E-02,1
88,57, 0.91146, 0.58854, 7.893927E-02,0
89,57, 0.92188, 0.58854, 6.951063E-02,0
90,57, 0.93229, 0.58854, 6.022734E-02,0
91,57, 0.94271, 0.58854, 5.099739E-02,0
92,57, 0.95312, 0.58854, 4.182287E-02,0
93,57, 0.96354, 0.58854, 3.266306E-02,0
94,57, 0.97396, 0.58854, 2.343125E-02,0
95,57, 0.98438, 0.58854, 1.410169E-02,0
96,57, 0.99479, 0.58854, 4.707122E-03,0
1,58, 0.00521, 0.59896, 9.915053E-01,0
2,58, 0.01562, 0.59896, 9.747664E-01,0
3,58, 0.02604, 0.59896, 9.588308E-01,0
4,58, 0.03646, 0.59896, 9.440083E-01,0
5,58, 0.04688, 0.59896, 9.303412E-01,0
6,58, 0.05729, 0.59896, 9.176628E-01,0
7,58, 0.06771, 0.59896, 9.057632E-01,0
8,58, 0.07812, 0.59896, 8.944465E-01,0
9,58, 0.08854, 0.59896, 8.835356E-01,0
10,58, 0.09896, 0.59896, 8.728888E-01,0
11,58, 0.10938, 0.59896, 8.624240E-01,0
12,58, 0.11979, 0.59896, 8.521159E-01,0
13,58, 0.13021, 0.59896, 8.419670E-01,0
14,58, 0.14062, 0.59896, 8.319819E-01,0
15,58, 0.15104, 0.59896, 8.221821E-01,0
16,58, 0.16146, 0.59896, 8.126225E-01,0
17,58, 0.17188, 0.59896, 8.034196E-01,0
18,58, 0.18229, 0.59896, 7.989724E-01,1
19,58, 0.19271, 0.59896, 7.960831E-01,0
20,58, 0.20312, 0.59896, 7.903709E-01,0
21,58, 0.21354, 0.59896, 7.842601E-01,0
22,58, 0.22396, 0.59896, 7.778361E-01,0
23,58, 0.23438, 0.59896, 7.712131E-01,0
24,58, 0.24479, 0.59896, 7.644968E-01,0
25,58, 0.25521, 0.59896, 7.577883E-01,0
26,58, 0.26562, 0.59896, 7.511889E-01,0
27,58, 0.27604, 0.59896, 7.448025E-01,0
28,58, 0.28646, 0.59896, 7.387358E-01,0
29,58, 0.29688, 0.59896, 7.330811E-01,0
30,58, 0.30729, 0.59896, 7.278513E-01,0
31,58, 0.31771, 0.59896, 7.253296E-01,1
32,58, 0.32812, 0.59896, 7.208144E-01,0
33,58, 0.33854, 0.59896, 7.115596E-01,0
34,58, 0.34896, 0.59896, 7.021347E-01,0
35,58, 0.35938, 0.59896, 6.926633E-01,0
36,58, 0.36979, 0.59896, 6.832136E-01,0
37,58, 0.38021, 0.59896, 6.738074E-01,0
38,58, 0.39062, 0.59896, 6.644427E-01,0
39,58, 0.40104, 0.59896, 6.551012E-01,0
40,58, 0.41146, 0.59896, 6.457435E-01,0
41,58, 0.42188, 0.59896, 6.363048E-01,0
42,58, 0.43229, 0.59896, 6.266950E-01,0
43,58, 0.44271, 0.59896, 6.168043E-01,0
44,58, 0.45312, 0.59896, 6.065056E-01,0
45,58, 0.46354, 0.59896, 5.956548E-01,0
46,58, 0.47396, 0.59896, 5.841071E-01,0
47,58, 0.48438, 0.59896, 5.717697E-01,0
48,58, 0.49479, 0.59896, 5.586488E-01,0
49,58, 0.50521, 0.59896, 5.448828E-01,0
50,58, 0.51562, 0.59896, 5.307123E-01,0
51,58, 0.52604, 0.59896, 5.165459E-01,0
52,58, 0.53646, 0.59896, 5.028006E-01,0
53,58, 0.54688, 0.59896, 4.895231E-01,0
54,58, 0.55729, 0.59896, 4.764075E-01,0
55,58, 0.56771, 0.59896, 4.633072E-01,0
56,58, 0.57812, 0.59896, 4.505131E-01,0
57,58, 0.58854, 0.59896, 4.381779E-01,0
58,58, 0.59896, 0.59896, 4.287871E-01,1
59,58, 0.60938, 0.59896, 4.186031E-01,0
60,58, 0.61979, 0.59896, 4.047344E-01,0
61,58, 0.63021, 0.59896, 3.919175E-01,0
62,58, 0.64062, 0.59896, 3.792681E-01,0
63,58, 0.65104, 0.59896, 3.666291E-01,0
64,58, 0.66146, 0.59896, 3.539880E-01,0
65,58, 0.67188, 0.59896, 3.413614E-01,0
66,58, 0.68229, 0.59896, 3.287648E-01,0
67,58, 0.69271, 0.59896, 3.162078E-01,0
68,58, 0.70312, 0.59896, 3.036947E-01,0
69,58, 0.71354, 0.59896, 2.912282E-01,0
70,58, 0.72396, 0.59896, 2.788109E-01,0
71,58, 0.73438, 0.59896, 2.664466E-01,0
72,58, 0.74479, 0.59896, 2.541407E-01,0
73,58, 0.75521, 0.59896, 2.419000E-01,0
74,58, 0.76562, 0.59896, 2.297326E-01,0
75,58, 0.77604, 0.59896, 2.176479E-01,0
76,58, 0.78646, 0.59896, 2.056557E-01,0
77,58, 0.79688, 0.59896, 1.937672E-01,0
78,58, 0.80729, 0.59896, 1.819944E-01,0
79,58, 0.81771, 0.59896, 1.703514E-01,0
80,58, 0.82812, 0.59896, 1.588549E-01,0
81,58, 0.83854, 0.59896, 1.475253E-01,0
82,58, 0.84896, 0.59896, 1.363859E-01,0
83,58, 0.85938, 0.59896, 1.254583E-01,0
84,58, 0.86979, 0.59896, 1.147478E-01,0
85,58, 0.88021, 0.59896, 1.042201E-01,0
86,58, 0.89062, 0.59896, 9.381795E-02,0
87,58, 0.90104, 0.59896, 8.381985E-02,0
88,58, 0.91146, 0.59896, 7.650685E-02,1
89,58, 0.92188, 0.59896, 6.888275E-02,0
90,58, 0.93229, 0.59896, 5.942352E-02,0
91,58, 0.94271, 0.59896, 5.022372E-02,0
92,58, 0.95312, 0.59896, 4.123518E-02,0
93,58, 0.96354, 0.59896, 3.235949E-02,0
94,58, 0.97396, 0.59896, 2.332111E-02,0
95,58, 0.98438, 0.59896, 1.406684E-02,0
96,58, 0.99479, 0.59896, 4.697165E-03,0
1,59, 0.00521, 0.60938, 9.903794E-01,0
2,59, 0.01562, 0.60938, 9.714745E-01,0
3,59, 0.02604, 0.60938, 9.540396E-01,0
4,59, 0.03646, 0.60938, 9.385317E-01,0
5,59, 0.04688, 0.60938, 9.248547E-01,0
6,59, 0.05729, 0.60938, 9.124831E-01,0
7,59, 0.06771, 0.60938, 9.009761E-01,0
8,59, 0.07812, 0.60938, 8.900181E-01,0
9,59, 0.08854, 0.60938, 8.793519E-01,0
10,59, 0.09896, 0.60938, 8.687907E-01,0
11,59, 0.10938, 0.60938, 8.582835E-01,0
12,59, 0.11979, 0.60938, 8.479007E-01,0
13,59, 0.13021, 0.60938, 8.377404E-01,0
14,59, 0.14062, 0.60938, 8.278403E-01,0
15,59, 0.15104, 0.60938, 8.182976E-01,0
16,59, 0.16146, 0.60938, 8.093992E-01,0
17,59, 0.17188, 0.60938, 8.019607E-01,0
18,59, 0.18229, 0.60938, 7.992503E-01,1
19,59, 0.19271, 0.60938, 7.961735E-01,0
20,59, 0.20312, 0.60938, 7.902740E-01,0
21,59, 0.21354, 0.60938, 7.841009E-01,0
22,59, 0.22396, 0.60938, 7.776894E-01,0
23,59, 0.23438, 0.60938, 7.711200E-01,0
24,59, 0.24479, 0.60938, 7.644774E-01,0
25,59, 0.25521, 0.60938, 7.578475E-01,0
26,59, 0.26562, 0.60938, 7.513170E-01,0
27,59, 0.27604, 0.60938, 7.449728E-01,0
28,59, 0.28646, 0.60938, 7.388963E-01,0
29,59, 0.29688, 0.60938, 7.331454E-01,0
30,59, 0.30729, 0.60938, 7.276988E-01,0
31,59, 0.31771, 0.60938, 7.250073E-01,1
32,59, 0.32812, 0.60938, 7.224388E-01,0
33,59, 0.33854, 0.60938, 7.148849E-01,0
34,59, 0.34896, 0.60938, 7.062840E-01,0
35,59, 0.35938, 0.60938, 6.973500E-01,0
36,59, 0.36979, 0.60938, 6.883362E-01,0
37,59, 0.38021, 0.60938, 6.793181E-01,0
38,59, 0.39062, 0.60938, 6.703359E-01,0
39,59, 0.40104, 0.60938, 6.614176E-01,0
40,59, 0.41146, 0.60938, 6.525557E-01,0
41,59, 0.42188, 0.60938, 6.436971E-01,0
42,59, 0.43229, 0.60938, 6.347377E-01,0
43,59, 0.44271, 0.60938, 6.255338E-01,0
44,59, 0.45312, 0.60938, 6.159022E-01,0
45,59, 0.46354, 0.60938, 6.055982E-01,0
46,59, 0.47396, 0.60938, 5.943274E-01,0
47,59, 0.48438, 0.60938, 5.818640E-01,0
48,59, 0.49479, 0.60938, 5.681485E-01,0
49,59, 0.50521, 0.60938, 5.533910E-01,0
50,59, 0.51562, 0.60938, 5.378867E-01,0
51,59, 0.52604, 0.60938, 5.224291E-01,0
52,59, 0.53646, 0.60938, 5.080373E-01,0
53,59, 0.54688, 0.60938, 4.946819E-01,0
54,59, 0.55729, 0.60938, 4.813303E-01,0
55,59, 0.56771, 0.60938, 4.673670E-01,0
56,59, 0.57812, 0.60938, 4.542184E-01,0
57,59, 0.58854, 0.60938, 4.431197E-01,1
58,59, 0.59896, 0.60938, 4.322278E-01,0
59,59, 0.60938, 0.60938, 4.189995E-01,0
60,59, 0.61979, 0.60938, 4.059160E-01,0
61,59, 0.63021, 0.60938, 3.930933E-01,0
62,59, 0.64062, 0.60938, 3.803765E-01,0
63,59, 0.65104, 0.60938, 3.676906E-01,0
64,59, 0.66146, 0.60938, 3.550159E-01,0
65,59, 0.67188, 0.60938, 3.423544E-01,0
66,59, 0.68229, 0.60938, 3.297121E-01,0
67,59, 0.69271, 0.60938, 3.170941E-01,0
68,59, 0.70312, 0.60938, 3.045042E-01,0
69,59, 0.71354, 0.60938, 2.919461E-01,0
70,59, 0.72396, 0.60938, 2.794250E-01,0
71,59, 0.73438, 0.60938, 2.669481E-01,0
72,59, 0.74479, 0.60938, 2.545247E-01,0
73,59, 0.75521, 0.60938, 2.421659E-01,0
74,59, 0.76562, 0.60938, 2.298843E-01,0
75,59, 0.77604, 0.60938, 2.176931E-01,0
76,59, 0.78646, 0.60938, 2.056063E-01,0
77,59, 0.79688, 0.60938, 1.936378E-01,0
78,59, 0.80729, 0.60938, 1.818019E-01,0
79,59, 0.81771, 0.60938, 1.701137E-01,0
80,59, 0.82812, 0.60938, 1.585897E-01,0
81,59, 0.83854, 0.60938, 1.472478E-01,0
82,59, 0.84896, 0.60938, 1.361074E-01,0
83,59, 0.85938, 0.60938, 1.251849E-01,0
84,59, 0.86979, 0.60938, 1.144863E-01,0
85,59, 0.88021, 0.60938, 1.039988E-01,0
86,59, 0.89062, 0.60938, 9.370623E-02,0
87,59, 0.90104, 0.60938, 8.368622E-02,0
88,59, 0.91146, 0.60938, 7.400858E-02,0
89,59, 0.92188, 0.60938, 6.644759E-02,1
90,59, 0.93229, 0.60938, 5.881266E-02,0
91,59, 0.94271, 0.60938, 4.940403E-02,0
92,59, 0.95312, 0.60938, 4.059731E-02,0
93,59, 0.96354, 0.60938, 3.229602E-02,0
94,59, 0.97396, 0.60938, 2.353210E-02,0
95,59, 0.98438, 0.60938, 1.422911E-02,0
96,59, 0.99479, 0.60938, 4.742284E-03,0
1,60, 0.00521, 0.61979, 9.886897E-01,0
2,60, 0.01562, 0.61979, 9.661605E-01,0
3,60, 0.02604, 0.61979, 9.466364E-01,0
4,60, 0.03646, 0.61979, 9.306904E-01,0
5,60, 0.04688, 0.61979, 9.178274E-01,0
6,60, 0.05729, 0.61979, 9.065147E-01,0
7,60, 0.06771, 0.61979, 8.959306E-01,0
8,60, 0.07812, 0.61979, 8.856615E-01,0
9,60, 0.08854, 0.61979, 8.753624E-01,0
10,60, 0.09896, 0.61979, 8.647687E-01,0
11,60, 0.10938, 0.61979, 8.539411E-01,0
12,60, 0.11979, 0.61979, 8.432216E-01,0
13,60, 0.13021, 0.61979, 8.329550E-01,0
14,60, 0.14062, 0.61979, 8.230075E-01,0
15,60, 0.15104, 0.61979, 8.133172E-01,0
16,60, 0.16146, 0.61979, 8.042387E-01,0
17,60, 0.17188, 0.61979, 8.001831E-01,1
18,60, 0.18229, 0.61979, 7.996997E-01,1
19,60, 0.19271, 0.61979, 7.962088E-01,0
20,60, 0.20312, 0.61979, 7.901254E-01,0
21,60, 0.21354, 0.61979, 7.839404E-01,0
22,60, 0.22396, 0.61979, 7.775485E-01,0
23,60, 0.23438, 0.61979, 7.710065E-01,0
24,60, 0.24479, 0.61979, 7.643952E-01,0
25,60, 0.25521, 0.61979, 7.577964E-01,0
26,60, 0.26562, 0.61979, 7.512912E-01,0
27,60, 0.27604, 0.61979, 7.449601E-01,0
28,60, 0.28646, 0.61979, 7.388772E-01,0
29,60, 0.29688, 0.61979, 7.330891E-01,0
30,60, 0.30729, 0.61979, 7.275438E-01,0
31,60, 0.31771, 0.61979, 7.246473E-01,1
32,60, 0.32812, 0.61979, 7.244712E-01,1
33,60, 0.33854, 0.61979, 7.194422E-01,0
34,60, 0.34896, 0.61979, 7.110755E-01,0
35,60, 0.35938, 0.61979, 7.024728E-01,0
36,60, 0.36979, 0.61979, 6.938662E-01,0
37,60, 0.38021, 0.61979, 6.852175E-01,0
38,60, 0.39062, 0.61979, 6.766019E-01,0
39,60, 0.40104, 0.61979, 6.681343E-01,0
40,60, 0.41146, 0.61979, 6.598585E-01,0
41,60, 0.42188, 0.61979, 6.517511E-01,0
42,60, 0.43229, 0.61979, 6.436942E-01,0
43,60, 0.44271, 0.61979, 6.355088E-01,0
44,60, 0.45312, 0.61979, 6.269531E-01,0
45,60, 0.46354, 0.61979, 6.176388E-01,0
46,60, 0.47396, 0.61979, 6.069797E-01,0
47,60, 0.48438, 0.61979, 5.944693E-01,0
48,60, 0.49479, 0.61979, 5.798617E-01,0
49,60, 0.50521, 0.61979, 5.635978E-01,0
50,60, 0.51562, 0.61979, 5.457528E-01,0
51,60, 0.52604, 0.61979, 5.278523E-01,0
52,60, 0.53646, 0.61979, 5.127897E-01,0
53,60, 0.54688, 0.61979, 5.002740E-01,0
54,60, 0.55729, 0.61979, 4.875925E-01,0
55,60, 0.56771, 0.61979, 4.711949E-01,0
56,60, 0.57812, 0.61979, 4.599883E-01,1
57,60, 0.58854, 0.61979, 4.476757E-01,0
58,60, 0.59896, 0.61979, 4.332525E-01,0
59,60, 0.60938, 0.61979, 4.198153E-01,0
60,60, 0.61979, 0.61979, 4.067483E-01,0
61,60, 0.63021, 0.61979, 3.938985E-01,0
62,60, 0.64062, 0.61979, 3.811606E-01,0
63,60, 0.65104, 0.61979, 3.684716E-01,0
64,60, 0.66146, 0.61979, 3.558018E-01,0
65,60, 0.67188, 0.61979, 3.431403E-01,0
66,60, 0.68229, 0.61979, 3.304841E-01,0
67,60, 0.69271, 0.61979, 3.178338E-01,0
68,60, 0.70312, 0.61979, 3.051918E-01,0
69,60, 0.71354, 0.61979, 2.925633E-01,0
70,60, 0.72396, 0.61979, 2.799564E-01,0
71,60, 0.73438, 0.61979, 2.673820E-01,0
72,60, 0.74479, 0.61979, 2.548543E-01,0
73,60, 0.75521, 0.61979, 2.423891E-01,0
74,60, 0.76562, 0.61979, 2.300039E-01,0
75,60, 0.77604, 0.61979, 2.177169E-01,0
76,60, 0.78646, 0.61979, 2.055461E-01,0
77,60, 0.79688, 0.61979, 1.935090E-01,0
78,60, 0.80729, 0.61979, 1.816224E-01,0
79,60, 0.81771, 0.61979, 1.699026E-01,0
80,60, 0.82812, 0.61979, 1.583656E-01,0
81,60, 0.83854, 0.61979, 1.470275E-01,0
82,60, 0.84896, 0.61979, 1.359035E-01,0
83,60, 0.85938, 0.61979, 1.250055E-01,0
84,60, 0.86979, 0.61979, 1.143379E-01,0
85,60, 0.88021, 0.61979, 1.038933E-01,0
86,60, 0.89062, 0.61979, 9.365586E-02,0
87,60, 0.90104, 0.61979, 8.361114E-02,0
88,60, 0.91146, 0.61979, 7.369175E-02,0
89,60, 0.92188, 0.61979, 6.383515E-02,0
90,60, 0.93229, 0.61979, 5.640894E-02,1
91,60, 0.94271, 0.61979, 4.872748E-02,0
92,60, 0.95312, 0.61979, 3.953081E-02,0
93,60, 0.96354, 0.61979, 3.280373E-02,0
94,60, 0.97396, 0.61979, 2.455546E-02,0
95,60, 0.98438, 0.61979, 1.478085E-02,0
96,60, 0.99479, 0.61979, 4.858398E-03,0
1,61, 0.00521, 0.63021, 9.865069E-01,0
2,61, 0.01562, 0.63021, 9.569749E-01,0
3,61, 0.02604, 0.63021, 9.345176E-01,0
4,61, 0.03646, 0.63021, 9.190681E-01,0
5,61, 0.04688, 0.63021, 9.092190E-01,0
6,61, 0.05729, 0.63021, 9.004191E-01,0
7,61, 0.06771, 0.63021, 8.915598E-01,0
8,61, 0.07812, 0.63021, 8.824042E-01,0
9,61, 0.08854, 0.63021, 8.725286E-01,0
10,61, 0.09896, 0.63021, 8.613820E-01,0
11,61, 0.10938, 0.63021, 8.493496E-01,0
12,61, 0.11979, 0.63021, 8.375326E-01,0
13,61, 0.13021, 0.63021, 8.273386E-01,0
14,61, 0.14062, 0.63021, 8.174730E-01,0
15,61, 0.15104, 0.63021, 8.067839E-01,0
16,61, 0.16146, 0.63021, 8.004320E-01,1
17,61, 0.17188, 0.63021, 8.005383E-01,1
18,61, 0.18229, 0.63021, 7.992544E-01,0
19,61, 0.19271, 0.63021, 7.952083E-01,0
20,61, 0.20312, 0.63021, 7.897838E-01,0
21,61, 0.21354, 0.63021, 7.837600E-01,0
22,61, 0.22396, 0.63021, 7.774059E-01,0
23,61, 0.23438, 0.63021, 7.708666E-01,0
24,61, 0.24479, 0.63021, 7.642482E-01,0
25,61, 0.25521, 0.63021, 7.576396E-01,0
26,61, 0.26562, 0.63021, 7.511242E-01,0
27,61, 0.27604, 0.63021, 7.447889E-01,0
28,61, 0.28646, 0.63021, 7.387275E-01,0
29,61, 0.29688, 0.63021, 7.330471E-01,0
30,61, 0.30729, 0.63021, 7.279373E-01,0
31,61, 0.31771, 0.63021, 7.241190E-01,0
32,61, 0.32812, 0.63021, 7.239203E-01,1
33,61, 0.33854, 0.63021, 7.221088E-01,0
34,61, 0.34896, 0.63021, 7.165669E-01,0
35,61, 0.35938, 0.63021, 7.081687E-01,0
36,61, 0.36979, 0.63021, 7.001073E-01,0
37,61, 0.38021, 0.63021, 6.917160E-01,0
38,61, 0.39062, 0.63021, 6.833331E-01,0
39,61, 0.40104, 0.63021, 6.753075E-01,0
40,61, 0.41146, 0.63021, 6.677064E-01,0
41,61, 0.42188, 0.63021, 6.605665E-01,0
42,61, 0.43229, 0.63021, 6.537421E-01,0
43,61, 0.44271, 0.63021, 6.470190E-01,0
44,61, 0.45312, 0.63021, 6.401331E-01,0
45,61, 0.46354, 0.63021, 6.325505E-01,0
46,61, 0.47396, 0.63021, 6.231517E-01,0
47,61, 0.48438, 0.63021, 6.108488E-01,0
48,61, 0.49479, 0.63021, 5.947763E-01,0
49,61, 0.50521, 0.63021, 5.764574E-01,0
50,61, 0.51562, 0.63021, 5.544922E-01,0
51,61, 0.52604, 0.63021, 5.311941E-01,0
52,61, 0.53646, 0.63021, 5.155940E-01,0
53,61, 0.54688, 0.63021, 5.058291E-01,0
54,61, 0.55729, 0.63021, 4.942093E-01,1
55,61, 0.56771, 0.63021, 4.800881E-01,0
56,61, 0.57812, 0.63021, 4.625525E-01,0
57,61, 0.58854, 0.63021, 4.480914E-01,0
58,61, 0.59896, 0.63021, 4.339021E-01,0
59,61, 0.60938, 0.63021, 4.203509E-01,0
60,61, 0.61979, 0.63021, 4.072263E-01,0
61,61, 0.63021, 0.63021, 3.943602E-01,0
62,61, 0.64062, 0.63021, 3.816364E-01,0
63,61, 0.65104, 0.63021, 3.689808E-01,0
64,61, 0.66146, 0.63021, 3.563499E-01,0
65,61, 0.67188, 0.63021, 3.437203E-01,0
66,61, 0.68229, 0.63021, 3.310801E-01,0
67,61, 0.69271, 0.63021, 3.184246E-01,0
68,61, 0.70312, 0.63021, 3.057551E-01,0
69,61, 0.71354, 0.63021, 2.930776E-01,0
70,61, 0.72396, 0.63021, 2.804033E-01,0
71,61, 0.73438, 0.63021, 2.677474E-01,0
72,61, 0.74479, 0.63021, 2.551290E-01,0
73,61, 0.75521, 0.63021, 2.425697E-01,0
74,61, 0.76562, 0.63021, 2.300923E-01,0
75,61, 0.77604, 0.63021, 2.177204E-01,0
76,61, 0.78646, 0.63021, 2.054767E-01,0
77,61, 0.79688, 0.63021, 1.933825E-01,0
78,61, 0.80729, 0.63021, 1.814572E-01,0
79,61, 0.81771, 0.63021, 1.697184E-01,0
80,61, 0.82812, 0.63021, 1.581816E-01,0
81,61, 0.83854, 0.63021, 1.468603E-01,0
82,61, 0.84896, 0.63021, 1.357657E-01,0
83,61, 0.85938, 0.63021, 1.249049E-01,0
84,61, 0.86979, 0.63021, 1.142784E-01,0
85,61, 0.88021, 0.63021, 1.038772E-01,0
86,61, 0.89062, 0.63021, 9.368250E-02,0
87,61, 0.90104, 0.63021, 8.366837E-02,0
88,61, 0.91146, 0.63021, 7.380696E-02,0
89,61, 0.92188, 0.63021, 6.415248E-02,0
90,61, 0.93229, 0.63021, 5.491380E-02,0
91,61, 0.94271, 0.63021, 4.465878E-02,0
92,61, 0.95312, 0.63021, 3.743880E-02,1
93,61, 0.96354, 0.63021, 3.458851E-02,0
94,61, 0.97396, 0.63021, 2.796521E-02,0
95,61, 0.98438, 0.63021, 1.605064E-02,0
96,61, 0.99479, 0.63021, 4.941802E-03,0
1,62, 0.00521, 0.64062, 9.868019E-01,0
2,62, 0.01562, 0.64062, 9.410781E-01,0
3,62, 0.02604, 0.64062, 9.147353E-01,0
4,62, 0.03646, 0.64062, 9.022401E-01,0
5,62, 0.04688, 0.64062, 9.010686E-01,0
6,62, 0.05729, 0.64062, 8.969748E-01,0
7,62, 0.06771, 0.64062, 8.906532E-01,0
8,62, 0.07812, 0.64062, 8.830132E-01,0
9,62, 0.08854, 0.64062, 8.735025E-01,0
10,62, 0.09896, 0.64062, 8.600804E-01,0
11,62, 0.10938, 0.64062, 8.442083E-01,0
12,62, 0.11979, 0.64062, 8.284454E-01,0
13,62, 0.13021, 0.64062, 8.204420E-01,0
14,62, 0.14062, 0.64062, 8.125268E-01,0
15,62, 0.15104, 0.64062, 8.033860E-01,1
16,62, 0.16146, 0.64062, 8.025532E-01,1
17,62, 0.17188, 0.64062, 8.018351E-01,0
18,62, 0.18229, 0.64062, 7.993285E-01,0
19,62, 0.19271, 0.64062, 7.950919E-01,0
20,62, 0.20312, 0.64062, 7.897207E-01,0
21,62, 0.21354, 0.64062, 7.836992E-01,0
22,62, 0.22396, 0.64062, 7.773070E-01,0
23,62, 0.23438, 0.64062, 7.707137E-01,0
24,62, 0.24479, 0.64062, 7.640374E-01,0
25,62, 0.25521, 0.64062, 7.573711E-01,0
26,62, 0.26562, 0.64062, 7.508002E-01,0
27,62, 0.27604, 0.64062, 7.444191E-01,0
28,62, 0.28646, 0.64062, 7.383419E-01,0
29,62, 0.29688, 0.64062, 7.327173E-01,0
30,62, 0.30729, 0.64062, 7.277935E-01,0
31,62, 0.31771, 0.64062, 7.240258E-01,0
32,62, 0.32812, 0.64062, 7.218763E-01,0
33,62, 0.33854, 0.64062, 7.216540E-01,1
34,62, 0.34896, 0.64062, 7.211888E-01,1
35,62, 0.35938, 0.64062, 7.145719E-01,0
36,62, 0.36979, 0.64062, 7.080769E-01,0
37,62, 0.38021, 0.64062, 6.991064E-01,0
38,62, 0.39062, 0.64062, 6.904959E-01,0
39,62, 0.40104, 0.64062, 6.830326E-01,0
40,62, 0.41146, 0.64062, 6.763205E-01,0
41,62, 0.42188, 0.64062, 6.705158E-01,0
42,62, 0.43229, 0.64062, 6.653758E-01,0
43,62, 0.44271, 0.64062, 6.606349E-01,0
44,62, 0.45312, 0.64062, 6.561034E-01,0
45,62, 0.46354, 0.64062, 6.512717E-01,0
46,62, 0.47396, 0.64062, 6.442695E-01,0
47,62, 0.48438, 0.64062, 6.329027E-01,0
48,62, 0.49479, 0.64062, 6.137089E-01,0
49,62, 0.50521, 0.64062, 5.934902E-01,0
50,62, 0.51562, 0.64062, 5.659455E-01,0
51,62, 0.52604, 0.64062, 5.293193E-01,0
52,62, 0.53646, 0.64062, 5.143827E-01,1
53,62, 0.54688, 0.64062, 5.143572E-01,1
54,62, 0.55729, 0.64062, 5.019864E-01,0
55,62, 0.56771, 0.64062, 4.819673E-01,0
56,62, 0.57812, 0.64062, 4.640271E-01,0
57,62, 0.58854, 0.64062, 4.484412E-01,0
58,62, 0.59896, 0.64062, 4.340443E-01,0
59,62, 0.60938, 0.64062, 4.204216E-01,0
60,62, 0.61979, 0.64062, 4.072904E-01,0
61,62, 0.63021, 0.64062, 3.944579E-01,0
62,62, 0.64062, 0.64062, 3.817936E-01,0
63,62, 0.65104, 0.64062, 3.692107E-01,0
64,62, 0.66146, 0.64062, 3.566537E-01,0
65,62, 0.67188, 0.64062, 3.440880E-01,0
66,62, 0.68229, 0.64062, 3.314934E-01,0
67,62, 0.69271, 0.64062, 3.188604E-01,0
68,62, 0.70312, 0.64062, 3.061885E-01,0
69,62, 0.71354, 0.64062, 2.934846E-01,0
70,62, 0.72396, 0.64062, 2.807626E-01,0
71,62, 0.73438, 0.64062, 2.680425E-01,0
72,62, 0.74479, 0.64062, 2.553486E-01,0
73,62, 0.75521, 0.64062, 2.427085E-01,0
74,62, 0.76562, 0.64062, 2.301515E-01,0
75,62, 0.77604, 0.64062, 2.177067E-01,0
76,62, 0.78646, 0.64062, 2.054020E-01,0
77,62, 0.79688, 0.64062, 1.932628E-01,0
78,62, 0.80729, 0.64062, 1.813112E-01,0
79,62, 0.81771, 0.64062, 1.695658E-01,0
80,62, 0.82812, 0.64062, 1.580412E-01,0
81,62, 0.83854, 0.64062, 1.467485E-01,0
82,62, 0.84896, 0.64062, 1.356945E-01,0
83,62, 0.85938, 0.64062, 1.248813E-01,0
84,62, 0.86979, 0.64062, 1.143048E-01,0
85,62, 0.88021, 0.64062, 1.039526E-01,0
86,62, 0.89062, 0.64062, 9.380325E-02,0
87,62, 0.90104, 0.64062, 8.382698E-02,0
88,62, 0.91146, 0.64062, 7.398932E-02,0
89,62, 0.92188, 0.64062, 6.426693E-02,0
90,62, 0.93229, 0.64062, 5.463354E-02,0
91,62, 0.94271, 0.64062, 4.514459E-02,0
92,62, 0.95312, 0.64062, 3.718674E-02,0
93,62, 0.96354, 0.64062, 3.419450E-02,1
94,62, 0.97396, 0.64062, 3.418575E-02,1
95,62, 0.98438, 0.64062, 1.831152E-02,0
96,62, 0.99479, 0.64062, 4.082696E-03,0
1,63, 0.00521, 0.65104, 9.999839E-01,1
2,63, 0.01562, 0.65104, 9.225049E-01,0
3,63, 0.02604, 0.65104, 8.901143E-01,0
4,63, 0.03646, 0.65104, 8.839393E-01,0
5,63, 0.04688, 0.65104, 9.043648E-01,0
6,63, 0.05729, 0.65104, 9.052934E-01,0
7,63, 0.06771, 0.65104, 9.010320E-01,0
8,63, 0.07812, 0.65104, 8.950231E-01,0
9,63, 0.08854, 0.65104, 8.863875E-01,0
10,63, 0.09896, 0.65104, 8.649642E-01,0
11,63, 0.10938, 0.65104, 8.384739E-01,0
12,63, 0.11979, 0.65104, 8.162416E-01,1
13,63, 0.13021, 0.65104, 8.160995E-01,1
14,63, 0.14062, 0.65104, 8.159858E-01,1
15,63, 0.15104, 0.65104, 8.110265E-01,0
16,63, 0.16146, 0.65104, 8.068628E-01,0
17,63, 0.17188, 0.65104, 8.044681E-01,0
18,63, 0.18229, 0.65104, 8.006805E-01,0
19,63, 0.19271, 0.65104, 7.957902E-01,0
20,63, 0.20312, 0.65104, 7.900883E-01,0
21,63, 0.21354, 0.65104, 7.838546E-01,0
22,63, 0.22396, 0.65104, 7.772973E-01,0
23,63, 0.23438, 0.65104, 7.705632E-01,0
24,63, 0.24479, 0.65104, 7.637604E-01,0
25,63, 0.25521, 0.65104, 7.569742E-01,0
26,63, 0.26562, 0.65104, 7.502837E-01,0
27,63, 0.27604, 0.65104, 7.437791E-01,0
28,63, 0.28646, 0.65104, 7.375727E-01,0
29,63, 0.29688, 0.65104, 7.318083E-01,0
30,63, 0.30729, 0.65104, 7.266973E-01,0
31,63, 0.31771, 0.65104, 7.225406E-01,0
32,63, 0.32812, 0.65104, 7.196428E-01,0
33,63, 0.33854, 0.65104, 7.181752E-01,0
34,63, 0.34896, 0.65104, 7.168632E-01,1
35,63, 0.35938, 0.65104, 7.156516E-01,1
36,63, 0.36979, 0.65104, 7.155408E-01,1
37,63, 0.38021, 0.65104, 7.067244E-01,0
38,63, 0.39062, 0.65104, 6.970138E-01,0
39,63, 0.40104, 0.65104, 6.915869E-01,0
40,63, 0.41146, 0.65104, 6.868964E-01,0
41,63, 0.42188, 0.65104, 6.834681E-01,0
42,63, 0.43229, 0.65104, 6.808291E-01,0
43,63, 0.44271, 0.65104, 6.786460E-01,0
44,63, 0.45312, 0.65104, 6.768653E-01,0
45,63, 0.46354, 0.65104, 6.753638E-01,0
46,63, 0.47396, 0.65104, 6.723270E-01,0
47,63, 0.48438, 0.65104, 6.642434E-01,0
48,63, 0.49479, 0.65104, 6.344538E-01,0
49,63, 0.50521, 0.65104, 6.126993E-01,0
50,63, 0.51562, 0.65104, 5.798760E-01,1
51,63, 0.52604, 0.65104, 5.437244E-01,0
52,63, 0.53646, 0.65104, 5.223744E-01,0
53,63, 0.54688, 0.65104, 5.116977E-01,0
54,63, 0.55729, 0.65104, 4.973210E-01,0
55,63, 0.56771, 0.65104, 4.799671E-01,0
56,63, 0.57812, 0.65104, 4.631576E-01,0
57,63, 0.58854, 0.65104, 4.477575E-01,0
58,63, 0.59896, 0.65104, 4.334589E-01,0
59,63, 0.60938, 0.65104, 4.199225E-01,0
60,63, 0.61979, 0.65104, 4.068851E-01,0
61,63, 0.63021, 0.65104, 3.941578E-01,0
62,63, 0.64062, 0.65104, 3.816075E-01,0
63,63, 0.65104, 0.65104, 3.691417E-01,0
64,63, 0.66146, 0.65104, 3.566962E-01,0
65,63, 0.67188, 0.65104, 3.442281E-01,0
66,63, 0.68229, 0.65104, 3.317105E-01,0
67,63, 0.69271, 0.65104, 3.191293E-01,0
68,63, 0.70312, 0.65104, 3.064819E-01,0
69,63, 0.71354, 0.65104, 2.937761E-01,0
70,63, 0.72396, 0.65104, 2.810286E-01,0
71,63, 0.73438, 0.65104, 2.682638E-01,0
72,63, 0.74479, 0.65104, 2.555119E-01,0
73,63, 0.75521, 0.65104, 2.428069E-01,0
74,63, 0.76562, 0.65104, 2.301848E-01,0
75,63, 0.77604, 0.65104, 2.176810E-01,0
76,63, 0.78646, 0.65104, 2.053290E-01,0
77,63, 0.79688, 0.65104, 1.931584E-01,0
78,63, 0.80729, 0.65104, 1.811940E-01,0
79,63, 0.81771, 0.65104, 1.694550E-01,0
80,63, 0.82812, 0.65104, 1.579551E-01,0
81,63, 0.83854, 0.65104, 1.467025E-01,0
82,63, 0.84896, 0.65104, 1.356998E-01,0
83,63, 0.85938, 0.65104, 1.249443E-01,0
84,63, 0.86979, 0.65104, 1.144273E-01,0
85,63, 0.88021, 0.65104, 1.041336E-01,0
86,63, 0.89062, 0.65104, 9.404104E-02,0
87,63, 0.90104, 0.65104, 8.412221E-02,0
88,63, 0.91146, 0.65104, 7.434941E-02,0
89,63, 0.92188, 0.65104, 6.471138E-02,0
90,63, 0.93229, 0.65104, 5.525759E-02,0
91,63, 0.94271, 0.65104, 4.626482E-02,0
92,63, 0.95312, 0.65104, 3.850793E-02,0
93,63, 0.96354, 0.65104, 3.266135E-02,0
94,63, 0.97396, 0.65104, 2.644962E-02,0
95,63, 0.98438, 0.65104, 1.241866E-02,0
96,63, 0.99479, 0.65104, 2.696659E-06,1
1,64, 0.00521, 0.66146, 9.871194E-01,0
2,64, 0.01562, 0.66146, 9.492285E-01,0
3,64, 0.02604, 0.66146, 9.291826E-01,0
4,64, 0.03646, 0.66146, 9.221760E-01,0
5,64, 0.04688, 0.66146, 9.317592E-01,1
6,64, 0.05729, 0.66146, 9.275411E-01,1
7,64, 0.06771, 0.66146, 9.222718E-01,1
8,64, 0.07812, 0.66146, 9.170067E-01,1
9,64, 0.08854, 0.66146, 9.127969E-01,1
10,64, 0.09896, 0.66146, 8.860808E-01,0
11,64, 0.10938, 0.66146, 8.646124E-01,0
12,64, 0.11979, 0.66146, 8.389081E-01,0
13,64, 0.13021, 0.66146, 8.288894E-01,0
14,64, 0.14062, 0.66146, 8.228510E-01,0
15,64, 0.15104, 0.66146, 8.179556E-01,0
16,64, 0.16146, 0.66146, 8.129497E-01,0
17,64, 0.17188, 0.66146, 8.081545E-01,0
18,64, 0.18229, 0.66146, 8.029219E-01,0
19,64, 0.19271, 0.66146, 7.971394E-01,0
20,64, 0.20312, 0.66146, 7.908715E-01,0
21,64, 0.21354, 0.66146, 7.842473E-01,0
22,64, 0.22396, 0.66146, 7.773945E-01,0
23,64, 0.23438, 0.66146, 7.704199E-01,0
24,64, 0.24479, 0.66146, 7.634073E-01,0
25,64, 0.25521, 0.66146, 7.564244E-01,0
26,64, 0.26562, 0.66146, 7.495343E-01,0
27,64, 0.27604, 0.66146, 7.428097E-01,0
28,64, 0.28646, 0.66146, 7.363424E-01,0
29,64, 0.29688, 0.66146, 7.302469E-01,0
30,64, 0.30729, 0.66146, 7.246705E-01,0
31,64, 0.31771, 0.66146, 7.197880E-01,0
32,64, 0.32812, 0.66146, 7.157568E-01,0
33,64, 0.33854, 0.66146, 7.126921E-01,0
34,64, 0.34896, 0.66146, 7.109890E-01,0
35,64, 0.35938, 0.66146, 7.083314E-01,0
36,64, 0.36979, 0.66146, 7.044798E-01,0
37,64, 0.38021, 0.66146, 6.992251E-01,0
38,64, 0.39062, 0.66146, 6.969471E-01,1
39,64, 0.40104, 0.66146, 6.966793E-01,1
40,64, 0.41146, 0.66146, 6.961586E-01,1
41,64, 0.42188, 0.66146, 6.958337E-01,1
42,64, 0.43229, 0.66146, 6.955657E-01,1
43,64, 0.44271, 0.66146, 6.953105E-01,1
44,64, 0.45312, 0.66146, 6.950294E-01,1
45,64, 0.46354, 0.66146, 6.946087E-01,1
46,64, 0.47396, 0.66146, 6.942074E-01,1
47,64, 0.48438, 0.66146, 6.938260E-01,1
48,64, 0.49479, 0.66146, 6.636836E-01,0
49,64, 0.50521, 0.66146, 6.394718E-01,0
50,64, 0.51562, 0.66146, 5.932394E-01,0
51,64, 0.52604, 0.66146, 5.550359E-01,0
52,64, 0.53646, 0.66146, 5.285785E-01,0
53,64, 0.54688, 0.66146, 5.100999E-01,0
54,64, 0.55729, 0.66146, 4.934314E-01,0
55,64, 0.56771, 0.66146, 4.768443E-01,0
56,64, 0.57812, 0.66146, 4.609565E-01,0
57,64, 0.58854, 0.66146, 4.460898E-01,0
58,64, 0.59896, 0.66146, 4.321205E-01,0
59,64, 0.60938, 0.66146, 4.188199E-01,0
60,64, 0.61979, 0.66146, 4.059782E-01,0
61,64, 0.63021, 0.66146, 3.934298E-01,0
62,64, 0.64062, 0.66146, 3.810502E-01,0
63,64, 0.65104, 0.66146, 3.687469E-01,0
64,64, 0.66146, 0.66146, 3.564522E-01,0
65,64, 0.67188, 0.66146, 3.441173E-01,0
66,64, 0.68229, 0.66146, 3.317100E-01,0
67,64, 0.69271, 0.66146, 3.192121E-01,0
68,64, 0.70312, 0.66146, 3.066193E-01,0
69,64, 0.71354, 0.66146, 2.939396E-01,0
70,64, 0.72396, 0.66146, 2.811923E-01,0
71,64, 0.73438, 0.66146, 2.684062E-01,0
72,64, 0.74479, 0.66146, 2.556173E-01,0
73,64, 0.75521, 0.66146, 2.428668E-01,0
74,64, 0.76562, 0.66146, 2.301974E-01,0
75,64, 0.77604, 0.66146, 2.176518E-01,0
76,64, 0.78646, 0.66146, 2.052689E-01,0
77,64, 0.79688, 0.66146, 1.930829E-01,0
78,64, 0.80729, 0.66146, 1.811209E-01,0
79,64, 0.81771, 0.66146, 1.694028E-01,0
80,64, 0.82812, 0.66146, 1.579410E-01,0
81,64, 0.83854, 0.66146, 1.467404E-01,0
82,64, 0.84896, 0.66146, 1.357996E-01,0
83,64, 0.85938, 0.66146, 1.251114E-01,0
84,64, 0.86979, 0.66146, 1.146630E-01,0
85,64, 0.88021, 0.66146, 1.044368E-01,0
86,64, 0.89062, 0.66146, 9.441089E-02,0
87,64, 0.90104, 0.66146, 8.456215E-02,0
88,64, 0.91146, 0.66146, 7.487232E-02,0
89,64, 0.92188, 0.66146, 6.534445E-02,0
90,64, 0.93229, 0.66146, 5.603785E-02,0
91,64, 0.94271, 0.66146, 4.712645E-02,0
92,64, 0.95312, 0.66146, 3.886327E-02,0
93,64, 0.96354, 0.66146, 3.113450E-02,0
94,64, 0.97396, 0.66146, 2.287137E-02,0
95,64, 0.98438, 0.66146, 1.277173E-02,0
96,64, 0.99479, 0.66146, 2.959784E-03,0
1,65, 0.00521, 0.67188, 9.874429E-01,0
2,65, 0.01562, 0.67188, 9.619082E-01,0
3,65, 0.02604, 0.67188, 9.437095E-01,0
4,65, 0.03646, 0.67188, 9.325125E-01,0
5,65, 0.04688, 0.67188, 9.280251E-01,0
6,65, 0.05729, 0.67188, 9.220784E-01,0
7,65, 0.06771, 0.67188, 9.154965E-01,0
8,65, 0.07812, 0.67188, 9.084685E-01,0
9,65, 0.08854, 0.67188, 8.999955E-01,0
10,65, 0.09896, 0.67188, 8.834217E-01,0
11,65, 0.10938, 0.67188, 8.685022E-01,0
12,65, 0.11979, 0.67188, 8.532582E-01,0
13,65, 0.13021, 0.67188, 8.419741E-01,0
14,65, 0.14062, 0.67188, 8.329935E-01,0
15,65, 0.15104, 0.67188, 8.253949E-01,0
16,65, 0.16146, 0.67188, 8.185660E-01,0
17,65, 0.17188, 0.67188, 8.120964E-01,0
18,65, 0.18229, 0.67188, 8.056029E-01,0
19,65, 0.19271, 0.67188, 7.989076E-01,0
20,65, 0.20312, 0.67188, 7.919746E-01,0
21,65, 0.21354, 0.67188, 7.848452E-01,0
22,65, 0.22396, 0.67188, 7.775889E-01,0
23,65, 0.23438, 0.67188, 7.702756E-01,0
24,65, 0.24479, 0.67188, 7.629632E-01,0
25,65, 0.25521, 0.67188, 7.556969E-01,0
26,65, 0.26562, 0.67188, 7.485182E-01,0
27,65, 0.27604, 0.67188, 7.414760E-01,0
28,65, 0.28646, 0.67188, 7.346337E-01,0
29,65, 0.29688, 0.67188, 7.280699E-01,0
30,65, 0.30729, 0.67188, 7.218750E-01,0
31,65, 0.31771, 0.67188, 7.161377E-01,0
32,65, 0.32812, 0.67188, 7.109161E-01,0
33,65, 0.33854, 0.67188, 7.062046E-01,0
34,65, 0.34896, 0.67188, 7.019082E-01,0
35,65, 0.35938, 0.67188, 6.974811E-01,0
36,65, 0.36979, 0.67188, 6.928178E-01,0
37,65, 0.38021, 0.67188, 6.878460E-01,0
38,65, 0.39062, 0.67188, 6.847391E-01,0
39,65, 0.40104, 0.67188, 6.800154E-01,0
40,65, 0.41146, 0.67188, 6.756893E-01,0
41,65, 0.42188, 0.67188, 6.724445E-01,0
42,65, 0.43229, 0.67188, 6.696850E-01,0
43,65, 0.44271, 0.67188, 6.670076E-01,0
44,65, 0.45312, 0.67188, 6.641081E-01,0
45,65, 0.46354, 0.67188, 6.605914E-01,0
46,65, 0.47396, 0.67188, 6.583383E-01,0
47,65, 0.48438, 0.67188, 6.534637E-01,0
48,65, 0.49479, 0.67188, 6.311496E-01,0
49,65, 0.50521, 0.67188, 6.112247E-01,0
50,65, 0.51562, 0.67188, 5.818495E-01,0
51,65, 0.52604, 0.67188, 5.520470E-01,0
52,65, 0.53646, 0.67188, 5.269358E-01,0
53,65, 0.54688, 0.67188, 5.067168E-01,0
54,65, 0.55729, 0.67188, 4.892350E-01,0
55,65, 0.56771, 0.67188, 4.730764E-01,0
56,65, 0.57812, 0.67188, 4.579057E-01,0
57,65, 0.58854, 0.67188, 4.436278E-01,0
58,65, 0.59896, 0.67188, 4.300942E-01,0
59,65, 0.60938, 0.67188, 4.171271E-01,0
60,65, 0.61979, 0.67188, 4.045597E-01,0
61,65, 0.63021, 0.67188, 3.922527E-01,0
62,65, 0.64062, 0.67188, 3.800943E-01,0
63,65, 0.65104, 0.67188, 3.679965E-01,0
64,65, 0.66146, 0.67188, 3.558907E-01,0
65,65, 0.67188, 0.67188, 3.437250E-01,0
66,65, 0.68229, 0.67188, 3.314627E-01,0
67,65, 0.69271, 0.67188, 3.190825E-01,0
68,65, 0.70312, 0.67188, 3.065777E-01,0
69,65, 0.71354, 0.67188, 2.939564E-01,0
70,65, 0.72396, 0.67188, 2.812399E-01,0
71,65, 0.73438, 0.67188, 2.684610E-01,0
72,65, 0.74479, 0.67188, 2.556617E-01,0
73,65, 0.75521, 0.67188, 2.428899E-01,0
74,65, 0.76562, 0.67188, 2.301963E-01,0
75,65, 0.77604, 0.67188, 2.176302E-01,0
76,65, 0.78646, 0.67188, 2.052370E-01,0
77,65, 0.79688, 0.67188, 1.930549E-01,0
78,65, 0.80729, 0.67188, 1.811135E-01,0
79,65, 0.81771, 0.67188, 1.694328E-01,0
80,65, 0.82812, 0.67188, 1.580235E-01,0
81,65, 0.83854, 0.67188, 1.468874E-01,0
82,65, 0.84896, 0.67188, 1.360190E-01,0
83,65, 0.85938, 0.67188, 1.254065E-01,0
84,65, 0.86979, 0.67188, 1.150335E-01,0
85,65, 0.88021, 0.67188, 1.048799E-01,0
86,65, 0.89062, 0.67188, 9.492392E-02,0
87,65, 0.90104, 0.67188, 8.514444E-02,0
88,65, 0.91146, 0.67188, 7.552699E-02,0
89,65, 0.92188, 0.67188, 6.607394E-02,0
90,65, 0.93229, 0.67188, 5.681923E-02,0
91,65, 0.94271, 0.67188, 4.783362E-02,0
92,65, 0.95312, 0.67188, 3.916405E-02,0
93,65, 0.96354, 0.67188, 3.066282E-02,0
94,65, 0.97396, 0.67188, 2.194454E-02,0
95,65, 0.98438, 0.67188, 1.282385E-02,0
96,65, 0.99479, 0.67188, 3.991880E-03,0
1,66, 0.00521, 0.68229, 9.898583E-01,0
2,66, 0.01562, 0.68229, 9.702740E-01,0
3,66, 0.02604, 0.68229, 9.539506E-01,0
4,66, 0.03646, 0.68229, 9.412901E-01,0
5,66, 0.04688, 0.68229, 9.317832E-01,0
6,66, 0.05729, 0.68229, 9.231201E-01,0
7,66, 0.06771, 0.68229, 9.146362E-01,0
8,66, 0.07812, 0.68229, 9.059219E-01,0
9,66, 0.08854, 0.68229, 8.962792E-01,0
10,66, 0.09896, 0.68229, 8.845280E-01,0
11,66, 0.10938, 0.68229, 8.725212E-01,0
12,66, 0.11979, 0.68229, 8.605619E-01,0
13,66, 0.13021, 0.68229, 8.498233E-01,0
14,66, 0.14062, 0.68229, 8.402200E-01,0
15,66, 0.15104, 0.68229, 8.315437E-01,0
16,66, 0.16146, 0.68229, 8.235385E-01,0
17,66, 0.17188, 0.68229, 8.159152E-01,0
18,66, 0.18229, 0.68229, 8.084198E-01,0
19,66, 0.19271, 0.68229, 8.008977E-01,0
20,66, 0.20312, 0.68229, 7.932881E-01,0
21,66, 0.21354, 0.68229, 7.855948E-01,0
22,66, 0.22396, 0.68229, 7.778555E-01,0
23,66, 0.23438, 0.68229, 7.701165E-01,0
24,66, 0.24479, 0.68229, 7.624153E-01,0
25,66, 0.25521, 0.68229, 7.547770E-01,0
26,66, 0.26562, 0.68229, 7.472216E-01,0
27,66, 0.27604, 0.68229, 7.397740E-01,0
28,66, 0.28646, 0.68229, 7.324708E-01,0
29,66, 0.29688, 0.68229, 7.253589E-01,0
30,66, 0.30729, 0.68229, 7.184883E-01,0
31,66, 0.31771, 0.68229, 7.118979E-01,0
32,66, 0.32812, 0.68229, 7.055968E-01,0
33,66, 0.33854, 0.68229, 6.995421E-01,0
34,66, 0.34896, 0.68229, 6.936171E-01,0
35,66, 0.35938, 0.68229, 6.876109E-01,0
36,66, 0.36979, 0.68229, 6.813766E-01,0
37,66, 0.38021, 0.68229, 6.748223E-01,0
38,66, 0.39062, 0.68229, 6.682886E-01,0
39,66, 0.40104, 0.68229, 6.613772E-01,0
40,66, 0.41146, 0.68229, 6.549684E-01,0
41,66, 0.42188, 0.68229, 6.492668E-01,0
42,66, 0.43229, 0.68229, 6.439294E-01,0
43,66, 0.44271, 0.68229, 6.386146E-01,0
44,66, 0.45312, 0.68229, 6.330533E-01,0
45,66, 0.46354, 0.68229, 6.270742E-01,0
46,66, 0.47396, 0.68229, 6.209945E-01,0
47,66, 0.48438, 0.68229, 6.128756E-01,0
48,66, 0.49479, 0.68229, 5.993264E-01,0
49,66, 0.50521, 0.68229, 5.833620E-01,0
50,66, 0.51562, 0.68229, 5.628998E-01,0
51,66, 0.52604, 0.68229, 5.406999E-01,0
52,66, 0.53646, 0.68229, 5.196272E-01,0
53,66, 0.54688, 0.68229, 5.008654E-01,0
54,66, 0.55729, 0.68229, 4.840795E-01,0
55,66, 0.56771, 0.68229, 4.686386E-01,0
56,66, 0.57812, 0.68229, 4.541799E-01,0
57,66, 0.58854, 0.68229, 4.405041E-01,0
58,66, 0.59896, 0.68229, 4.274511E-01,0
59,66, 0.60938, 0.68229, 4.148716E-01,0
60,66, 0.61979, 0.68229, 4.026304E-01,0
61,66, 0.63021, 0.68229, 3.906106E-01,0
62,66, 0.64062, 0.68229, 3.787138E-01,0
63,66, 0.65104, 0.68229, 3.668580E-01,0
64,66, 0.66146, 0.68229, 3.549759E-01,0
65,66, 0.67188, 0.68229, 3.430138E-01,0
66,66, 0.68229, 0.68229, 3.309321E-01,0
67,66, 0.69271, 0.68229, 3.187060E-01,0
68,66, 0.70312, 0.68229, 3.063268E-01,0
69,66, 0.71354, 0.68229, 2.938015E-01,0
70,66, 0.72396, 0.68229, 2.811525E-01,0
71,66, 0.73438, 0.68229, 2.684161E-01,0
72,66, 0.74479, 0.68229, 2.556397E-01,0
73,66, 0.75521, 0.68229, 2.428781E-01,0
74,66, 0.76562, 0.68229, 2.301896E-01,0
75,66, 0.77604, 0.68229, 2.176308E-01,0
76,66, 0.78646, 0.68229, 2.052530E-01,0
77,66, 0.79688, 0.68229, 1.930986E-01,0
78,66, 0.80729, 0.68229, 1.811993E-01,0
79,66, 0.81771, 0.68229, 1.695749E-01,0
80,66, 0.82812, 0.68229, 1.582339E-01,0
81,66, 0.83854, 0.68229, 1.471749E-01,0
82,66, 0.84896, 0.68229, 1.363882E-01,0
83,66, 0.85938, 0.68229, 1.258579E-01,0
84,66, 0.86979, 0.68229, 1.155640E-01,0
85,66, 0.88021, 0.68229, 1.054838E-01,0
86,66, 0.89062, 0.68229, 9.559428E-02,0
87,66, 0.90104, 0.68229, 8.587413E-02,0
88,66, 0.91146, 0.68229, 7.630769E-02,0
89,66, 0.92188, 0.68229, 6.688989E-02,0
90,66, 0.93229, 0.68229, 5.763000E-02,0
91,66, 0.94271, 0.68229, 4.854473E-02,0
92,66, 0.95312, 0.68229, 3.962466E-02,0
93,66, 0.96354, 0.68229, 3.078641E-02,0
94,66, 0.97396, 0.68229, 2.190836E-02,0
95,66, 0.98438, 0.68229, 1.299408E-02,0
96,66, 0.99479, 0.68229, 4.256068E-03,0
1,67, 0.00521, 0.69271, 9.915953E-01,0
2,67, 0.01562, 0.69271, 9.752954E-01,0
3,67, 0.02604, 0.69271, 9.605893E-01,0
4,67, 0.03646, 0.69271, 9.478504E-01,0
5,67, 0.04688, 0.69271, 9.368726E-01,0
6,67, 0.05729, 0.69271, 9.268671E-01,0
7,67, 0.06771, 0.69271, 9.172976E-01,0
8,67, 0.07812, 0.69271, 9.077657E-01,0
9,67, 0.08854, 0.69271, 8.978791E-01,0
10,67, 0.09896, 0.69271, 8.873378E-01,0
11,67, 0.10938, 0.69271, 8.765398E-01,0
12,67, 0.11979, 0.69271, 8.657833E-01,0
13,67, 0.13021, 0.69271, 8.554877E-01,0
14,67, 0.14062, 0.69271, 8.457650E-01,0
15,67, 0.15104, 0.69271, 8.365988E-01,0
16,67, 0.16146, 0.69271, 8.278886E-01,0
17,67, 0.17188, 0.69271, 8.194773E-01,0
18,67, 0.18229, 0.69271, 8.112095E-01,0
19,67, 0.19271, 0.69271, 8.029752E-01,0
20,67, 0.20312, 0.69271, 7.947214E-01,0
21,67, 0.21354, 0.69271, 7.864438E-01,0
22,67, 0.22396, 0.69271, 7.781690E-01,0
23,67, 0.23438, 0.69271, 7.699333E-01,0
24,67, 0.24479, 0.69271, 7.617633E-01,0
25,67, 0.25521, 0.69271, 7.536704E-01,0
26,67, 0.26562, 0.69271, 7.456580E-01,0
27,67, 0.27604, 0.69271, 7.377328E-01,0
28,67, 0.28646, 0.69271, 7.299106E-01,0
29,67, 0.29688, 0.69271, 7.222166E-01,0
30,67, 0.30729, 0.69271, 7.146763E-01,0
31,67, 0.31771, 0.69271, 7.073041E-01,0
32,67, 0.32812, 0.69271, 7.000895E-01,0
33,67, 0.33854, 0.69271, 6.929861E-01,0
34,67, 0.34896, 0.69271, 6.859051E-01,0
35,67, 0.35938, 0.69271, 6.787305E-01,0
36,67, 0.36979, 0.69271, 6.713650E-01,0
37,67, 0.38021, 0.69271, 6.637728E-01,0
38,67, 0.39062, 0.69271, 6.560678E-01,0
39,67, 0.40104, 0.69271, 6.483193E-01,0
40,67, 0.41146, 0.69271, 6.408728E-01,0
41,67, 0.42188, 0.69271, 6.337842E-01,0
42,67, 0.43229, 0.69271, 6.268724E-01,0
43,67, 0.44271, 0.69271, 6.199138E-01,0
44,67, 0.45312, 0.69271, 6.127100E-01,0
45,67, 0.46354, 0.69271, 6.051020E-01,0
46,67, 0.47396, 0.69271, 5.969477E-01,0
47,67, 0.48438, 0.69271, 5.874395E-01,0
48,67, 0.49479, 0.69271, 5.755939E-01,0
49,67, 0.50521, 0.69271, 5.617223E-01,0
50,67, 0.51562, 0.69271, 5.454839E-01,0
51,67, 0.52604, 0.69271, 5.278631E-01,0
52,67, 0.53646, 0.69271, 5.102541E-01,0
53,67, 0.54688, 0.69271, 4.935929E-01,0
54,67, 0.55729, 0.69271, 4.780858E-01,0
55,67, 0.56771, 0.69271, 4.635742E-01,0
56,67, 0.57812, 0.69271, 4.498639E-01,0
57,67, 0.58854, 0.69271, 4.367979E-01,0
58,67, 0.59896, 0.69271, 4.242427E-01,0
59,67, 0.60938, 0.69271, 4.120773E-01,0
60,67, 0.61979, 0.69271, 4.001920E-01,0
61,67, 0.63021, 0.69271, 3.884891E-01,0
62,67, 0.64062, 0.69271, 3.768824E-01,0
63,67, 0.65104, 0.69271, 3.652969E-01,0
64,67, 0.66146, 0.69271, 3.536677E-01,0
65,67, 0.67188, 0.69271, 3.419408E-01,0
66,67, 0.68229, 0.69271, 3.300744E-01,0
67,67, 0.69271, 0.69271, 3.180407E-01,0
68,67, 0.70312, 0.69271, 3.058281E-01,0
69,67, 0.71354, 0.69271, 2.934419E-01,0
70,67, 0.72396, 0.69271, 2.809045E-01,0
71,67, 0.73438, 0.69271, 2.682543E-01,0
72,67, 0.74479, 0.69271, 2.555431E-01,0
73,67, 0.75521, 0.69271, 2.428322E-01,0
74,67, 0.76562, 0.69271, 2.301867E-01,0
75,67, 0.77604, 0.69271, 2.176704E-01,0
76,67, 0.78646, 0.69271, 2.053405E-01,0
77,67, 0.79688, 0.69271, 1.932430E-01,0
78,67, 0.80729, 0.69271, 1.814113E-01,0
79,67, 0.81771, 0.69271, 1.698644E-01,0
80,67, 0.82812, 0.69271, 1.586086E-01,0
81,67, 0.83854, 0.69271, 1.476391E-01,0
82,67, 0.84896, 0.69271, 1.369422E-01,0
83,67, 0.85938, 0.69271, 1.264981E-01,0
84,67, 0.86979, 0.69271, 1.162834E-01,0
85,67, 0.88021, 0.69271, 1.062730E-01,0
86,67, 0.89062, 0.69271, 9.644182E-02,0
87,67, 0.90104, 0.69271, 8.676684E-02,0
88,67, 0.91146, 0.69271, 7.722926E-02,0
89,67, 0.92188, 0.69271, 6.781655E-02,0
90,67, 0.93229, 0.69271, 5.852262E-02,0
91,67, 0.94271, 0.69271, 4.934226E-02,0
92,67, 0.95312, 0.69271, 4.025773E-02,0
93,67, 0.96354, 0.69271, 3.123004E-02,0
94,67, 0.97396, 0.69271, 2.222464E-02,0
95,67, 0.98438, 0.69271, 1.326002E-02,0
96,67, 0.99479, 0.69271, 4.394983E-03,0
1,68, 0.00521, 0.70312, 9.927077E-01,0
2,68, 0.01562, 0.70312, 9.784216E-01,0
3,68, 0.02604, 0.70312, 9.649798E-01,0
4,68, 0.03646, 0.70312, 9.526420E-01,0
5,68, 0.04688, 0.70312, 9.413616E-01,0
6,68, 0.05729, 0.70312, 9.308364E-01,0
7,68, 0.06771, 0.70312, 9.207528E-01,0
8,68, 0.07812, 0.70312, 9.108377E-01,0
9,68, 0.08854, 0.70312, 9.008597E-01,0
10,68, 0.09896, 0.70312, 8.906852E-01,0
11,68, 0.10938, 0.70312, 8.803973E-01,0
12,68, 0.11979, 0.70312, 8.701402E-01,0
13,68, 0.13021, 0.70312, 8.600888E-01,0
14,68, 0.14062, 0.70312, 8.503346E-01,0
15,68, 0.15104, 0.70312, 8.408973E-01,0
16,68, 0.16146, 0.70312, 8.317360E-01,0
17,68, 0.17188, 0.70312, 8.227675E-01,0
18,68, 0.18229, 0.70312, 8.138992E-01,0
19,68, 0.19271, 0.70312, 8.050590E-01,0
20,68, 0.20312, 0.70312, 7.962102E-01,0
21,68, 0.21354, 0.70312, 7.873528E-01,0
22,68, 0.22396, 0.70312, 7.785142E-01,0
23,68, 0.23438, 0.70312, 7.697308E-01,0
24,68, 0.24479, 0.70312, 7.610273E-01,0
25,68, 0.25521, 0.70312, 7.524102E-01,0
26,68, 0.26562, 0.70312, 7.438744E-01,0
27,68, 0.27604, 0.70312, 7.354159E-01,0
28,68, 0.28646, 0.70312, 7.270393E-01,0
29,68, 0.29688, 0.70312, 7.187574E-01,0
30,68, 0.30729, 0.70312, 7.105831E-01,0
31,68, 0.31771, 0.70312, 7.025192E-01,0
32,68, 0.32812, 0.70312, 6.945492E-01,0
33,68, 0.33854, 0.70312, 6.866328E-01,0
34,68, 0.34896, 0.70312, 6.787078E-01,0
35,68, 0.35938, 0.70312, 6.707059E-01,0
36,68, 0.36979, 0.70312, 6.625764E-01,0
37,68, 0.38021, 0.70312, 6.543158E-01,0
38,68, 0.39062, 0.70312, 6.459892E-01,0
39,68, 0.40104, 0.70312, 6.376814E-01,0
40,68, 0.41146, 0.70312, 6.295199E-01,0
41,68, 0.42188, 0.70312, 6.215103E-01,0
42,68, 0.43229, 0.70312, 6.135477E-01,0
43,68, 0.44271, 0.70312, 6.054881E-01,0
44,68, 0.45312, 0.70312, 5.971864E-01,0
45,68, 0.46354, 0.70312, 5.885010E-01,0
46,68, 0.47396, 0.70312, 5.792565E-01,0
47,68, 0.48438, 0.70312, 5.690976E-01,0
48,68, 0.49479, 0.70312, 5.576649E-01,0
49,68, 0.50521, 0.70312, 5.449147E-01,0
50,68, 0.51562, 0.70312, 5.308288E-01,0
51,68, 0.52604, 0.70312, 5.158383E-01,0
52,68, 0.53646, 0.70312, 5.006272E-01,0
53,68, 0.54688, 0.70312, 4.857766E-01,0
54,68, 0.55729, 0.70312, 4.715559E-01,0
55,68, 0.56771, 0.70312, 4.579952E-01,0
56,68, 0.57812, 0.70312, 4.450277E-01,0
57,68, 0.58854, 0.70312, 4.325620E-01,0
58,68, 0.59896, 0.70312, 4.205035E-01,0
59,68, 0.60938, 0.70312, 4.087597E-01,0
60,68, 0.61979, 0.70312, 3.972430E-01,0
61,68, 0.63021, 0.70312, 3.858721E-01,0
62,68, 0.64062, 0.70312, 3.745726E-01,0
63,68, 0.65104, 0.70312, 3.632765E-01,0
64,68, 0.66146, 0.70312, 3.519228E-01,0
65,68, 0.67188, 0.70312, 3.404584E-01,0
66,68, 0.68229, 0.70312, 3.288401E-01,0
67,68, 0.69271, 0.70312, 3.170375E-01,0
68,68, 0.70312, 0.70312, 3.050358E-01,0
69,68, 0.71354, 0.70312, 2.928374E-01,0
70,68, 0.72396, 0.70312, 2.804634E-01,0
71,68, 0.73438, 0.70312, 2.679526E-01,0
72,68, 0.74479, 0.70312, 2.553598E-01,0
73,68, 0.75521, 0.70312, 2.427508E-01,0
74,68, 0.76562, 0.70312, 2.301969E-01,0
75,68, 0.77604, 0.70312, 2.177678E-01,0
76,68, 0.78646, 0.70312, 2.055259E-01,0
77,68, 0.79688, 0.70312, 1.935205E-01,0
78,68, 0.80729, 0.70312, 1.817860E-01,0
79,68, 0.81771, 0.70312, 1.703406E-01,0
80,68, 0.82812, 0.70312, 1.591880E-01,0
81,68, 0.83854, 0.70312, 1.483199E-01,0
82,68, 0.84896, 0.70312, 1.377191E-01,0
83,68, 0.85938, 0.70312, 1.273626E-01,0
84,68, 0.86979, 0.70312, 1.172239E-01,0
85,68, 0.88021, 0.70312, 1.072759E-01,0
86,68, 0.89062, 0.70312, 9.749142E-02,0
87,68, 0.90104, 0.70312, 8.784553E-02,0
88,68, 0.91146, 0.70312, 7.831616E-02,0
89,68, 0.92188, 0.70312, 6.888527E-02,0
90,68, 0.93229, 0.70312, 5.953852E-02,0
91,68, 0.94271, 0.70312, 5.026279E-02,0
92,68, 0.95312, 0.70312, 4.104215E-02,0
93,68, 0.96354, 0.70312, 3.185829E-02,0
94,68, 0.97396, 0.70312, 2.270201E-02,0
95,68, 0.98438, 0.70312, 1.358403E-02,0
96,68, 0.99479, 0.70312, 4.518243E-03,0
1,69, 0.00521, 0.71354, 9.934397E-01,0
2,69, 0.01562, 0.71354, 9.804914E-01,0
3,69, 0.02604, 0.71354, 9.680195E-01,0
4,69, 0.03646, 0.71354, 9.561955E-01,0
5,69, 0.04688, 0.71354, 9.450316E-01,0
6,69, 0.05729, 0.71354, 9.344064E-01,0
7,69, 0.06771, 0.71354, 9.241506E-01,0
8,69, 0.07812, 0.71354, 9.140954E-01,0
9,69, 0.08854, 0.71354, 9.040977E-01,0
10,69, 0.09896, 0.71354, 8.940714E-01,0
11,69, 0.10938, 0.71354, 8.840179E-01,0
12,69, 0.11979, 0.71354, 8.739900E-01,0
13,69, 0.13021, 0.71354, 8.640604E-01,0
14,69, 0.14062, 0.71354, 8.542792E-01,0
15,69, 0.15104, 0.71354, 8.446612E-01,0
16,69, 0.16146, 0.71354, 8.351853E-01,0
17,69, 0.17188, 0.71354, 8.258030E-01,0
18,69, 0.18229, 0.71354, 8.164570E-01,0
19,69, 0.19271, 0.71354, 8.071007E-01,0
20,69, 0.20312, 0.71354, 7.977116E-01,0
21,69, 0.21354, 0.71354, 7.882970E-01,0
22,69, 0.22396, 0.71354, 7.788891E-01,0
23,69, 0.23438, 0.71354, 7.695295E-01,0
24,69, 0.24479, 0.71354, 7.602484E-01,0
25,69, 0.25521, 0.71354, 7.510558E-01,0
26,69, 0.26562, 0.71354, 7.419479E-01,0
27,69, 0.27604, 0.71354, 7.329194E-01,0
28,69, 0.28646, 0.71354, 7.239715E-01,0
29,69, 0.29688, 0.71354, 7.151120E-01,0
30,69, 0.30729, 0.71354, 7.063479E-01,0
31,69, 0.31771, 0.71354, 6.976763E-01,0
32,69, 0.32812, 0.71354, 6.890793E-01,0
33,69, 0.33854, 0.71354, 6.805229E-01,0
34,69, 0.34896, 0.71354, 6.719629E-01,0
35,69, 0.35938, 0.71354, 6.633563E-01,0
36,69, 0.36979, 0.71354, 6.546770E-01,0
37,69, 0.38021, 0.71354, 6.459285E-01,0
38,69, 0.39062, 0.71354, 6.371467E-01,0
39,69, 0.40104, 0.71354, 6.283778E-01,0
40,69, 0.41146, 0.71354, 6.196622E-01,0
41,69, 0.42188, 0.71354, 6.109845E-01,0
42,69, 0.43229, 0.71354, 6.022753E-01,0
43,69, 0.44271, 0.71354, 5.934390E-01,0
44,69, 0.45312, 0.71354, 5.843727E-01,0
45,69, 0.46354, 0.71354, 5.749696E-01,0
46,69, 0.47396, 0.71354, 5.651050E-01,0
47,69, 0.48438, 0.71354, 5.546110E-01,0
48,69, 0.49479, 0.71354, 5.433386E-01,0
49,69, 0.50521, 0.71354, 5.312448E-01,0
50,69, 0.51562, 0.71354, 5.183712E-01,0
51,69, 0.52604, 0.71354, 5.049440E-01,0
52,69, 0.53646, 0.71354, 4.913186E-01,0
53,69, 0.54688, 0.71354, 4.778352E-01,0
54,69, 0.55729, 0.71354, 4.647048E-01,0
55,69, 0.56771, 0.71354, 4.520045E-01,0
56,69, 0.57812, 0.71354, 4.397291E-01,0
57,69, 0.58854, 0.71354, 4.278333E-01,0
58,69, 0.59896, 0.71354, 4.162550E-01,0
59,69, 0.60938, 0.71354, 4.049258E-01,0
60,69, 0.61979, 0.71354, 3.937769E-01,0
61,69, 0.63021, 0.71354, 3.827413E-01,0
62,69, 0.64062, 0.71354, 3.717555E-01,0
63,69, 0.65104, 0.71354, 3.607595E-01,0
64,69, 0.66146, 0.71354, 3.496970E-01,0
65,69, 0.67188, 0.71354, 3.385173E-01,0
66,69, 0.68229, 0.71354, 3.271769E-01,0
67,69, 0.69271, 0.71354, 3.156434E-01,0
68,69, 0.70312, 0.71354, 3.038986E-01,0
69,69, 0.71354, 0.71354, 2.919416E-01,0
70,69, 0.72396, 0.71354, 2.797904E-01,0
71,69, 0.73438, 0.71354, 2.674826E-01,0
72,69, 0.74479, 0.71354, 2.550730E-01,0
73,69, 0.75521, 0.71354, 2.426298E-01,0
74,69, 0.76562, 0.71354, 2.302279E-01,0
75,69, 0.77604, 0.71354, 2.179412E-01,0
76,69, 0.78646, 0.71354, 2.058360E-01,0
77,69, 0.79688, 0.71354, 1.939643E-01,0
78,69, 0.80729, 0.71354, 1.823610E-01,0
79,69, 0.81771, 0.71354, 1.710434E-01,0
80,69, 0.82812, 0.71354, 1.600128E-01,0
81,69, 0.83854, 0.71354, 1.492578E-01,0
82,69, 0.84896, 0.71354, 1.387580E-01,0
83,69, 0.85938, 0.71354, 1.284878E-01,0
84,69, 0.86979, 0.71354, 1.184190E-01,0
85,69, 0.88021, 0.71354, 1.085228E-01,0
86,69, 0.89062, 0.71354, 9.877103E-02,0
87,69, 0.90104, 0.71354, 8.913700E-02,0
88,69, 0.91146, 0.71354, 7.959617E-02,0
89,69, 0.92188, 0.71354, 7.012671E-02,0
90,69, 0.93229, 0.71354, 6.070964E-02,0
91,69, 0.94271, 0.71354, 5.132841E-02,0
92,69, 0.95312, 0.71354, 4.196863E-02,0
93,69, 0.96354, 0.71354, 3.261975E-02,0
94,69, 0.97396, 0.71354, 2.327929E-02,0
95,69, 0.98438, 0.71354, 1.395359E-02,0
96,69, 0.99479, 0.71354, 4.647756E-03,0
1,70, 0.00521, 0.72396, 9.939485E-01,0
2,70, 0.01562, 0.72396, 9.819473E-01,0
3,70, 0.02604, 0.72396, 9.702282E-01,0
4,70, 0.03646, 0.72396, 9.589043E-01,0
5,70, 0.04688, 0.72396, 9.480031E-01,0
6,70, 0.05729, 0.72396, 9.374769E-01,0
7,70, 0.06771, 0.72396, 9.272362E-01,0
8,70, 0.07812, 0.72396, 9.171799E-01,0
9,70, 0.08854, 0.72396, 9.072165E-01,0
10,70, 0.09896, 0.72396, 8.972832E-01,0
11,70, 0.10938, 0.72396, 8.873572E-01,0
12,70, 0.11979, 0.72396, 8.774471E-01,0
13,70, 0.13021, 0.72396, 8.675760E-01,0
14,70, 0.14062, 0.72396, 8.577624E-01,0
15,70, 0.15104, 0.72396, 8.480085E-01,0
16,70, 0.16146, 0.72396, 8.382967E-01,0
17,70, 0.17188, 0.72396, 8.285935E-01,0
18,70, 0.18229, 0.72396, 8.188596E-01,0
19,70, 0.19271, 0.72396, 8.090632E-01,0
20,70, 0.20312, 0.72396, 7.991916E-01,0
21,70, 0.21354, 0.72396, 7.892574E-01,0
22,70, 0.22396, 0.72396, 7.792969E-01,0
23,70, 0.23438, 0.72396, 7.693575E-01,0
24,70, 0.24479, 0.72396, 7.594790E-01,0
25,70, 0.25521, 0.72396, 7.496829E-01,0
26,70, 0.26562, 0.72396, 7.399757E-01,0
27,70, 0.27604, 0.72396, 7.303597E-01,0
28,70, 0.28646, 0.72396, 7.208394E-01,0
29,70, 0.29688, 0.72396, 7.114220E-01,0
30,70, 0.30729, 0.72396, 7.021114E-01,0
31,70, 0.31771, 0.72396, 6.929016E-01,0
32,70, 0.32812, 0.72396, 6.837741E-01,0
33,70, 0.33854, 0.72396, 6.746986E-01,0
34,70, 0.34896, 0.72396, 6.656396E-01,0
35,70, 0.35938, 0.72396, 6.565660E-01,0
36,70, 0.36979, 0.72396, 6.474593E-01,0
37,70, 0.38021, 0.72396, 6.383184E-01,0
38,70, 0.39062, 0.72396, 6.291566E-01,0
39,70, 0.40104, 0.72396, 6.199885E-01,0
40,70, 0.41146, 0.72396, 6.108172E-01,0
41,70, 0.42188, 0.72396, 6.016182E-01,0
42,70, 0.43229, 0.72396, 5.923406E-01,0
43,70, 0.44271, 0.72396, 5.829195E-01,0
44,70, 0.45312, 0.72396, 5.732858E-01,0
45,70, 0.46354, 0.72396, 5.633700E-01,0
46,70, 0.47396, 0.72396, 5.530997E-01,0
47,70, 0.48438, 0.72396, 5.423981E-01,0
48,70, 0.49479, 0.72396, 5.312073E-01,0
49,70, 0.50521, 0.72396, 5.195186E-01,0
50,70, 0.51562, 0.72396, 5.073821E-01,0
51,70, 0.52604, 0.72396, 4.949323E-01,0
52,70, 0.53646, 0.72396, 4.823665E-01,0
53,70, 0.54688, 0.72396, 4.698827E-01,0
54,70, 0.55729, 0.72396, 4.576232E-01,0
55,70, 0.56771, 0.72396, 4.456584E-01,0
56,70, 0.57812, 0.72396, 4.340019E-01,0
57,70, 0.58854, 0.72396, 4.226319E-01,0
58,70, 0.59896, 0.72396, 4.115066E-01,0
59,70, 0.60938, 0.72396, 4.005753E-01,0
60,70, 0.61979, 0.72396, 3.897836E-01,0
61,70, 0.63021, 0.72396, 3.790774E-01,0
62,70, 0.64062, 0.72396, 3.684037E-01,0
63,70, 0.65104, 0.72396, 3.577110E-01,0
64,70, 0.66146, 0.72396, 3.469493E-01,0
65,70, 0.67188, 0.72396, 3.360715E-01,0
66,70, 0.68229, 0.72396, 3.250351E-01,0
67,70, 0.69271, 0.72396, 3.138067E-01,0
68,70, 0.70312, 0.72396, 3.023653E-01,0
69,70, 0.71354, 0.72396, 2.907064E-01,0
70,70, 0.72396, 0.72396, 2.788440E-01,0
71,70, 0.73438, 0.72396, 2.668119E-01,0
72,70, 0.74479, 0.72396, 2.546621E-01,0
73,70, 0.75521, 0.72396, 2.424611E-01,0
74,70, 0.76562, 0.72396, 2.302836E-01,0
75,70, 0.77604, 0.72396, 2.182051E-01,0
76,70, 0.78646, 0.72396, 2.062938E-01,0
77,70, 0.79688, 0.72396, 1.946035E-01,0
78,70, 0.80729, 0.72396, 1.831699E-01,0
79,70, 0.81771, 0.72396, 1.720092E-01,0
80,70, 0.82812, 0.72396, 1.611206E-01,0
81,70, 0.83854, 0.72396, 1.504902E-01,0
82,70, 0.84896, 0.72396, 1.400954E-01,0
83,70, 0.85938, 0.72396, 1.299087E-01,0
84,70, 0.86979, 0.72396, 1.199014E-01,0
85,70, 0.88021, 0.72396, 1.100443E-01,0
86,70, 0.89062, 0.72396, 1.003094E-01,0
87,70, 0.90104, 0.72396, 9.066924E-02,0
88,70, 0.91146, 0.72396, 8.109785E-02,0
89,70, 0.92188, 0.72396, 7.157059E-02,0
90,70, 0.93229, 0.72396, 6.206498E-02,0
91,70, 0.94271, 0.72396, 5.256162E-02,0
92,70, 0.95312, 0.72396, 4.304543E-02,0
93,70, 0.96354, 0.72396, 3.350767E-02,0
94,70, 0.97396, 0.72396, 2.394783E-02,0
95,70, 0.98438, 0.72396, 1.437275E-02,0
96,70, 0.99479, 0.72396, 4.791294E-03,0
1,71, 0.00521, 0.73438, 9.943215E-01,0
2,71, 0.01562, 0.73438, 9.830265E-01,0
3,71, 0.02604, 0.73438, 9.719041E-01,0
4,71, 0.03646, 0.73438, 9.610291E-01,0
5,71, 0.04688, 0.73438, 9.504291E-01,0
6,71, 0.05729, 0.73438, 9.400867E-01,0
7,71, 0.06771, 0.73438, 9.299549E-01,0
8,71, 0.07812, 0.73438, 9.199725E-01,0
9,71, 0.08854, 0.73438, 9.100792E-01,0
10,71, 0.09896, 0.73438, 9.002270E-01,0
11,71, 0.10938, 0.73438, 8.903865E-01,0
12,71, 0.11979, 0.73438, 8.805455E-01,0
13,71, 0.13021, 0.73438, 8.707015E-01,0
14,71, 0.14062, 0.73438, 8.608524E-01,0
15,71, 0.15104, 0.73438, 8.509887E-01,0
16,71, 0.16146, 0.73438, 8.410909E-01,0
17,71, 0.17188, 0.73438, 8.311305E-01,0
18,71, 0.18229, 0.73438, 8.210766E-01,0
19,71, 0.19271, 0.73438, 8.109056E-01,0
20,71, 0.20312, 0.73438, 8.006099E-01,0
21,71, 0.21354, 0.73438, 7.902049E-01,0
22,71, 0.22396, 0.73438, 7.797285E-01,0
23,71, 0.23438, 0.73438, 7.692323E-01,0
24,71, 0.24479, 0.73438, 7.587663E-01,0
25,71, 0.25521, 0.73438, 7.483678E-01,0
26,71, 0.26562, 0.73438, 7.380604E-01,0
27,71, 0.27604, 0.73438, 7.278604E-01,0
28,71, 0.28646, 0.73438, 7.177805E-01,0
29,71, 0.29688, 0.73438, 7.078304E-01,0
30,71, 0.30729, 0.73438, 6.980128E-01,0
31,71, 0.31771, 0.73438, 6.883198E-01,0
32,71, 0.32812, 0.73438, 6.787314E-01,0
33,71, 0.33854, 0.73438, 6.692181E-01,0
34,71, 0.34896, 0.73438, 6.597476E-01,0
35,71, 0.35938, 0.73438, 6.502910E-01,0
36,71, 0.36979, 0.73438, 6.408284E-01,0
37,71, 0.38021, 0.73438, 6.313495E-01,0
38,71, 0.39062, 0.73438, 6.218497E-01,0
39,71, 0.40104, 0.73438, 6.123227E-01,0
40,71, 0.41146, 0.73438, 6.027535E-01,0
41,71, 0.42188, 0.73438, 5.931137E-01,0
42,71, 0.43229, 0.73438, 5.833636E-01,0
43,71, 0.44271, 0.73438, 5.734595E-01,0
44,71, 0.45312, 0.73438, 5.633594E-01,0
45,71, 0.46354, 0.73438, 5.530274E-01,0
46,71, 0.47396, 0.73438, 5.424336E-01,0
47,71, 0.48438, 0.73438, 5.315555E-01,0
48,71, 0.49479, 0.73438, 5.203853E-01,0
49,71, 0.50521, 0.73438, 5.089403E-01,0
50,71, 0.51562, 0.73438, 4.972693E-01,0
51,71, 0.52604, 0.73438, 4.854592E-01,0
52,71, 0.53646, 0.73438, 4.736242E-01,0
53,71, 0.54688, 0.73438, 4.618783E-01,0
54,71, 0.55729, 0.73438, 4.503087E-01,0
55,71, 0.56771, 0.73438, 4.389626E-01,0
56,71, 0.57812, 0.73438, 4.278514E-01,0
57,71, 0.58854, 0.73438, 4.169598E-01,0
58,71, 0.59896, 0.73438, 4.062563E-01,0
59,71, 0.60938, 0.73438, 3.957007E-01,0
60,71, 0.61979, 0.73438, 3.852505E-01,0
61,71, 0.63021, 0.73438, 3.748624E-01,0
62,71, 0.64062, 0.73438, 3.644942E-01,0
63,71, 0.65104, 0.73438, 3.541039E-01,0
64,71, 0.66146, 0.73438, 3.436488E-01,0
65,71, 0.67188, 0.73438, 3.330866E-01,0
66,71, 0.68229, 0.73438, 3.223774E-01,0
67,71, 0.69271, 0.73438, 3.114876E-01,0
68,71, 0.70312, 0.73438, 3.003947E-01,0
69,71, 0.71354, 0.73438, 2.890912E-01,0
70,71, 0.72396, 0.73438, 2.775867E-01,0
71,71, 0.73438, 0.73438, 2.659093E-01,0
72,71, 0.74479, 0.73438, 2.541043E-01,0
73,71, 0.75521, 0.73438, 2.422318E-01,0
74,71, 0.76562, 0.73438, 2.303614E-01,0
75,71, 0.77604, 0.73438, 2.185656E-01,0
76,71, 0.78646, 0.73438, 2.069126E-01,0
77,71, 0.79688, 0.73438, 1.954572E-01,0
78,71, 0.80729, 0.73438, 1.842357E-01,0
79,71, 0.81771, 0.73438, 1.732640E-01,0
80,71, 0.82812, 0.73438, 1.625397E-01,0
81,71, 0.83854, 0.73438, 1.520469E-01,0
82,71, 0.84896, 0.73438, 1.417613E-01,0
83,71, 0.85938, 0.73438, 1.316551E-01,0
84,71, 0.86979, 0.73438, 1.216999E-01,0
85,71, 0.88021, 0.73438, 1.118682E-01,0
86,71, 0.89062, 0.73438, 1.021334E-01,0
87,71, 0.90104, 0.73438, 9.246934E-02,0
88,71, 0.91146, 0.73438, 8.284934E-02,0
89,71, 0.92188, 0.73438, 7.324659E-02,0
90,71, 0.93229, 0.73438, 6.363493E-02,0
91,71, 0.94271, 0.73438, 5.399077E-02,0
92,71, 0.95312, 0.73438, 4.429577E-02,0
93,71, 0.96354, 0.73438, 3.453969E-02,0
94,71, 0.97396, 0.73438, 2.472269E-02,0
95,71, 0.98438, 0.73438, 1.485528E-02,0
96,71, 0.99479, 0.73438, 4.955442E-03,0
1,72, 0.00521, 0.74479, 9.946080E-01,0
2,72, 0.01562, 0.74479, 9.838619E-01,0
3,72, 0.02604, 0.74479, 9.732226E-01,0
4,72, 0.03646, 0.74479, 9.627393E-01,0
5,72, 0.04688, 0.74479, 9.524343E-01,0
6,72, 0.05729, 0.74479, 9.423029E-01,0
7,72, 0.06771, 0.74479, 9.323193E-01,0
8,72, 0.07812, 0.74479, 9.224455E-01,0
9,72, 0.08854, 0.74479, 9.126399E-01,0
10,72, 0.09896, 0.74479, 9.028645E-01,0
11,72, 0.10938, 0.74479, 8.930892E-01,0
12,72, 0.11979, 0.74479, 8.832923E-01,0
13,72, 0.13021, 0.74479, 8.734579E-01,0
14,72, 0.14062, 0.74479, 8.635709E-01,0
15,72, 0.15104, 0.74479, 8.536132E-01,0
16,72, 0.16146, 0.74479, 8.435616E-01,0
17,72, 0.17188, 0.74479, 8.333887E-01,0
18,72, 0.18229, 0.74479, 8.230672E-01,0
19,72, 0.19271, 0.74479, 8.125776E-01,0
20,72, 0.20312, 0.74479, 8.019147E-01,0
21,72, 0.21354, 0.74479, 7.910946E-01,0
22,72, 0.22396, 0.74479, 7.801549E-01,0
23,72, 0.23438, 0.74479, 7.691497E-01,0
24,72, 0.24479, 0.74479, 7.581374E-01,0
25,72, 0.25521, 0.74479, 7.471709E-01,0
26,72, 0.26562, 0.74479, 7.362928E-01,0
27,72, 0.27604, 0.74479, 7.255361E-01,0
28,72, 0.28646, 0.74479, 7.149247E-01,0
29,72, 0.29688, 0.74479, 7.044734E-01,0
30,72, 0.30729, 0.74479, 6.941857E-01,0
31,72, 0.31771, 0.74479, 6.840524E-01,0
32,72, 0.32812, 0.74479, 6.740518E-01,0
33,72, 0.33854, 0.74479, 6.641539E-01,0
34,72, 0.34896, 0.74479, 6.543248E-01,0
35,72, 0.35938, 0.74479, 6.445333E-01,0
36,72, 0.36979, 0.74479, 6.347532E-01,0
37,72, 0.38021, 0.74479, 6.249636E-01,0
38,72, 0.39062, 0.74479, 6.151457E-01,0
39,72, 0.40104, 0.74479, 6.052788E-01,0
40,72, 0.41146, 0.74479, 5.953374E-01,0
41,72, 0.42188, 0.74479, 5.852910E-01,0
42,72, 0.43229, 0.74479, 5.751071E-01,0
43,72, 0.44271, 0.74479, 5.647567E-01,0
44,72, 0.45312, 0.74479, 5.542204E-01,0
45,72, 0.46354, 0.74479, 5.434916E-01,0
46,72, 0.47396, 0.74479, 5.325770E-01,0
47,72, 0.48438, 0.74479, 5.214950E-01,0
48,72, 0.49479, 0.74479, 5.102738E-01,0
49,72, 0.50521, 0.74479, 4.989504E-01,0
50,72, 0.51562, 0.74479, 4.875719E-01,0
51,72, 0.52604, 0.74479, 4.761962E-01,0
52,72, 0.53646, 0.74479, 4.648878E-01,0
53,72, 0.54688, 0.74479, 4.537068E-01,0
54,72, 0.55729, 0.74479, 4.426972E-01,0
55,72, 0.56771, 0.74479, 4.318800E-01,0
56,72, 0.57812, 0.74479, 4.212540E-01,0
57,72, 0.58854, 0.74479, 4.108005E-01,0
58,72, 0.59896, 0.74479, 4.004902E-01,0
59,72, 0.60938, 0.74479, 3.902895E-01,0
60,72, 0.61979, 0.74479, 3.801644E-01,0
61,72, 0.63021, 0.74479, 3.700829E-01,0
62,72, 0.64062, 0.74479, 3.600137E-01,0
63,72, 0.65104, 0.74479, 3.499251E-01,0
64,72, 0.66146, 0.74479, 3.397828E-01,0
65,72, 0.67188, 0.74479, 3.295501E-01,0
66,72, 0.68229, 0.74479, 3.191901E-01,0
67,72, 0.69271, 0.74479, 3.086706E-01,0
68,72, 0.70312, 0.74479, 2.979689E-01,0
69,72, 0.71354, 0.74479, 2.870756E-01,0
70,72, 0.72396, 0.74479, 2.759965E-01,0
71,72, 0.73438, 0.74479, 2.647527E-01,0
72,72, 0.74479, 0.74479, 2.533796E-01,0
73,72, 0.75521, 0.74479, 2.419256E-01,0
74,72, 0.76562, 0.74479, 2.304493E-01,0
75,72, 0.77604, 0.74479, 2.190158E-01,0
76,72, 0.78646, 0.74479, 2.076901E-01,0
77,72, 0.79688, 0.74479, 1.965273E-01,0
78,72, 0.80729, 0.74479, 1.855647E-01,0
79,72, 0.81771, 0.74479, 1.748182E-01,0
80,72, 0.82812, 0.74479, 1.642843E-01,0
81,72, 0.83854, 0.74479, 1.539454E-01,0
82,72, 0.84896, 0.74479, 1.437762E-01,0
83,72, 0.85938, 0.74479, 1.337489E-01,0
84,72, 0.86979, 0.74479, 1.238372E-01,0
85,72, 0.88021, 0.74479, 1.140170E-01,0
86,72, 0.89062, 0.74479, 1.042660E-01,0
87,72, 0.90104, 0.74479, 9.456112E-02,0
88,72, 0.91146, 0.74479, 8.487686E-02,0
89,72, 0.92188, 0.74479, 7.518449E-02,0
90,72, 0.93229, 0.74479, 6.545297E-02,0
91,72, 0.94271, 0.74479, 5.565193E-02,0
92,72, 0.95312, 0.74479, 4.575610E-02,0
93,72, 0.96354, 0.74479, 3.575033E-02,0
94,72, 0.97396, 0.74479, 2.563397E-02,0
95,72, 0.98438, 0.74479, 1.542301E-02,0
96,72, 0.99479, 0.74479, 5.148460E-03,0
1,73, 0.00521, 0.75521, 9.948364E-01,0
2,73, 0.01562, 0.75521, 9.845318E-01,0
3,73, 0.02604, 0.75521, 9.742911E-01,0
4,73, 0.03646, 0.75521, 9.641458E-01,0
5,73, 0.04688, 0.75521, 9.541120E-01,0
6,73, 0.05729, 0.75521, 9.441894E-01,0
7,73, 0.06771, 0.75521, 9.343629E-01,0
8,73, 0.07812, 0.75521, 9.246073E-01,0
9,73, 0.08854, 0.75521, 9.148922E-01,0
10,73, 0.09896, 0.75521, 9.051864E-01,0
11,73, 0.10938, 0.75521, 8.954610E-01,0
12,73, 0.11979, 0.75521, 8.856905E-01,0
13,73, 0.13021, 0.75521, 8.758519E-01,0
14,73, 0.14062, 0.75521, 8.659225E-01,0
15,73, 0.15104, 0.75521, 8.558783E-01,0
16,73, 0.16146, 0.75521, 8.456928E-01,0
17,73, 0.17188, 0.75521, 8.353385E-01,0
18,73, 0.18229, 0.75521, 8.247897E-01,0
19,73, 0.19271, 0.75521, 8.140288E-01,0
20,73, 0.20312, 0.75521, 8.030523E-01,0
21,73, 0.21354, 0.75521, 7.918757E-01,0
22,73, 0.22396, 0.75521, 7.805359E-01,0
23,73, 0.23438, 0.75521, 7.690879E-01,0
24,73, 0.24479, 0.75521, 7.575960E-01,0
25,73, 0.25521, 0.75521, 7.461255E-01,0
26,73, 0.26562, 0.75521, 7.347348E-01,0
27,73, 0.27604, 0.75521, 7.234726E-01,0
28,73, 0.28646, 0.75521, 7.123745E-01,0
29,73, 0.29688, 0.75521, 7.014618E-01,0
30,73, 0.30729, 0.75521, 6.907408E-01,0
31,73, 0.31771, 0.75521, 6.802022E-01,0
32,73, 0.32812, 0.75521, 6.698235E-01,0
33,73, 0.33854, 0.75521, 6.595729E-01,0
34,73, 0.34896, 0.75521, 6.494139E-01,0
35,73, 0.35938, 0.75521, 6.393100E-01,0
36,73, 0.36979, 0.75521, 6.292274E-01,0
37,73, 0.38021, 0.75521, 6.191346E-01,0
38,73, 0.39062, 0.75521, 6.090008E-01,0
39,73, 0.40104, 0.75521, 5.987943E-01,0
40,73, 0.41146, 0.75521, 5.884815E-01,0
41,73, 0.42188, 0.75521, 5.780291E-01,0
42,73, 0.43229, 0.75521, 5.674076E-01,0
43,73, 0.44271, 0.75521, 5.565983E-01,0
44,73, 0.45312, 0.75521, 5.455995E-01,0
45,73, 0.46354, 0.75521, 5.344317E-01,0
46,73, 0.47396, 0.75521, 5.231381E-01,0
47,73, 0.48438, 0.75521, 5.117782E-01,0
48,73, 0.49479, 0.75521, 5.004156E-01,0
49,73, 0.50521, 0.75521, 4.891078E-01,0
50,73, 0.51562, 0.75521, 4.779010E-01,0
51,73, 0.52604, 0.75521, 4.668319E-01,0
52,73, 0.53646, 0.75521, 4.559284E-01,0
53,73, 0.54688, 0.75521, 4.452089E-01,0
54,73, 0.55729, 0.75521, 4.346805E-01,0
55,73, 0.56771, 0.75521, 4.243369E-01,0
56,73, 0.57812, 0.75521, 4.141592E-01,0
57,73, 0.58854, 0.75521, 4.041188E-01,0
58,73, 0.59896, 0.75521, 3.941838E-01,0
59,73, 0.60938, 0.75521, 3.843236E-01,0
60,73, 0.61979, 0.75521, 3.745133E-01,0
61,73, 0.63021, 0.75521, 3.647324E-01,0
62,73, 0.64062, 0.75521, 3.549622E-01,0
63,73, 0.65104, 0.75521, 3.451819E-01,0
64,73, 0.66146, 0.75521, 3.353655E-01,0
65,73, 0.67188, 0.75521, 3.254814E-01,0
66,73, 0.68229, 0.75521, 3.154960E-01,0
67,73, 0.69271, 0.75521, 3.053788E-01,0
68,73, 0.70312, 0.75521, 2.951078E-01,0
69,73, 0.71354, 0.75521, 2.846736E-01,0
70,73, 0.72396, 0.75521, 2.740793E-01,0
71,73, 0.73438, 0.75521, 2.633392E-01,0
72,73, 0.74479, 0.75521, 2.524770E-01,0
73,73, 0.75521, 0.75521, 2.415252E-01,0
74,73, 0.76562, 0.75521, 2.305261E-01,0
75,73, 0.77604, 0.75521, 2.195327E-01,0
76,73, 0.78646, 0.75521, 2.086038E-01,0
77,73, 0.79688, 0.75521, 1.977939E-01,0
78,73, 0.80729, 0.75521, 1.871410E-01,0
79,73, 0.81771, 0.75521, 1.766614E-01,0
80,73, 0.82812, 0.75521, 1.663504E-01,0
81,73, 0.83854, 0.75521, 1.561883E-01,0
82,73, 0.84896, 0.75521, 1.461480E-01,0
83,73, 0.85938, 0.75521, 1.362022E-01,0
84,73, 0.86979, 0.75521, 1.263277E-01,0
85,73, 0.88021, 0.75521, 1.165063E-01,0
86,73, 0.89062, 0.75521, 1.067232E-01,0
87,73, 0.90104, 0.75521, 9.696232E-02,0
88,73, 0.91146, 0.75521, 8.720214E-02,0
89,73, 0.92188, 0.75521, 7.741265E-02,0
90,73, 0.93229, 0.75521, 6.755584E-02,0
91,73, 0.94271, 0.75521, 5.759004E-02,0
92,73, 0.95312, 0.75521, 4.747716E-02,0
93,73, 0.96354, 0.75521, 3.719131E-02,0
94,73, 0.97396, 0.75521, 2.672760E-02,0
95,73, 0.98438, 0.75521, 1.610815E-02,0
96,73, 0.99479, 0.75521, 5.382031E-03,0
1,74, 0.00521, 0.76562, 9.950246E-01,0
2,74, 0.01562, 0.76562, 9.850849E-01,0
3,74, 0.02604, 0.76562, 9.751784E-01,0
4,74, 0.03646, 0.76562, 9.653233E-01,0
5,74, 0.04688, 0.76562, 9.555306E-01,0
6,74, 0.05729, 0.76562, 9.458008E-01,0
7,74, 0.06771, 0.76562, 9.361237E-01,0
8,74, 0.07812, 0.76562, 9.264808E-01,0
9,74, 0.08854, 0.76562, 9.168483E-01,0
10,74, 0.09896, 0.76562, 9.071999E-01,0
11,74, 0.10938, 0.76562, 8.975087E-01,0
12,74, 0.11979, 0.76562, 8.877478E-01,0
13,74, 0.13021, 0.76562, 8.778909E-01,0
14,74, 0.14062, 0.76562, 8.679114E-01,0
15,74, 0.15104, 0.76562, 8.577818E-01,0
16,74, 0.16146, 0.76562, 8.474737E-01,0
17,74, 0.17188, 0.76562, 8.369592E-01,0
18,74, 0.18229, 0.76562, 8.262140E-01,0
19,74, 0.19271, 0.76562, 8.152221E-01,0
20,74, 0.20312, 0.76562, 8.039812E-01,0
21,74, 0.21354, 0.76562, 7.925068E-01,0
22,74, 0.22396, 0.76562, 7.808349E-01,0
23,74, 0.23438, 0.76562, 7.690203E-01,0
24,74, 0.24479, 0.76562, 7.571306E-01,0
25,74, 0.25521, 0.76562, 7.452383E-01,0
26,74, 0.26562, 0.76562, 7.334129E-01,0
27,74, 0.27604, 0.76562, 7.217143E-01,0
28,74, 0.28646, 0.76562, 7.101881E-01,0
29,74, 0.29688, 0.76562, 6.988623E-01,0
30,74, 0.30729, 0.76562, 6.877468E-01,0
31,74, 0.31771, 0.76562, 6.768343E-01,0
32,74, 0.32812, 0.76562, 6.661025E-01,0
33,74, 0.33854, 0.76562, 6.555182E-01,0
34,74, 0.34896, 0.76562, 6.450421E-01,0
35,74, 0.35938, 0.76562, 6.346323E-01,0
36,74, 0.36979, 0.76562, 6.242470E-01,0
37,74, 0.38021, 0.76562, 6.138452E-01,0
38,74, 0.39062, 0.76562, 6.033854E-01,0
39,74, 0.40104, 0.76562, 5.928258E-01,0
40,74, 0.41146, 0.76562, 5.821245E-01,0
41,74, 0.42188, 0.76562, 5.712423E-01,0
42,74, 0.43229, 0.76562, 5.601480E-01,0
43,74, 0.44271, 0.76562, 5.488265E-01,0
44,74, 0.45312, 0.76562, 5.372883E-01,0
45,74, 0.46354, 0.76562, 5.255801E-01,0
46,74, 0.47396, 0.76562, 5.137876E-01,0
47,74, 0.48438, 0.76562, 5.020237E-01,0
48,74, 0.49479, 0.76562, 4.904006E-01,0
49,74, 0.50521, 0.76562, 4.790032E-01,0
50,74, 0.51562, 0.76562, 4.678784E-01,0
51,74, 0.52604, 0.76562, 4.570418E-01,0
52,74, 0.53646, 0.76562, 4.464844E-01,0
53,74, 0.54688, 0.76562, 4.361830E-01,0
54,74, 0.55729, 0.76562, 4.261079E-01,0
55,74, 0.56771, 0.76562, 4.162234E-01,0
56,74, 0.57812, 0.76562, 4.064885E-01,0
57,74, 0.58854, 0.76562, 3.968600E-01,0
58,74, 0.59896, 0.76562, 3.872992E-01,0
59,74, 0.60938, 0.76562, 3.777786E-01,0
60,74, 0.61979, 0.76562, 3.682840E-01,0
61,74, 0.63021, 0.76562, 3.588102E-01,0
62,74, 0.64062, 0.76562, 3.493534E-01,0
63,74, 0.65104, 0.76562, 3.399037E-01,0
64,74, 0.66146, 0.76562, 3.304416E-01,0
65,74, 0.67188, 0.76562, 3.209385E-01,0
66,74, 0.68229, 0.76562, 3.113618E-01,0
67,74, 0.69271, 0.76562, 3.016820E-01,0
68,74, 0.70312, 0.76562, 2.918790E-01,0
69,74, 0.71354, 0.76562, 2.819442E-01,0
70,74, 0.72396, 0.76562, 2.718802E-01,0
71,74, 0.73438, 0.76562, 2.616959E-01,0
72,74, 0.74479, 0.76562, 2.514036E-01,0
73,74, 0.75521, 0.76562, 2.410190E-01,0
74,74, 0.76562, 0.76562, 2.305653E-01,0
75,74, 0.77604, 0.76562, 2.200797E-01,0
76,74, 0.78646, 0.76562, 2.096125E-01,0
77,74, 0.79688, 0.76562, 1.992156E-01,0
78,74, 0.80729, 0.76562, 1.889275E-01,0
79,74, 0.81771, 0.76562, 1.787640E-01,0
80,74, 0.82812, 0.76562, 1.687177E-01,0
81,74, 0.83854, 0.76562, 1.587650E-01,0
82,74, 0.84896, 0.76562, 1.488752E-01,0
83,74, 0.85938, 0.76562, 1.390198E-01,0
84,74, 0.86979, 0.76562, 1.291791E-01,0
85,74, 0.88021, 0.76562, 1.193438E-01,0
86,74, 0.89062, 0.76562, 1.095118E-01,0
87,74, 0.90104, 0.76562, 9.968043E-02,0
88,74, 0.91146, 0.76562, 8.983763E-02,0
89,74, 0.92188, 0.76562, 7.995409E-02,0
90,74, 0.93229, 0.76562, 6.998169E-02,0
91,74, 0.94271, 0.76562, 5.985998E-02,0
92,74, 0.95312, 0.76562, 4.952785E-02,0
93,74, 0.96354, 0.76562, 3.893784E-02,0
94,74, 0.97396, 0.76562, 2.807268E-02,0
95,74, 0.98438, 0.76562, 1.695975E-02,0
96,74, 0.99479, 0.76562, 5.673917E-03,0
1,75, 0.00521, 0.77604, 9.951840E-01,0
2,75, 0.01562, 0.77604, 9.855533E-01,0
3,75, 0.02604, 0.77604, 9.759297E-01,0
4,75, 0.03646, 0.77604, 9.663229E-01,0
5,75, 0.04688, 0.77604, 9.567403E-01,0
6,75, 0.05729, 0.77604, 9.471816E-01,0
7,75, 0.06771, 0.77604, 9.376380E-01,0
8,75, 0.07812, 0.77604, 9.280941E-01,0
9,75, 0.08854, 0.77604, 9.185301E-01,0
10,75, 0.09896, 0.77604, 9.089231E-01,0
11,75, 0.10938, 0.77604, 8.992484E-01,0
12,75, 0.11979, 0.77604, 8.894797E-01,0
13,75, 0.13021, 0.77604, 8.795897E-01,0
14,75, 0.14062, 0.77604, 8.695502E-01,0
15,75, 0.15104, 0.77604, 8.593323E-01,0
16,75, 0.16146, 0.77604, 8.489070E-01,0
17,75, 0.17188, 0.77604, 8.382472E-01,0
18,75, 0.18229, 0.77604, 8.273301E-01,0
19,75, 0.19271, 0.77604, 8.161419E-01,0
20,75, 0.20312, 0.77604, 8.046817E-01,0
21,75, 0.21354, 0.77604, 7.929656E-01,0
22,75, 0.22396, 0.77604, 7.810292E-01,0
23,75, 0.23438, 0.77604, 7.689260E-01,0
24,75, 0.24479, 0.77604, 7.567241E-01,0
25,75, 0.25521, 0.77604, 7.444986E-01,0
26,75, 0.26562, 0.77604, 7.323240E-01,0
27,75, 0.27604, 0.77604, 7.202668E-01,0
28,75, 0.28646, 0.77604, 7.083788E-01,0
29,75, 0.29688, 0.77604, 6.966937E-01,0
30,75, 0.30729, 0.77604, 6.852257E-01,0
31,75, 0.31771, 0.77604, 6.739701E-01,0
32,75, 0.32812, 0.77604, 6.629065E-01,0
33,75, 0.33854, 0.77604, 6.520016E-01,0
34,75, 0.34896, 0.77604, 6.412138E-01,0
35,75, 0.35938, 0.77604, 6.304967E-01,0
36,75, 0.36979, 0.77604, 6.198016E-01,0
37,75, 0.38021, 0.77604, 6.090785E-01,0
38,75, 0.39062, 0.77604, 5.982761E-01,0
39,75, 0.40104, 0.77604, 5.873421E-01,0
40,75, 0.41146, 0.77604, 5.762241E-01,0
41,75, 0.42188, 0.77604, 5.648726E-01,0
42,75, 0.43229, 0.77604, 5.532469E-01,0
43,75, 0.44271, 0.77604, 5.413252E-01,0
44,75, 0.45312, 0.77604, 5.291205E-01,0
45,75, 0.46354, 0.77604, 5.167018E-01,0
46,75, 0.47396, 0.77604, 5.042097E-01,0
47,75, 0.48438, 0.77604, 4.918400E-01,0
48,75, 0.49479, 0.77604, 4.797868E-01,0
49,75, 0.50521, 0.77604, 4.681811E-01,0
50,75, 0.51562, 0.77604, 4.570693E-01,0
51,75, 0.52604, 0.77604, 4.464393E-01,0
52,75, 0.53646, 0.77604, 4.362310E-01,0
53,75, 0.54688, 0.77604, 4.263666E-01,0
54,75, 0.55729, 0.77604, 4.167735E-01,0
55,75, 0.56771, 0.77604, 4.073829E-01,0
56,75, 0.57812, 0.77604, 3.981272E-01,0
57,75, 0.58854, 0.77604, 3.889424E-01,0
58,75, 0.59896, 0.77604, 3.797793E-01,0
59,75, 0.60938, 0.77604, 3.706148E-01,0
60,75, 0.61979, 0.77604, 3.614539E-01,0
61,75, 0.63021, 0.77604, 3.523131E-01,0
62,75, 0.64062, 0.77604, 3.432068E-01,0
63,75, 0.65104, 0.77604, 3.341351E-01,0
64,75, 0.66146, 0.77604, 3.250800E-01,0
65,75, 0.67188, 0.77604, 3.160106E-01,0
66,75, 0.68229, 0.77604, 3.068915E-01,0
67,75, 0.69271, 0.77604, 2.976924E-01,0
68,75, 0.70312, 0.77604, 2.883942E-01,0
69,75, 0.71354, 0.77604, 2.789909E-01,0
70,75, 0.72396, 0.77604, 2.694857E-01,0
71,75, 0.73438, 0.77604, 2.598851E-01,0
72,75, 0.74479, 0.77604, 2.501932E-01,0
73,75, 0.75521, 0.77604, 2.404114E-01,0
74,75, 0.76562, 0.77604, 2.305455E-01,0
75,75, 0.77604, 0.77604, 2.206169E-01,0
76,75, 0.78646, 0.77604, 2.106655E-01,0
77,75, 0.79688, 0.77604, 2.007390E-01,0
78,75, 0.80729, 0.77604, 1.908743E-01,0
79,75, 0.81771, 0.77604, 1.810845E-01,0
80,75, 0.82812, 0.77604, 1.713569E-01,0
81,75, 0.83854, 0.77604, 1.616600E-01,0
82,75, 0.84896, 0.77604, 1.519544E-01,0
83,75, 0.85938, 0.77604, 1.422065E-01,0
84,75, 0.86979, 0.77604, 1.323985E-01,0
85,75, 0.88021, 0.77604, 1.225327E-01,0
86,75, 0.89062, 0.77604, 1.126276E-01,0
87,75, 0.90104, 0.77604, 1.027061E-01,0
88,75, 0.91146, 0.77604, 9.277695E-02,0
89,75, 0.92188, 0.77604, 8.281730E-02,0
90,75, 0.93229, 0.77604, 7.276426E-02,0
91,75, 0.94271, 0.77604, 6.252624E-02,0
92,75, 0.95312, 0.77604, 5.200183E-02,0
93,75, 0.96354, 0.77604, 4.110145E-02,0
94,75, 0.97396, 0.77604, 2.977711E-02,0
95,75, 0.98438, 0.77604, 1.805647E-02,0
96,75, 0.99479, 0.77604, 6.052882E-03,0
1,76, 0.00521, 0.78646, 9.953228E-01,0
2,76, 0.01562, 0.78646, 9.859583E-01,0
3,76, 0.02604, 0.78646, 9.765748E-01,0
4,76, 0.03646, 0.78646, 9.671787E-01,0
5,76, 0.04688, 0.78646, 9.577771E-01,0
6,76, 0.05729, 0.78646, 9.483677E-01,0
7,76, 0.06771, 0.78646, 9.389396E-01,0
8,76, 0.07812, 0.78646, 9.294775E-01,0
9,76, 0.08854, 0.78646, 9.199642E-01,0
10,76, 0.09896, 0.78646, 9.103803E-01,0
11,76, 0.10938, 0.78646, 9.007036E-01,0
12,76, 0.11979, 0.78646, 8.909095E-01,0
13,76, 0.13021, 0.78646, 8.809714E-01,0
14,76, 0.14062, 0.78646, 8.708613E-01,0
15,76, 0.15104, 0.78646, 8.605505E-01,0
16,76, 0.16146, 0.78646, 8.500110E-01,0
17,76, 0.17188, 0.78646, 8.392171E-01,0
18,76, 0.18229, 0.78646, 8.281488E-01,0
19,76, 0.19271, 0.78646, 8.167948E-01,0
20,76, 0.20312, 0.78646, 8.051562E-01,0
21,76, 0.21354, 0.78646, 7.932504E-01,0
22,76, 0.22396, 0.78646, 7.811121E-01,0
23,76, 0.23438, 0.78646, 7.687934E-01,0
24,76, 0.24479, 0.78646, 7.563600E-01,0
25,76, 0.25521, 0.78646, 7.438859E-01,0
26,76, 0.26562, 0.78646, 7.314457E-01,0
27,76, 0.27604, 0.78646, 7.191073E-01,0
28,76, 0.28646, 0.78646, 7.069253E-01,0
29,76, 0.29688, 0.78646, 6.949370E-01,0
30,76, 0.30729, 0.78646, 6.831603E-01,0
31,76, 0.31771, 0.78646, 6.715943E-01,0
32,76, 0.32812, 0.78646, 6.602208E-01,0
33,76, 0.33854, 0.78646, 6.490079E-01,0
34,76, 0.34896, 0.78646, 6.379128E-01,0
35,76, 0.35938, 0.78646, 6.268860E-01,0
36,76, 0.36979, 0.78646, 6.158729E-01,0
37,76, 0.38021, 0.78646, 6.048157E-01,0
38,76, 0.39062, 0.78646, 5.936533E-01,0
39,76, 0.40104, 0.78646, 5.823219E-01,0
40,76, 0.41146, 0.78646, 5.707551E-01,0
41,76, 0.42188, 0.78646, 5.588872E-01,0
42,76, 0.43229, 0.78646, 5.466575E-01,0
43,76, 0.44271, 0.78646, 5.340213E-01,0
44,76, 0.45312, 0.78646, 5.209723E-01,0
45,76, 0.46354, 0.78646, 5.075858E-01,0
46,76, 0.47396, 0.78646, 4.940702E-01,0
47,76, 0.48438, 0.78646, 4.807628E-01,0
48,76, 0.49479, 0.78646, 4.680145E-01,0
49,76, 0.50521, 0.78646, 4.560452E-01,0
50,76, 0.51562, 0.78646, 4.448901E-01,0
51,76, 0.52604, 0.78646, 4.345011E-01,0
52,76, 0.53646, 0.78646, 4.247258E-01,0
53,76, 0.54688, 0.78646, 4.153945E-01,0
54,76, 0.55729, 0.78646, 4.063827E-01,0
55,76, 0.56771, 0.78646, 3.975854E-01,0
56,76, 0.57812, 0.78646, 3.889018E-01,0
57,76, 0.58854, 0.78646, 3.802382E-01,0
58,76, 0.59896, 0.78646, 3.715272E-01,0
59,76, 0.60938, 0.78646, 3.627558E-01,0
60,76, 0.61979, 0.78646, 3.539678E-01,0
61,76, 0.63021, 0.78646, 3.452120E-01,0
62,76, 0.64062, 0.78646, 3.365263E-01,0
63,76, 0.65104, 0.78646, 3.279156E-01,0
64,76, 0.66146, 0.78646, 3.193543E-01,0
65,76, 0.67188, 0.78646, 3.107999E-01,0
66,76, 0.68229, 0.78646, 3.022080E-01,0
67,76, 0.69271, 0.78646, 2.935445E-01,0
68,76, 0.70312, 0.78646, 2.847910E-01,0
69,76, 0.71354, 0.78646, 2.759445E-01,0
70,76, 0.72396, 0.78646, 2.670114E-01,0
71,76, 0.73438, 0.78646, 2.579987E-01,0
72,76, 0.74479, 0.78646, 2.489069E-01,0
73,76, 0.75521, 0.78646, 2.397299E-01,0
74,76, 0.76562, 0.78646, 2.304630E-01,0
75,76, 0.77604, 0.78646, 2.211159E-01,0
76,76, 0.78646, 0.78646, 2.117186E-01,0
77,76, 0.79688, 0.78646, 2.023131E-01,0
78,76, 0.80729, 0.78646, 1.929320E-01,0
79,76, 0.81771, 0.78646, 1.835830E-01,0
80,76, 0.82812, 0.78646, 1.742439E-01,0
81,76, 0.83854, 0.78646, 1.648679E-01,0
82,76, 0.84896, 0.78646, 1.553977E-01,0
83,76, 0.85938, 0.78646, 1.457846E-01,0
84,76, 0.86979, 0.78646, 1.360073E-01,0
85,76, 0.88021, 0.78646, 1.260806E-01,0
86,76, 0.89062, 0.78646, 1.160542E-01,0
87,76, 0.90104, 0.78646, 1.060009E-01,0
88,76, 0.91146, 0.78646, 9.597385E-02,0
89,76, 0.92188, 0.78646, 8.597421E-02,0
90,76, 0.93229, 0.78646, 7.591600E-02,0
91,76, 0.94271, 0.78646, 6.565576E-02,0
92,76, 0.95312, 0.78646, 5.502424E-02,0
93,76, 0.96354, 0.78646, 4.385185E-02,0
94,76, 0.97396, 0.78646, 3.201691E-02,0
95,76, 0.98438, 0.78646, 1.953160E-02,0
96,76, 0.99479, 0.78646, 6.568157E-03,0
1,77, 0.00521, 0.79688, 9.954476E-01,0
2,77, 0.01562, 0.79688, 9.863134E-01,0
3,77, 0.02604, 0.79688, 9.771281E-01,0
4,77, 0.03646, 0.79688, 9.679075E-01,0
5,77, 0.04688, 0.79688, 9.586638E-01,0
6,77, 0.05729, 0.79688, 9.493876E-01,0
7,77, 0.06771, 0.79688, 9.400593E-01,0
8,77, 0.07812, 0.79688, 9.306614E-01,0
9,77, 0.08854, 0.79688, 9.211799E-01,0
10,77, 0.09896, 0.79688, 9.115996E-01,0
11,77, 0.10938, 0.79688, 9.019024E-01,0
12,77, 0.11979, 0.79688, 8.920662E-01,0
13,77, 0.13021, 0.79688, 8.820662E-01,0
14,77, 0.14062, 0.79688, 8.718758E-01,0
15,77, 0.15104, 0.79688, 8.614678E-01,0
16,77, 0.16146, 0.79688, 8.508164E-01,0
17,77, 0.17188, 0.79688, 8.398986E-01,0
18,77, 0.18229, 0.79688, 8.286976E-01,0
19,77, 0.19271, 0.79688, 8.172050E-01,0
20,77, 0.20312, 0.79688, 8.054247E-01,0
21,77, 0.21354, 0.79688, 7.933751E-01,0
22,77, 0.22396, 0.79688, 7.810904E-01,0
23,77, 0.23438, 0.79688, 7.686199E-01,0
24,77, 0.24479, 0.79688, 7.560257E-01,0
25,77, 0.25521, 0.79688, 7.433775E-01,0
26,77, 0.26562, 0.79688, 7.307463E-01,0
27,77, 0.27604, 0.79688, 7.181976E-01,0
28,77, 0.28646, 0.79688, 7.057857E-01,0
29,77, 0.29688, 0.79688, 6.935493E-01,0
30,77, 0.30729, 0.79688, 6.815089E-01,0
31,77, 0.31771, 0.79688, 6.696668E-01,0
32,77, 0.32812, 0.79688, 6.580081E-01,0
33,77, 0.33854, 0.79688, 6.465027E-01,0
34,77, 0.34896, 0.79688, 6.351082E-01,0
35,77, 0.35938, 0.79688, 6.237729E-01,0
36,77, 0.36979, 0.79688, 6.124377E-01,0
37,77, 0.38021, 0.79688, 6.010378E-01,0
38,77, 0.39062, 0.79688, 5.895021E-01,0
39,77, 0.40104, 0.79688, 5.777536E-01,0
40,77, 0.41146, 0.79688, 5.657089E-01,0
41,77, 0.42188, 0.79688, 5.532793E-01,0
42,77, 0.43229, 0.79688, 5.403730E-01,0
43,77, 0.44271, 0.79688, 5.268997E-01,0
44,77, 0.45312, 0.79688, 5.127913E-01,0
45,77, 0.46354, 0.79688, 4.980748E-01,0
46,77, 0.47396, 0.79688, 4.830169E-01,0
47,77, 0.48438, 0.79688, 4.681951E-01,0
48,77, 0.49479, 0.79688, 4.542869E-01,0
49,77, 0.50521, 0.79688, 4.417125E-01,0
50,77, 0.51562, 0.79688, 4.304438E-01,0
51,77, 0.52604, 0.79688, 4.204281E-01,0
52,77, 0.53646, 0.79688, 4.113027E-01,0
53,77, 0.54688, 0.79688, 4.027091E-01,0
54,77, 0.55729, 0.79688, 3.944733E-01,0
55,77, 0.56771, 0.79688, 3.864575E-01,0
56,77, 0.57812, 0.79688, 3.785205E-01,0
57,77, 0.58854, 0.79688, 3.705209E-01,0
58,77, 0.59896, 0.79688, 3.623560E-01,0
59,77, 0.60938, 0.79688, 3.540351E-01,0
60,77, 0.61979, 0.79688, 3.456912E-01,0
61,77, 0.63021, 0.79688, 3.374131E-01,0
62,77, 0.64062, 0.79688, 3.292687E-01,0
63,77, 0.65104, 0.79688, 3.212555E-01,0
64,77, 0.66146, 0.79688, 3.133239E-01,0
65,77, 0.67188, 0.79688, 3.054051E-01,0
66,77, 0.68229, 0.79688, 2.974370E-01,0
67,77, 0.69271, 0.79688, 2.893788E-01,0
68,77, 0.70312, 0.79688, 2.812137E-01,0
69,77, 0.71354, 0.79688, 2.729440E-01,0
70,77, 0.72396, 0.79688, 2.645823E-01,0
71,77, 0.73438, 0.79688, 2.561405E-01,0
72,77, 0.74479, 0.79688, 2.476224E-01,0
73,77, 0.75521, 0.79688, 2.390230E-01,0
74,77, 0.76562, 0.79688, 2.303364E-01,0
75,77, 0.77604, 0.79688, 2.215685E-01,0
76,77, 0.78646, 0.79688, 2.127437E-01,0
77,77, 0.79688, 0.79688, 2.038985E-01,0
78,77, 0.80729, 0.79688, 1.950605E-01,0
79,77, 0.81771, 0.79688, 1.862302E-01,0
80,77, 0.82812, 0.79688, 1.773707E-01,0
81,77, 0.83854, 0.79688, 1.684102E-01,0
82,77, 0.84896, 0.79688, 1.592556E-01,0
83,77, 0.85938, 0.79688, 1.498233E-01,0
84,77, 0.86979, 0.79688, 1.400719E-01,0
85,77, 0.88021, 0.79688, 1.300212E-01,0
86,77, 0.89062, 0.79688, 1.197622E-01,0
87,77, 0.90104, 0.79688, 1.094703E-01,0
88,77, 0.91146, 0.79688, 9.929000E-02,0
89,77, 0.92188, 0.79688, 8.930473E-02,0
90,77, 0.93229, 0.79688, 7.938093E-02,0
91,77, 0.94271, 0.79688, 6.928653E-02,0
92,77, 0.95312, 0.79688, 5.874767E-02,0
93,77, 0.96354, 0.79688, 4.745021E-02,0
94,77, 0.97396, 0.79688, 3.509081E-02,0
95,77, 0.98438, 0.79688, 2.162300E-02,0
96,77, 0.99479, 0.79688, 7.307597E-03,0
1,78, 0.00521, 0.80729, 9.955659E-01,0
2,78, 0.01562, 0.80729, 9.866221E-01,0
3,78, 0.02604, 0.80729, 9.775797E-01,0
4,78, 0.03646, 0.80729, 9.685015E-01,0
5,78, 0.04688, 0.80729, 9.594084E-01,0
6,78, 0.05729, 0.80729, 9.502644E-01,0
7,78, 0.06771, 0.80729, 9.410276E-01,0
8,78, 0.07812, 0.80729, 9.316775E-01,0
9,78, 0.08854, 0.80729, 9.222076E-01,0
10,78, 0.09896, 0.80729, 9.126111E-01,0
11,78, 0.10938, 0.80729, 9.028755E-01,0
12,78, 0.11979, 0.80729, 8.929821E-01,0
13,78, 0.13021, 0.80729, 8.829085E-01,0
14,78, 0.14062, 0.80729, 8.726301E-01,0
15,78, 0.15104, 0.80729, 8.621224E-01,0
16,78, 0.16146, 0.80729, 8.513624E-01,0
17,78, 0.17188, 0.80729, 8.403307E-01,0
18,78, 0.18229, 0.80729, 8.290140E-01,0
19,78, 0.19271, 0.80729, 8.174075E-01,0
20,78, 0.20312, 0.80729, 8.055176E-01,0
21,78, 0.21354, 0.80729, 7.933638E-01,0
22,78, 0.22396, 0.80729, 7.809791E-01,0
23,78, 0.23438, 0.80729, 7.684099E-01,0
24,78, 0.24479, 0.80729, 7.557130E-01,0
25,78, 0.25521, 0.80729, 7.429522E-01,0
26,78, 0.26562, 0.80729, 7.301925E-01,0
27,78, 0.27604, 0.80729, 7.174948E-01,0
28,78, 0.28646, 0.80729, 7.049105E-01,0
29,78, 0.29688, 0.80729, 6.924774E-01,0
30,78, 0.30729, 0.80729, 6.802175E-01,0
31,78, 0.31771, 0.80729, 6.681354E-01,0
32,78, 0.32812, 0.80729, 6.562193E-01,0
33,78, 0.33854, 0.80729, 6.444415E-01,0
34,78, 0.34896, 0.80729, 6.327607E-01,0
35,78, 0.35938, 0.80729, 6.211244E-01,0
36,78, 0.36979, 0.80729, 6.094704E-01,0
37,78, 0.38021, 0.80729, 5.977269E-01,0
38,78, 0.39062, 0.80729, 5.858128E-01,0
39,78, 0.40104, 0.80729, 5.736359E-01,0
40,78, 0.41146, 0.80729, 5.610924E-01,0
41,78, 0.42188, 0.80729, 5.480675E-01,0
42,78, 0.43229, 0.80729, 5.344325E-01,0
43,78, 0.44271, 0.80729, 5.200332E-01,0
44,78, 0.45312, 0.80729, 5.046743E-01,0
45,78, 0.46354, 0.80729, 4.881920E-01,0
46,78, 0.47396, 0.80729, 4.707887E-01,0
47,78, 0.48438, 0.80729, 4.533989E-01,0
48,78, 0.49479, 0.80729, 4.374077E-01,0
49,78, 0.50521, 0.80729, 4.237791E-01,0
50,78, 0.51562, 0.80729, 4.121579E-01,0
51,78, 0.52604, 0.80729, 4.028366E-01,0
52,78, 0.53646, 0.80729, 3.948334E-01,0
53,78, 0.54688, 0.80729, 3.873351E-01,0
54,78, 0.55729, 0.80729, 3.802030E-01,0
55,78, 0.56771, 0.80729, 3.732877E-01,0
56,78, 0.57812, 0.80729, 3.663969E-01,0
57,78, 0.58854, 0.80729, 3.593099E-01,0
58,78, 0.59896, 0.80729, 3.518465E-01,0
59,78, 0.60938, 0.80729, 3.440681E-01,0
60,78, 0.61979, 0.80729, 3.363303E-01,0
61,78, 0.63021, 0.80729, 3.287080E-01,0
62,78, 0.64062, 0.80729, 3.213175E-01,0
63,78, 0.65104, 0.80729, 3.141241E-01,0
64,78, 0.66146, 0.80729, 3.070308E-01,0
65,78, 0.67188, 0.80729, 2.999210E-01,0
66,78, 0.68229, 0.80729, 2.927055E-01,0
67,78, 0.69271, 0.80729, 2.853370E-01,0
68,78, 0.70312, 0.80729, 2.778050E-01,0
69,78, 0.71354, 0.80729, 2.701229E-01,0
70,78, 0.72396, 0.80729, 2.623160E-01,0
71,78, 0.73438, 0.80729, 2.544088E-01,0
72,78, 0.74479, 0.80729, 2.464163E-01,0
73,78, 0.75521, 0.80729, 2.383442E-01,0
74,78, 0.76562, 0.80729, 2.301949E-01,0
75,78, 0.77604, 0.80729, 2.219791E-01,0
76,78, 0.78646, 0.80729, 2.137228E-01,0
77,78, 0.79688, 0.80729, 2.054622E-01,0
78,78, 0.80729, 0.80729, 1.972240E-01,0
79,78, 0.81771, 0.80729, 1.890038E-01,0
80,78, 0.82812, 0.80729, 1.807487E-01,0
81,78, 0.83854, 0.80729, 1.723485E-01,0
82,78, 0.84896, 0.80729, 1.636472E-01,0
83,78, 0.85938, 0.80729, 1.544870E-01,0
84,78, 0.86979, 0.80729, 1.447664E-01,0
85,78, 0.88021, 0.80729, 1.344687E-01,0
86,78, 0.89062, 0.80729, 1.237060E-01,0
87,78, 0.90104, 0.80729, 1.128985E-01,0
88,78, 0.91146, 0.80729, 1.023453E-01,0
89,78, 0.92188, 0.80729, 9.244627E-02,0
90,78, 0.93229, 0.80729, 8.290078E-02,0
91,78, 0.94271, 0.80729, 7.331544E-02,0
92,78, 0.95312, 0.80729, 6.329098E-02,0
93,78, 0.96354, 0.80729, 5.228952E-02,0
94,78, 0.97396, 0.80729, 3.951943E-02,0
95,78, 0.98438, 0.80729, 2.477408E-02,0
96,78, 0.99479, 0.80729, 8.428558E-03,0
1,79, 0.00521, 0.81771, 9.956999E-01,0
2,79, 0.01562, 0.81771, 9.868705E-01,0
3,79, 0.02604, 0.81771, 9.778655E-01,0
4,79, 0.03646, 0.81771, 9.689068E-01,0
5,79, 0.04688, 0.81771, 9.600013E-01,0
6,79, 0.05729, 0.81771, 9.510221E-01,0
7,79, 0.06771, 0.81771, 9.418791E-01,0
8,79, 0.07812, 0.81771, 9.325592E-01,0
9,79, 0.08854, 0.81771, 9.230779E-01,0
10,79, 0.09896, 0.81771, 9.134441E-01,0
11,79, 0.10938, 0.81771, 9.036532E-01,0
12,79, 0.11979, 0.81771, 8.936900E-01,0
13,79, 0.13021, 0.81771, 8.835341E-01,0
14,79, 0.14062, 0.81771, 8.731632E-01,0
15,79, 0.15104, 0.81771, 8.625556E-01,0
16,79, 0.16146, 0.81771, 8.516918E-01,0
17,79, 0.17188, 0.81771, 8.405563E-01,0
18,79, 0.18229, 0.81771, 8.291399E-01,0
19,79, 0.19271, 0.81771, 8.174414E-01,0
20,79, 0.20312, 0.81771, 8.054695E-01,0
21,79, 0.21354, 0.81771, 7.932442E-01,0
22,79, 0.22396, 0.81771, 7.807973E-01,0
23,79, 0.23438, 0.81771, 7.681713E-01,0
24,79, 0.24479, 0.81771, 7.554175E-01,0
25,79, 0.25521, 0.81771, 7.425926E-01,0
26,79, 0.26562, 0.81771, 7.297548E-01,0
27,79, 0.27604, 0.81771, 7.169587E-01,0
28,79, 0.28646, 0.81771, 7.042511E-01,0
29,79, 0.29688, 0.81771, 6.916677E-01,0
30,79, 0.30729, 0.81771, 6.792300E-01,0
31,79, 0.31771, 0.81771, 6.669445E-01,0
32,79, 0.32812, 0.81771, 6.548014E-01,0
33,79, 0.33854, 0.81771, 6.427758E-01,0
34,79, 0.34896, 0.81771, 6.308283E-01,0
35,79, 0.35938, 0.81771, 6.189066E-01,0
36,79, 0.36979, 0.81771, 6.069460E-01,0
37,79, 0.38021, 0.81771, 5.948688E-01,0
38,79, 0.39062, 0.81771, 5.825824E-01,0
39,79, 0.40104, 0.81771, 5.699773E-01,0
40,79, 0.41146, 0.81771, 5.569265E-01,0
41,79, 0.42188, 0.81771, 5.432896E-01,0
42,79, 0.43229, 0.81771, 5.289152E-01,0
43,79, 0.44271, 0.81771, 5.136110E-01,0
44,79, 0.45312, 0.81771, 4.970152E-01,0
45,79, 0.46354, 0.81771, 4.784866E-01,0
46,79, 0.47396, 0.81771, 4.576831E-01,0
47,79, 0.48438, 0.81771, 4.357943E-01,0
48,79, 0.49479, 0.81771, 4.156800E-01,0
49,79, 0.50521, 0.81771, 4.000489E-01,0
50,79, 0.51562, 0.81771, 3.868139E-01,0
51,79, 0.52604, 0.81771, 3.789219E-01,0
52,79, 0.53646, 0.81771, 3.730207E-01,0
53,79, 0.54688, 0.81771, 3.671599E-01,0
54,79, 0.55729, 0.81771, 3.616652E-01,0
55,79, 0.56771, 0.81771, 3.563845E-01,0
56,79, 0.57812, 0.81771, 3.510590E-01,0
57,79, 0.58854, 0.81771, 3.453482E-01,0
58,79, 0.59896, 0.81771, 3.389050E-01,0
59,79, 0.60938, 0.81771, 3.319420E-01,0
60,79, 0.61979, 0.81771, 3.253561E-01,0
61,79, 0.63021, 0.81771, 3.187589E-01,0
62,79, 0.64062, 0.81771, 3.124897E-01,0
63,79, 0.65104, 0.81771, 3.064575E-01,0
64,79, 0.66146, 0.81771, 3.005154E-01,0
65,79, 0.67188, 0.81771, 2.944513E-01,0
66,79, 0.68229, 0.81771, 2.881473E-01,0
67,79, 0.69271, 0.81771, 2.815595E-01,0
68,79, 0.70312, 0.81771, 2.746965E-01,0
69,79, 0.71354, 0.81771, 2.675967E-01,0
70,79, 0.72396, 0.81771, 2.603096E-01,0
71,79, 0.73438, 0.81771, 2.528818E-01,0
72,79, 0.74479, 0.81771, 2.453489E-01,0
73,79, 0.75521, 0.81771, 2.377353E-01,0
74,79, 0.76562, 0.81771, 2.300597E-01,0
75,79, 0.77604, 0.81771, 2.223463E-01,0
76,79, 0.78646, 0.81771, 2.146320E-01,0
77,79, 0.79688, 0.81771, 2.069623E-01,0
78,79, 0.80729, 0.81771, 1.993748E-01,0
79,79, 0.81771, 0.81771, 1.918731E-01,0
80,79, 0.82812, 0.81771, 1.843960E-01,0
81,79, 0.83854, 0.81771, 1.767887E-01,0
82,79, 0.84896, 0.81771, 1.687963E-01,0
83,79, 0.85938, 0.81771, 1.601277E-01,0
84,79, 0.86979, 0.81771, 1.505252E-01,0
85,79, 0.88021, 0.81771, 1.397801E-01,0
86,79, 0.89062, 0.81771, 1.278069E-01,0
87,79, 0.90104, 0.81771, 1.157819E-01,0
88,79, 0.91146, 0.81771, 1.040084E-01,0
89,79, 0.92188, 0.81771, 9.434776E-02,0
90,79, 0.93229, 0.81771, 8.561629E-02,0
91,79, 0.94271, 0.81771, 7.711404E-02,0
92,79, 0.95312, 0.81771, 6.843030E-02,0
93,79, 0.96354, 0.81771, 5.889910E-02,0
94,79, 0.97396, 0.81771, 4.620109E-02,0
95,79, 0.98438, 0.81771, 2.982533E-02,0
96,79, 0.99479, 0.81771, 1.017578E-02,0
1,80, 0.00521, 0.82812, 9.959603E-01,0
2,80, 0.01562, 0.82812, 9.870185E-01,0
3,80, 0.02604, 0.82812, 9.777877E-01,0
4,80, 0.03646, 0.82812, 9.689832E-01,0
5,80, 0.04688, 0.82812, 9.604216E-01,0
6,80, 0.05729, 0.82812, 9.517003E-01,0
7,80, 0.06771, 0.82812, 9.426594E-01,0
8,80, 0.07812, 0.82812, 9.333418E-01,0
9,80, 0.08854, 0.82812, 9.238187E-01,0
10,80, 0.09896, 0.82812, 9.141248E-01,0
11,80, 0.10938, 0.82812, 9.042634E-01,0
12,80, 0.11979, 0.82812, 8.942210E-01,0
13,80, 0.13021, 0.82812, 8.839779E-01,0
14,80, 0.14062, 0.82812, 8.735132E-01,0
15,80, 0.15104, 0.82812, 8.628080E-01,0
16,80, 0.16146, 0.82812, 8.518466E-01,0
17,80, 0.17188, 0.82812, 8.406180E-01,0
18,80, 0.18229, 0.82812, 8.291168E-01,0
19,80, 0.19271, 0.82812, 8.173452E-01,0
20,80, 0.20312, 0.82812, 8.053142E-01,0
21,80, 0.21354, 0.82812, 7.930440E-01,0
22,80, 0.22396, 0.82812, 7.805643E-01,0
23,80, 0.23438, 0.82812, 7.679137E-01,0
24,80, 0.24479, 0.82812, 7.551377E-01,0
25,80, 0.25521, 0.82812, 7.422859E-01,0
26,80, 0.26562, 0.82812, 7.294090E-01,0
27,80, 0.27604, 0.82812, 7.165549E-01,0
28,80, 0.28646, 0.82812, 7.037649E-01,0
29,80, 0.29688, 0.82812, 6.910714E-01,0
30,80, 0.30729, 0.82812, 6.784945E-01,0
31,80, 0.31771, 0.82812, 6.660409E-01,0
32,80, 0.32812, 0.82812, 6.537029E-01,0
33,80, 0.33854, 0.82812, 6.414581E-01,0
34,80, 0.34896, 0.82812, 6.292696E-01,0
35,80, 0.35938, 0.82812, 6.170863E-01,0
36,80, 0.36979, 0.82812, 6.048421E-01,0
37,80, 0.38021, 0.82812, 5.924537E-01,0
38,80, 0.39062, 0.82812, 5.798162E-01,0
39,80, 0.40104, 0.82812, 5.667992E-01,0
40,80, 0.41146, 0.82812, 5.532467E-01,0
41,80, 0.42188, 0.82812, 5.389928E-01,0
42,80, 0.43229, 0.82812, 5.239031E-01,0
43,80, 0.44271, 0.82812, 5.078991E-01,0
44,80, 0.45312, 0.82812, 4.906560E-01,0
45,80, 0.46354, 0.82812, 4.707400E-01,0
46,80, 0.47396, 0.82812, 4.459673E-01,0
47,80, 0.48438, 0.82812, 4.165670E-01,0
48,80, 0.49479, 0.82812, 3.877137E-01,0
49,80, 0.50521, 0.82812, 3.682424E-01,0
50,80, 0.51562, 0.82812, 3.464389E-01,0
51,80, 0.52604, 0.82812, 3.417701E-01,0
52,80, 0.53646, 0.82812, 3.396723E-01,0
53,80, 0.54688, 0.82812, 3.362471E-01,0
54,80, 0.55729, 0.82812, 3.333853E-01,0
55,80, 0.56771, 0.82812, 3.307224E-01,0
56,80, 0.57812, 0.82812, 3.279648E-01,0
57,80, 0.58854, 0.82812, 3.247075E-01,0
58,80, 0.59896, 0.82812, 3.203393E-01,0
59,80, 0.60938, 0.82812, 3.155572E-01,0
60,80, 0.61979, 0.82812, 3.123748E-01,0
61,80, 0.63021, 0.82812, 3.073545E-01,0
62,80, 0.64062, 0.82812, 3.026479E-01,0
63,80, 0.65104, 0.82812, 2.981895E-01,0
64,80, 0.66146, 0.82812, 2.938732E-01,0
65,80, 0.67188, 0.82812, 2.891509E-01,0
66,80, 0.68229, 0.82812, 2.839257E-01,0
67,80, 0.69271, 0.82812, 2.781908E-01,0
68,80, 0.70312, 0.82812, 2.720034E-01,0
69,80, 0.71354, 0.82812, 2.654519E-01,0
70,80, 0.72396, 0.82812, 2.586268E-01,0
71,80, 0.73438, 0.82812, 2.516063E-01,0
72,80, 0.74479, 0.82812, 2.444536E-01,0
73,80, 0.75521, 0.82812, 2.372167E-01,0
74,80, 0.76562, 0.82812, 2.299359E-01,0
75,80, 0.77604, 0.82812, 2.226555E-01,0
76,80, 0.78646, 0.82812, 2.154322E-01,0
77,80, 0.79688, 0.82812, 2.083351E-01,0
78,80, 0.80729, 0.82812, 2.014328E-01,0
79,80, 0.81771, 0.82812, 1.947660E-01,0
80,80, 0.82812, 0.82812, 1.882986E-01,0
81,80, 0.83854, 0.82812, 1.818521E-01,0
82,80, 0.84896, 0.82812, 1.750417E-01,0
83,80, 0.85938, 0.82812, 1.674546E-01,0
84,80, 0.86979, 0.82812, 1.584726E-01,0
85,80, 0.88021, 0.82812, 1.471742E-01,0
86,80, 0.89062, 0.82812, 1.319003E-01,0
87,80, 0.90104, 0.82812, 1.169464E-01,0
88,80, 0.91146, 0.82812, 1.003233E-01,0
89,80, 0.92188, 0.82812, 9.182808E-02,0
90,80, 0.93229, 0.82812, 8.478170E-02,0
91,80, 0.94271, 0.82812, 7.818183E-02,0
92,80, 0.95312, 0.82812, 7.221887E-02,0
93,80, 0.96354, 0.82812, 6.772447E-02,0
94,80, 0.97396, 0.82812, 5.649190E-02,0
95,80, 0.98438, 0.82812, 3.822897E-02,0
96,80, 0.99479, 0.82812, 1.260250E-02,0
1,81, 0.00521, 0.83854, 9.969992E-01,0
2,81, 0.01562, 0.83854, 9.870402E-01,0
3,81, 0.02604, 0.83854, 9.767934E-01,0
4,81, 0.03646, 0.83854, 9.684455E-01,0
5,81, 0.04688, 0.83854, 9.606832E-01,0
6,81, 0.05729, 0.83854, 9.523876E-01,0
7,81, 0.06771, 0.83854, 9.434267E-01,0
8,81, 0.07812, 0.83854, 9.340543E-01,0
9,81, 0.08854, 0.83854, 9.244489E-01,0
10,81, 0.09896, 0.83854, 9.146724E-01,0
11,81, 0.10938, 0.83854, 9.047294E-01,0
12,81, 0.11979, 0.83854, 8.946032E-01,0
13,81, 0.13021, 0.83854, 8.842719E-01,0
14,81, 0.14062, 0.83854, 8.737155E-01,0
15,81, 0.15104, 0.83854, 8.629176E-01,0
16,81, 0.16146, 0.83854, 8.518662E-01,0
17,81, 0.17188, 0.83854, 8.405549E-01,0
18,81, 0.18229, 0.83854, 8.289824E-01,0
19,81, 0.19271, 0.83854, 8.171541E-01,0
20,81, 0.20312, 0.83854, 8.050826E-01,0
21,81, 0.21354, 0.83854, 7.927880E-01,0
22,81, 0.22396, 0.83854, 7.802979E-01,0
23,81, 0.23438, 0.83854, 7.676467E-01,0
24,81, 0.24479, 0.83854, 7.548740E-01,0
25,81, 0.25521, 0.83854, 7.420228E-01,0
26,81, 0.26562, 0.83854, 7.291364E-01,0
27,81, 0.27604, 0.83854, 7.162557E-01,0
28,81, 0.28646, 0.83854, 7.034166E-01,0
29,81, 0.29688, 0.83854, 6.906471E-01,0
30,81, 0.30729, 0.83854, 6.779652E-01,0
31,81, 0.31771, 0.83854, 6.653773E-01,0
32,81, 0.32812, 0.83854, 6.528770E-01,0
33,81, 0.33854, 0.83854, 6.404443E-01,0
34,81, 0.34896, 0.83854, 6.280455E-01,0
35,81, 0.35938, 0.83854, 6.156321E-01,0
36,81, 0.36979, 0.83854, 6.031382E-01,0
37,81, 0.38021, 0.83854, 5.904761E-01,0
38,81, 0.39062, 0.83854, 5.775289E-01,0
39,81, 0.40104, 0.83854, 5.641416E-01,0
40,81, 0.41146, 0.83854, 5.501166E-01,0
41,81, 0.42188, 0.83854, 5.352396E-01,0
42,81, 0.43229, 0.83854, 5.194069E-01,0
43,81, 0.44271, 0.83854, 5.029734E-01,0
44,81, 0.45312, 0.83854, 4.865976E-01,0
45,81, 0.46354, 0.83854, 4.685283E-01,0
46,81, 0.47396, 0.83854, 4.424646E-01,0
47,81, 0.48438, 0.83854, 4.046479E-01,0
48,81, 0.49479, 0.83854, 3.593552E-01,0
49,81, 0.50521, 0.83854, 3.357298E-01,0
50,81, 0.51562, 0.83854, 3.064834E-01,1
51,81, 0.52604, 0.83854, 3.061051E-01,1
52,81, 0.53646, 0.83854, 3.057074E-01,1
53,81, 0.54688, 0.83854, 3.052906E-01,1
54,81, 0.55729, 0.83854, 3.050124E-01,1
55,81, 0.56771, 0.83854, 3.047601E-01,1
56,81, 0.57812, 0.83854, 3.044953E-01,1
57,81, 0.58854, 0.83854, 3.041745E-01,1
58,81, 0.59896, 0.83854, 3.036606E-01,1
59,81, 0.60938, 0.83854, 3.033963E-01,1
60,81, 0.61979, 0.83854, 3.009983E-01,0
61,81, 0.63021, 0.83854, 2.957046E-01,0
62,81, 0.64062, 0.83854, 2.917964E-01,0
63,81, 0.65104, 0.83854, 2.891079E-01,0
64,81, 0.66146, 0.83854, 2.873861E-01,0
65,81, 0.67188, 0.83854, 2.843114E-01,0
66,81, 0.68229, 0.83854, 2.802774E-01,0
67,81, 0.69271, 0.83854, 2.753976E-01,0
68,81, 0.70312, 0.83854, 2.698285E-01,0
69,81, 0.71354, 0.83854, 2.637454E-01,0
70,81, 0.72396, 0.83854, 2.572961E-01,0
71,81, 0.73438, 0.83854, 2.505955E-01,0
72,81, 0.74479, 0.83854, 2.437352E-01,0
73,81, 0.75521, 0.83854, 2.367874E-01,0
74,81, 0.76562, 0.83854, 2.298140E-01,0
75,81, 0.77604, 0.83854, 2.228813E-01,0
76,81, 0.78646, 0.83854, 2.160716E-01,0
77,81, 0.79688, 0.83854, 2.094902E-01,0
78,81, 0.80729, 0.83854, 2.032637E-01,0
79,81, 0.81771, 0.83854, 1.975200E-01,0
80,81, 0.82812, 0.83854, 1.923233E-01,0
81,81, 0.83854, 0.83854, 1.875607E-01,0
82,81, 0.84896, 0.83854, 1.825812E-01,0
83,81, 0.85938, 0.83854, 1.777098E-01,0
84,81, 0.86979, 0.83854, 1.716682E-01,0
85,81, 0.88021, 0.83854, 1.616275E-01,0
86,81, 0.89062, 0.83854, 1.358517E-01,0
87,81, 0.90104, 0.83854, 1.143216E-01,0
88,81, 0.91146, 0.83854, 8.748676E-02,1
89,81, 0.92188, 0.83854, 8.326334E-02,1
90,81, 0.93229, 0.83854, 7.798117E-02,1
91,81, 0.94271, 0.83854, 7.269478E-02,1
92,81, 0.95312, 0.83854, 6.846291E-02,1
93,81, 0.96354, 0.83854, 7.810303E-02,0
94,81, 0.97396, 0.83854, 7.107622E-02,0
95,81, 0.98438, 0.83854, 5.095614E-02,0
96,81, 0.99479, 0.83854, 1.292780E-02,0
1,82, 0.00521, 0.84896, 9.999973E-01,1
2,82, 0.01562, 0.84896, 9.873624E-01,0
3,82, 0.02604, 0.84896, 9.730869E-01,0
4,82, 0.03646, 0.84896, 9.668127E-01,0
5,82, 0.04688, 0.84896, 9.610076E-01,0
6,82, 0.05729, 0.84896, 9.532513E-01,0
7,82, 0.06771, 0.84896, 9.442157E-01,0
8,82, 0.07812, 0.84896, 9.346906E-01,0
9,82, 0.08854, 0.84896, 9.249663E-01,0
10,82, 0.09896, 0.84896, 9.150957E-01,0
11,82, 0.10938, 0.84896, 9.050690E-01,0
12,82, 0.11979, 0.84896, 8.948607E-01,0
13,82, 0.13021, 0.84896, 8.844451E-01,0
14,82, 0.14062, 0.84896, 8.738021E-01,0
15,82, 0.15104, 0.84896, 8.629180E-01,0
16,82, 0.16146, 0.84896, 8.517850E-01,0
17,82, 0.17188, 0.84896, 8.404010E-01,0
18,82, 0.18229, 0.84896, 8.287692E-01,0
19,82, 0.19271, 0.84896, 8.168977E-01,0
20,82, 0.20312, 0.84896, 8.048006E-01,0
21,82, 0.21354, 0.84896, 7.924973E-01,0
22,82, 0.22396, 0.84896, 7.800132E-01,0
23,82, 0.23438, 0.84896, 7.673786E-01,0
24,82, 0.24479, 0.84896, 7.546277E-01,0
25,82, 0.25521, 0.84896, 7.417969E-01,0
26,82, 0.26562, 0.84896, 7.289228E-01,0
27,82, 0.27604, 0.84896, 7.160398E-01,0
28,82, 0.28646, 0.84896, 7.031780E-01,0
29,82, 0.29688, 0.84896, 6.903610E-01,0
30,82, 0.30729, 0.84896, 6.776043E-01,0
31,82, 0.31771, 0.84896, 6.649131E-01,0
32,82, 0.32812, 0.84896, 6.522822E-01,0
33,82, 0.33854, 0.84896, 6.396942E-01,0
34,82, 0.34896, 0.84896, 6.271195E-01,0
35,82, 0.35938, 0.84896, 6.145136E-01,0
36,82, 0.36979, 0.84896, 6.018135E-01,0
37,82, 0.38021, 0.84896, 5.889310E-01,0
38,82, 0.39062, 0.84896, 5.757415E-01,0
39,82, 0.40104, 0.84896, 5.620675E-01,0
40,82, 0.41146, 0.84896, 5.476597E-01,0
41,82, 0.42188, 0.84896, 5.321940E-01,0
42,82, 0.43229, 0.84896, 5.153849E-01,0
43,82, 0.44271, 0.84896, 4.981447E-01,0
44,82, 0.45312, 0.84896, 4.840715E-01,0
45,82, 0.46354, 0.84896, 4.740351E-01,0
46,82, 0.47396, 0.84896, 4.531764E-01,0
47,82, 0.48438, 0.84896, 4.171674E-01,1
48,82, 0.49479, 0.84896, 3.847132E-01,0
49,82, 0.50521, 0.84896, 3.633596E-01,0
50,82, 0.51562, 0.84896, 3.345607E-01,0
51,82, 0.52604, 0.84896, 3.267493E-01,0
52,82, 0.53646, 0.84896, 3.238324E-01,0
53,82, 0.54688, 0.84896, 3.224063E-01,0
54,82, 0.55729, 0.84896, 3.206868E-01,0
55,82, 0.56771, 0.84896, 3.185697E-01,0
56,82, 0.57812, 0.84896, 3.160047E-01,0
57,82, 0.58854, 0.84896, 3.126608E-01,0
58,82, 0.59896, 0.84896, 3.080701E-01,0
59,82, 0.60938, 0.84896, 3.027742E-01,0
60,82, 0.61979, 0.84896, 2.931824E-01,0
61,82, 0.63021, 0.84896, 2.845433E-01,1
62,82, 0.64062, 0.84896, 2.844397E-01,1
63,82, 0.65104, 0.84896, 2.832224E-01,1
64,82, 0.66146, 0.84896, 2.818857E-01,0
65,82, 0.67188, 0.84896, 2.804111E-01,0
66,82, 0.68229, 0.84896, 2.775124E-01,0
67,82, 0.69271, 0.84896, 2.733587E-01,0
68,82, 0.70312, 0.84896, 2.682538E-01,0
69,82, 0.71354, 0.84896, 2.625004E-01,0
70,82, 0.72396, 0.84896, 2.563120E-01,0
71,82, 0.73438, 0.84896, 2.498335E-01,0
72,82, 0.74479, 0.84896, 2.431775E-01,0
73,82, 0.75521, 0.84896, 2.364334E-01,0
74,82, 0.76562, 0.84896, 2.296790E-01,0
75,82, 0.77604, 0.84896, 2.229978E-01,0
76,82, 0.78646, 0.84896, 2.164958E-01,0
77,82, 0.79688, 0.84896, 2.103180E-01,0
78,82, 0.80729, 0.84896, 2.046705E-01,0
79,82, 0.81771, 0.84896, 1.998311E-01,0
80,82, 0.82812, 0.84896, 1.960902E-01,0
81,82, 0.83854, 0.84896, 1.937408E-01,0
82,82, 0.84896, 0.84896, 1.895982E-01,0
83,82, 0.85938, 0.84896, 1.846475E-01,1
84,82, 0.86979, 0.84896, 1.845342E-01,1
85,82, 0.88021, 0.84896, 1.843926E-01,1
86,82, 0.89062, 0.84896, 1.621610E-01,0
87,82, 0.90104, 0.84896, 1.356524E-01,0
88,82, 0.91146, 0.84896, 1.141487E-01,0
89,82, 0.92188, 0.84896, 1.054829E-01,0
90,82, 0.93229, 0.84896, 9.944711E-02,0
91,82, 0.94271, 0.84896, 9.515757E-02,0
92,82, 0.95312, 0.84896, 9.606737E-02,0
93,82, 0.96354, 0.84896, 1.165387E-01,0
94,82, 0.97396, 0.84896, 1.103214E-01,0
95,82, 0.98438, 0.84896, 7.779192E-02,0
96,82, 0.99479, 0.84896, 1.611726E-05,1
1,83, 0.00521, 0.85938, 9.958549E-01,0
2,83, 0.01562, 0.85938, 9.813883E-01,0
3,83, 0.02604, 0.85938, 9.651724E-01,1
4,83, 0.03646, 0.85938, 9.651635E-01,1
5,83, 0.04688, 0.85938, 9.623331E-01,0
6,83, 0.05729, 0.85938, 9.544070E-01,0
7,83, 0.06771, 0.85938, 9.448755E-01,0
8,83, 0.07812, 0.85938, 9.351598E-01,0
9,83, 0.08854, 0.85938, 9.253427E-01,0
10,83, 0.09896, 0.85938, 9.153958E-01,0
11,83, 0.10938, 0.85938, 9.052976E-01,0
12,83, 0.11979, 0.85938, 8.950157E-01,0
13,83, 0.13021, 0.85938, 8.845230E-01,0
14,83, 0.14062, 0.85938, 8.738006E-01,0
15,83, 0.15104, 0.85938, 8.628378E-01,0
16,83, 0.16146, 0.85938, 8.516315E-01,0
17,83, 0.17188, 0.85938, 8.401844E-01,0
18,83, 0.18229, 0.85938, 8.285036E-01,0
19,83, 0.19271, 0.85938, 8.166001E-01,0
20,83, 0.20312, 0.85938, 8.044888E-01,0
21,83, 0.21354, 0.85938, 7.921886E-01,0
22,83, 0.22396, 0.85938, 7.797224E-01,0
23,83, 0.23438, 0.85938, 7.671166E-01,0
24,83, 0.24479, 0.85938, 7.544002E-01,0
25,83, 0.25521, 0.85938, 7.416039E-01,0
26,83, 0.26562, 0.85938, 7.287579E-01,0
27,83, 0.27604, 0.85938, 7.158908E-01,0
28,83, 0.28646, 0.85938, 7.030272E-01,0
29,83, 0.29688, 0.85938, 6.901865E-01,0
30,83, 0.30729, 0.85938, 6.773809E-01,0
31,83, 0.31771, 0.85938, 6.646147E-01,0
32,83, 0.32812, 0.85938, 6.518833E-01,0
33,83, 0.33854, 0.85938, 6.391724E-01,0
34,83, 0.34896, 0.85938, 6.264571E-01,0
35,83, 0.35938, 0.85938, 6.136992E-01,0
36,83, 0.36979, 0.85938, 6.008425E-01,0
37,83, 0.38021, 0.85938, 5.878042E-01,0
38,83, 0.39062, 0.85938, 5.744626E-01,0
39,83, 0.40104, 0.85938, 5.606383E-01,0
40,83, 0.41146, 0.85938, 5.460650E-01,0
41,83, 0.42188, 0.85938, 5.303472E-01,0
42,83, 0.43229, 0.85938, 5.123561E-01,0
43,83, 0.44271, 0.85938, 4.924434E-01,0
44,83, 0.45312, 0.85938, 4.806135E-01,1
45,83, 0.46354, 0.85938, 4.805871E-01,1
46,83, 0.47396, 0.85938, 4.660162E-01,0
47,83, 0.48438, 0.85938, 4.298230E-01,0
48,83, 0.49479, 0.85938, 4.024175E-01,0
49,83, 0.50521, 0.85938, 3.825005E-01,0
50,83, 0.51562, 0.85938, 3.637702E-01,0
51,83, 0.52604, 0.85938, 3.527155E-01,0
52,83, 0.53646, 0.85938, 3.459320E-01,0
53,83, 0.54688, 0.85938, 3.412650E-01,0
54,83, 0.55729, 0.85938, 3.368966E-01,0
55,83, 0.56771, 0.85938, 3.323340E-01,0
56,83, 0.57812, 0.85938, 3.273911E-01,0
57,83, 0.58854, 0.85938, 3.218074E-01,0
58,83, 0.59896, 0.85938, 3.153497E-01,0
59,83, 0.60938, 0.85938, 3.081890E-01,0
60,83, 0.61979, 0.85938, 2.999273E-01,0
61,83, 0.63021, 0.85938, 2.913825E-01,0
62,83, 0.64062, 0.85938, 2.851887E-01,0
63,83, 0.65104, 0.85938, 2.788400E-01,1
64,83, 0.66146, 0.85938, 2.783736E-01,1
65,83, 0.67188, 0.85938, 2.781551E-01,0
66,83, 0.68229, 0.85938, 2.760045E-01,0
67,83, 0.69271, 0.85938, 2.722380E-01,0
68,83, 0.70312, 0.85938, 2.673159E-01,0
69,83, 0.71354, 0.85938, 2.616981E-01,0
70,83, 0.72396, 0.85938, 2.556373E-01,0
71,83, 0.73438, 0.85938, 2.492839E-01,0
72,83, 0.74479, 0.85938, 2.427528E-01,0
73,83, 0.75521, 0.85938, 2.361373E-01,0
74,83, 0.76562, 0.85938, 2.295208E-01,0
75,83, 0.77604, 0.85938, 2.229939E-01,0
76,83, 0.78646, 0.85938, 2.166719E-01,0
77,83, 0.79688, 0.85938, 2.107220E-01,0
78,83, 0.80729, 0.85938, 2.054207E-01,0
79,83, 0.81771, 0.85938, 2.012479E-01,0
80,83, 0.82812, 0.85938, 1.987968E-01,0
81,83, 0.83854, 0.85938, 1.981056E-01,1
82,83, 0.84896, 0.85938, 1.972733E-01,1
83,83, 0.85938, 0.85938, 1.881947E-01,0
84,83, 0.86979, 0.85938, 1.803416E-01,0
85,83, 0.88021, 0.85938, 1.723873E-01,0
86,83, 0.89062, 0.85938, 1.566931E-01,0
87,83, 0.90104, 0.85938, 1.408457E-01,0
88,83, 0.91146, 0.85938, 1.274057E-01,0
89,83, 0.92188, 0.85938, 1.178623E-01,0
90,83, 0.93229, 0.85938, 1.101741E-01,0
91,83, 0.94271, 0.85938, 1.037891E-01,0
92,83, 0.95312, 0.85938, 9.961952E-02,0
93,83, 0.96354, 0.85938, 9.836550E-02,0
94,83, 0.97396, 0.85938, 8.575284E-02,0
95,83, 0.98438, 0.85938, 5.924088E-02,0
96,83, 0.99479, 0.85938, 1.327511E-02,0
1,84, 0.00521, 0.86979, 9.950026E-01,0
2,84, 0.01562, 0.86979, 9.837565E-01,0
3,84, 0.02604, 0.86979, 9.716659E-01,0
4,84, 0.03646, 0.86979, 9.650355E-01,0
5,84, 0.04688, 0.86979, 9.622970E-01,1
6,84, 0.05729, 0.86979, 9.549771E-01,0
7,84, 0.06771, 0.86979, 9.446644E-01,0
8,84, 0.07812, 0.86979, 9.353176E-01,0
9,84, 0.08854, 0.86979, 9.255657E-01,0
10,84, 0.09896, 0.86979, 9.155854E-01,0
11,84, 0.10938, 0.86979, 9.054351E-01,0
12,84, 0.11979, 0.86979, 8.950901E-01,0
13,84, 0.13021, 0.86979, 8.845280E-01,0
14,84, 0.14062, 0.86979, 8.737334E-01,0
15,84, 0.15104, 0.86979, 8.626996E-01,0
16,84, 0.16146, 0.86979, 8.514281E-01,0
17,84, 0.17188, 0.86979, 8.399265E-01,0
18,84, 0.18229, 0.86979, 8.282058E-01,0
19,84, 0.19271, 0.86979, 8.162795E-01,0
20,84, 0.20312, 0.86979, 8.041632E-01,0
21,84, 0.21354, 0.86979, 7.918748E-01,0
22,84, 0.22396, 0.86979, 7.794348E-01,0
23,84, 0.23438, 0.86979, 7.668659E-01,0
24,84, 0.24479, 0.86979, 7.541927E-01,0
25,84, 0.25521, 0.86979, 7.414405E-01,0
26,84, 0.26562, 0.86979, 7.286341E-01,0
27,84, 0.27604, 0.86979, 7.157966E-01,0
28,84, 0.28646, 0.86979, 7.029478E-01,0
29,84, 0.29688, 0.86979, 6.901029E-01,0
30,84, 0.30729, 0.86979, 6.772711E-01,0
31,84, 0.31771, 0.86979, 6.644554E-01,0
32,84, 0.32812, 0.86979, 6.516516E-01,0
33,84, 0.33854, 0.86979, 6.388484E-01,0
34,84, 0.34896, 0.86979, 6.260265E-01,0
35,84, 0.35938, 0.86979, 6.131560E-01,0
36,84, 0.36979, 0.86979, 6.001906E-01,0
37,84, 0.38021, 0.86979, 5.870588E-01,0
38,84, 0.39062, 0.86979, 5.736543E-01,0
39,84, 0.40104, 0.86979, 5.598245E-01,0
40,84, 0.41146, 0.86979, 5.453791E-01,0
41,84, 0.42188, 0.86979, 5.307178E-01,0
42,84, 0.43229, 0.86979, 5.132100E-01,0
43,84, 0.44271, 0.86979, 4.990462E-01,1
44,84, 0.45312, 0.86979, 4.875565E-01,0
45,84, 0.46354, 0.86979, 4.781306E-01,0
46,84, 0.47396, 0.86979, 4.625393E-01,0
47,84, 0.48438, 0.86979, 4.393512E-01,0
48,84, 0.49479, 0.86979, 4.175535E-01,0
49,84, 0.50521, 0.86979, 3.994869E-01,0
50,84, 0.51562, 0.86979, 3.837418E-01,0
51,84, 0.52604, 0.86979, 3.717459E-01,0
52,84, 0.53646, 0.86979, 3.626238E-01,0
53,84, 0.54688, 0.86979, 3.552977E-01,0
54,84, 0.55729, 0.86979, 3.486766E-01,0
55,84, 0.56771, 0.86979, 3.422403E-01,0
56,84, 0.57812, 0.86979, 3.357298E-01,0
57,84, 0.58854, 0.86979, 3.289364E-01,0
58,84, 0.59896, 0.86979, 3.217213E-01,0
59,84, 0.60938, 0.86979, 3.141271E-01,0
60,84, 0.61979, 0.86979, 3.062155E-01,0
61,84, 0.63021, 0.86979, 2.983263E-01,0
62,84, 0.64062, 0.86979, 2.907770E-01,0
63,84, 0.65104, 0.86979, 2.829580E-01,0
64,84, 0.66146, 0.86979, 2.777696E-01,0
65,84, 0.67188, 0.86979, 2.760822E-01,1
66,84, 0.68229, 0.86979, 2.758842E-01,0
67,84, 0.69271, 0.86979, 2.720612E-01,0
68,84, 0.70312, 0.86979, 2.669414E-01,0
69,84, 0.71354, 0.86979, 2.612583E-01,0
70,84, 0.72396, 0.86979, 2.552085E-01,0
71,84, 0.73438, 0.86979, 2.489021E-01,0
72,84, 0.74479, 0.86979, 2.424331E-01,0
73,84, 0.75521, 0.86979, 2.358863E-01,0
74,84, 0.76562, 0.86979, 2.293419E-01,0
75,84, 0.77604, 0.86979, 2.228854E-01,0
76,84, 0.78646, 0.86979, 2.166194E-01,0
77,84, 0.79688, 0.86979, 2.106858E-01,0
78,84, 0.80729, 0.86979, 2.053504E-01,0
79,84, 0.81771, 0.86979, 2.013826E-01,0
80,84, 0.82812, 0.86979, 2.001264E-01,1
81,84, 0.83854, 0.86979, 2.002258E-01,1
82,84, 0.84896, 0.86979, 1.939917E-01,0
83,84, 0.85938, 0.86979, 1.834847E-01,0
84,84, 0.86979, 0.86979, 1.737475E-01,0
85,84, 0.88021, 0.86979, 1.636482E-01,0
86,84, 0.89062, 0.86979, 1.518999E-01,0
87,84, 0.90104, 0.86979, 1.398999E-01,0
88,84, 0.91146, 0.86979, 1.287452E-01,0
89,84, 0.92188, 0.86979, 1.188272E-01,0
90,84, 0.93229, 0.86979, 1.095975E-01,0
91,84, 0.94271, 0.86979, 1.006345E-01,0
92,84, 0.95312, 0.86979, 9.170355E-02,0
93,84, 0.96354, 0.86979, 8.169836E-02,0
94,84, 0.97396, 0.86979, 6.606349E-02,0
95,84, 0.98438, 0.86979, 4.338884E-02,0
96,84, 0.99479, 0.86979, 1.361011E-02,0
1,85, 0.00521, 0.88021, 9.951124E-01,0
2,85, 0.01562, 0.88021, 9.851259E-01,0
3,85, 0.02604, 0.88021, 9.752843E-01,0
4,85, 0.03646, 0.88021, 9.670020E-01,0
5,85, 0.04688, 0.88021, 9.602626E-01,0
6,85, 0.05729, 0.88021, 9.510263E-01,0
7,85, 0.06771, 0.88021, 9.432449E-01,1
8,85, 0.07812, 0.88021, 9.356872E-01,0
9,85, 0.08854, 0.88021, 9.257518E-01,0
10,85, 0.09896, 0.88021, 9.157050E-01,0
11,85, 0.10938, 0.88021, 9.055110E-01,0
12,85, 0.11979, 0.88021, 8.951048E-01,0
13,85, 0.13021, 0.88021, 8.844768E-01,0
14,85, 0.14062, 0.88021, 8.736162E-01,0
15,85, 0.15104, 0.88021, 8.625188E-01,0
16,85, 0.16146, 0.88021, 8.511901E-01,0
17,85, 0.17188, 0.88021, 8.396422E-01,0
18,85, 0.18229, 0.88021, 8.278899E-01,0
19,85, 0.19271, 0.88021, 8.159487E-01,0
20,85, 0.20312, 0.88021, 8.038348E-01,0
21,85, 0.21354, 0.88021, 7.915648E-01,0
22,85, 0.22396, 0.88021, 7.791568E-01,0
23,85, 0.23438, 0.88021, 7.666304E-01,0
24,85, 0.24479, 0.88021, 7.540060E-01,0
25,85, 0.25521, 0.88021, 7.413043E-01,0
26,85, 0.26562, 0.88021, 7.285455E-01,0
27,85, 0.27604, 0.88021, 7.157481E-01,0
28,85, 0.28646, 0.88021, 7.029273E-01,0
29,85, 0.29688, 0.88021, 6.900948E-01,0
30,85, 0.30729, 0.88021, 6.772568E-01,0
31,85, 0.31771, 0.88021, 6.644148E-01,0
32,85, 0.32812, 0.88021, 6.515647E-01,0
33,85, 0.33854, 0.88021, 6.386979E-01,0
34,85, 0.34896, 0.88021, 6.258009E-01,0
35,85, 0.35938, 0.88021, 6.128525E-01,0
36,85, 0.36979, 0.88021, 5.998168E-01,0
37,85, 0.38021, 0.88021, 5.866325E-01,0
38,85, 0.39062, 0.88021, 5.732056E-01,0
39,85, 0.40104, 0.88021, 5.593972E-01,0
40,85, 0.41146, 0.88021, 5.446084E-01,0
41,85, 0.42188, 0.88021, 5.325807E-01,1
42,85, 0.43229, 0.88021, 5.208083E-01,0
43,85, 0.44271, 0.88021, 5.044154E-01,0
44,85, 0.45312, 0.88021, 4.915151E-01,0
45,85, 0.46354, 0.88021, 4.789966E-01,0
46,85, 0.47396, 0.88021, 4.639471E-01,0
47,85, 0.48438, 0.88021, 4.461119E-01,0
48,85, 0.49479, 0.88021, 4.284050E-01,0
49,85, 0.50521, 0.88021, 4.123544E-01,0
50,85, 0.51562, 0.88021, 3.980233E-01,0
51,85, 0.52604, 0.88021, 3.858167E-01,0
52,85, 0.53646, 0.88021, 3.754750E-01,0
53,85, 0.54688, 0.88021, 3.664913E-01,0
54,85, 0.55729, 0.88021, 3.582907E-01,0
55,85, 0.56771, 0.88021, 3.504929E-01,0
56,85, 0.57812, 0.88021, 3.428610E-01,0
57,85, 0.58854, 0.88021, 3.352205E-01,0
58,85, 0.59896, 0.88021, 3.274580E-01,0
59,85, 0.60938, 0.88021, 3.195526E-01,0
60,85, 0.61979, 0.88021, 3.115442E-01,0
61,85, 0.63021, 0.88021, 3.035410E-01,0
62,85, 0.64062, 0.88021, 2.956123E-01,0
63,85, 0.65104, 0.88021, 2.877227E-01,0
64,85, 0.66146, 0.88021, 2.800838E-01,0
65,85, 0.67188, 0.88021, 2.755207E-01,1
66,85, 0.68229, 0.88021, 2.753320E-01,1
67,85, 0.69271, 0.88021, 2.724174E-01,0
68,85, 0.70312, 0.88021, 2.668363E-01,0
69,85, 0.71354, 0.88021, 2.610277E-01,0
70,85, 0.72396, 0.88021, 2.549482E-01,0
71,85, 0.73438, 0.88021, 2.486470E-01,0
72,85, 0.74479, 0.88021, 2.421969E-01,0
73,85, 0.75521, 0.88021, 2.356743E-01,0
74,85, 0.76562, 0.88021, 2.291552E-01,0
75,85, 0.77604, 0.88021, 2.227162E-01,0
76,85, 0.78646, 0.88021, 2.164332E-01,0
77,85, 0.79688, 0.88021, 2.103599E-01,0
78,85, 0.80729, 0.88021, 2.043928E-01,0
79,85, 0.81771, 0.88021, 2.009727E-01,1
80,85, 0.82812, 0.88021, 2.004854E-01,1
81,85, 0.83854, 0.88021, 1.965511E-01,0
82,85, 0.84896, 0.88021, 1.877129E-01,0
83,85, 0.85938, 0.88021, 1.782304E-01,0
84,85, 0.86979, 0.88021, 1.684503E-01,0
85,85, 0.88021, 0.88021, 1.583100E-01,0
86,85, 0.89062, 0.88021, 1.476741E-01,0
87,85, 0.90104, 0.88021, 1.368841E-01,0
88,85, 0.91146, 0.88021, 1.262796E-01,0
89,85, 0.92188, 0.88021, 1.159228E-01,0
90,85, 0.93229, 0.88021, 1.055518E-01,0
91,85, 0.94271, 0.88021, 9.482448E-02,0
92,85, 0.95312, 0.88021, 8.333095E-02,0
93,85, 0.96354, 0.88021, 7.025383E-02,0
94,85, 0.97396, 0.88021, 5.406395E-02,0
95,85, 0.98438, 0.88021, 3.427067E-02,0
96,85, 0.99479, 0.88021, 1.145438E-02,0
1,86, 0.00521, 0.89062, 9.952561E-01,0
2,86, 0.01562, 0.89062, 9.857634E-01,0
3,86, 0.02604, 0.89062, 9.764503E-01,0
4,86, 0.03646, 0.89062, 9.676756E-01,0
5,86, 0.04688, 0.89062, 9.593545E-01,0
6,86, 0.05729, 0.89062, 9.504945E-01,0
7,86, 0.06771, 0.89062, 9.409681E-01,0
8,86, 0.07812, 0.89062, 9.332293E-01,1
9,86, 0.08854, 0.89062, 9.255486E-01,0
10,86, 0.09896, 0.89062, 9.157271E-01,0
11,86, 0.10938, 0.89062, 9.055518E-01,0
12,86, 0.11979, 0.89062, 8.950717E-01,0
13,86, 0.13021, 0.89062, 8.843750E-01,0
14,86, 0.14062, 0.89062, 8.734546E-01,0
15,86, 0.15104, 0.89062, 8.623024E-01,0
16,86, 0.16146, 0.89062, 8.509256E-01,0
17,86, 0.17188, 0.89062, 8.393404E-01,0
18,86, 0.18229, 0.89062, 8.275649E-01,0
19,86, 0.19271, 0.89062, 8.156165E-01,0
20,86, 0.20312, 0.89062, 8.035113E-01,0
21,86, 0.21354, 0.89062, 7.912648E-01,0
22,86, 0.22396, 0.89062, 7.788931E-01,0
23,86, 0.23438, 0.89062, 7.664126E-01,0
24,86, 0.24479, 0.89062, 7.538403E-01,0
25,86, 0.25521, 0.89062, 7.411933E-01,0
26,86, 0.26562, 0.89062, 7.284876E-01,0
27,86, 0.27604, 0.89062, 7.157380E-01,0
28,86, 0.28646, 0.89062, 7.029562E-01,0
29,86, 0.29688, 0.89062, 6.901504E-01,0
30,86, 0.30729, 0.89062, 6.773245E-01,0
31,86, 0.31771, 0.89062, 6.644781E-01,0
32,86, 0.32812, 0.89062, 6.516070E-01,0
33,86, 0.33854, 0.89062, 6.387044E-01,0
34,86, 0.34896, 0.89062, 6.257619E-01,0
35,86, 0.35938, 0.89062, 6.127665E-01,0
36,86, 0.36979, 0.89062, 5.996883E-01,0
37,86, 0.38021, 0.89062, 5.864537E-01,0
38,86, 0.39062, 0.89062, 5.729264E-01,0
39,86, 0.40104, 0.89062, 5.592084E-01,0
40,86, 0.41146, 0.89062, 5.480122E-01,1
41,86, 0.42188, 0.89062, 5.367670E-01,0
42,86, 0.43229, 0.89062, 5.231273E-01,0
43,86, 0.44271, 0.89062, 5.088438E-01,0
44,86, 0.45312, 0.89062, 4.952587E-01,0
45,86, 0.46354, 0.89062, 4.817816E-01,0
46,86, 0.47396, 0.89062, 4.673426E-01,0
47,86, 0.48438, 0.89062, 4.519120E-01,0
48,86, 0.49479, 0.89062, 4.365152E-01,0
49,86, 0.50521, 0.89062, 4.219438E-01,0
50,86, 0.51562, 0.89062, 4.084841E-01,0
51,86, 0.52604, 0.89062, 3.963295E-01,0
52,86, 0.53646, 0.89062, 3.854104E-01,0
53,86, 0.54688, 0.89062, 3.754981E-01,0
54,86, 0.55729, 0.89062, 3.663009E-01,0
55,86, 0.56771, 0.89062, 3.575783E-01,0
56,86, 0.57812, 0.89062, 3.491504E-01,0
57,86, 0.58854, 0.89062, 3.408771E-01,0
58,86, 0.59896, 0.89062, 3.326578E-01,0
59,86, 0.60938, 0.89062, 3.244407E-01,0
60,86, 0.61979, 0.89062, 3.162159E-01,0
61,86, 0.63021, 0.89062, 3.080056E-01,0
62,86, 0.64062, 0.89062, 2.998404E-01,0
63,86, 0.65104, 0.89062, 2.917804E-01,0
64,86, 0.66146, 0.89062, 2.840443E-01,0
65,86, 0.67188, 0.89062, 2.772732E-01,0
66,86, 0.68229, 0.89062, 2.749514E-01,1
67,86, 0.69271, 0.89062, 2.722153E-01,0
68,86, 0.70312, 0.89062, 2.666903E-01,0
69,86, 0.71354, 0.89062, 2.608916E-01,0
70,86, 0.72396, 0.89062, 2.548073E-01,0
71,86, 0.73438, 0.89062, 2.484955E-01,0
72,86, 0.74479, 0.89062, 2.420328E-01,0
73,86, 0.75521, 0.89062, 2.354988E-01,0
74,86, 0.76562, 0.89062, 2.289722E-01,0
75,86, 0.77604, 0.89062, 2.225308E-01,0
76,86, 0.78646, 0.89062, 2.162521E-01,0
77,86, 0.79688, 0.89062, 2.102108E-01,0
78,86, 0.80729, 0.89062, 2.044388E-01,0
79,86, 0.81771, 0.89062, 2.014269E-01,1
80,86, 0.82812, 0.89062, 1.988028E-01,0
81,86, 0.83854, 0.89062, 1.916237E-01,0
82,86, 0.84896, 0.89062, 1.829979E-01,0
83,86, 0.85938, 0.89062, 1.737017E-01,0
84,86, 0.86979, 0.89062, 1.640058E-01,0
85,86, 0.88021, 0.89062, 1.539994E-01,0
86,86, 0.89062, 0.89062, 1.437159E-01,0
87,86, 0.90104, 0.89062, 1.332502E-01,0
88,86, 0.91146, 0.89062, 1.226715E-01,0
89,86, 0.92188, 0.89062, 1.119297E-01,0
90,86, 0.93229, 0.89062, 1.008408E-01,0
91,86, 0.94271, 0.89062, 8.915159E-02,0
92,86, 0.95312, 0.89062, 7.655184E-02,0
93,86, 0.96354, 0.89062, 6.260713E-02,0
94,86, 0.97396, 0.89062, 4.679893E-02,0
95,86, 0.98438, 0.89062, 2.903885E-02,0
96,86, 0.99479, 0.89062, 9.793053E-03,0
1,87, 0.00521, 0.90104, 9.953292E-01,0
2,87, 0.01562, 0.90104, 9.860090E-01,0
3,87, 0.02604, 0.90104, 9.767950E-01,0
4,87, 0.03646, 0.90104, 9.677825E-01,0
5,87, 0.04688, 0.90104, 9.589093E-01,0
6,87, 0.05729, 0.90104, 9.498862E-01,0
7,87, 0.06771, 0.90104, 9.405994E-01,0
8,87, 0.07812, 0.90104, 9.309735E-01,0
9,87, 0.08854, 0.90104, 9.232151E-01,1
10,87, 0.09896, 0.90104, 9.157127E-01,0
11,87, 0.10938, 0.90104, 9.055906E-01,0
12,87, 0.11979, 0.90104, 8.949794E-01,0
13,87, 0.13021, 0.90104, 8.842100E-01,0
14,87, 0.14062, 0.90104, 8.732431E-01,0
15,87, 0.15104, 0.90104, 8.620503E-01,0
16,87, 0.16146, 0.90104, 8.506378E-01,0
17,87, 0.17188, 0.90104, 8.390260E-01,0
18,87, 0.18229, 0.90104, 8.272367E-01,0
19,87, 0.19271, 0.90104, 8.152886E-01,0
20,87, 0.20312, 0.90104, 8.031980E-01,0
21,87, 0.21354, 0.90104, 7.909793E-01,0
22,87, 0.22396, 0.90104, 7.786466E-01,0
23,87, 0.23438, 0.90104, 7.662139E-01,0
24,87, 0.24479, 0.90104, 7.536955E-01,0
25,87, 0.25521, 0.90104, 7.411052E-01,0
26,87, 0.26562, 0.90104, 7.284564E-01,0
27,87, 0.27604, 0.90104, 7.157605E-01,0
28,87, 0.28646, 0.90104, 7.030265E-01,0
29,87, 0.29688, 0.90104, 6.902603E-01,0
30,87, 0.30729, 0.90104, 6.774635E-01,0
31,87, 0.31771, 0.90104, 6.646342E-01,0
32,87, 0.32812, 0.90104, 6.517676E-01,0
33,87, 0.33854, 0.90104, 6.388582E-01,0
34,87, 0.34896, 0.90104, 6.259023E-01,0
35,87, 0.35938, 0.90104, 6.128958E-01,0
36,87, 0.36979, 0.90104, 5.998109E-01,0
37,87, 0.38021, 0.90104, 5.864976E-01,0
38,87, 0.39062, 0.90104, 5.721666E-01,0
39,87, 0.40104, 0.90104, 5.619916E-01,1
40,87, 0.41146, 0.90104, 5.517626E-01,0
41,87, 0.42188, 0.90104, 5.387525E-01,0
42,87, 0.43229, 0.90104, 5.253800E-01,0
43,87, 0.44271, 0.90104, 5.118467E-01,0
44,87, 0.45312, 0.90104, 4.984193E-01,0
45,87, 0.46354, 0.90104, 4.849407E-01,0
46,87, 0.47396, 0.90104, 4.710914E-01,0
47,87, 0.48438, 0.90104, 4.569139E-01,0
48,87, 0.49479, 0.90104, 4.428238E-01,0
49,87, 0.50521, 0.90104, 4.292260E-01,0
50,87, 0.51562, 0.90104, 4.163543E-01,0
51,87, 0.52604, 0.90104, 4.043377E-01,0
52,87, 0.53646, 0.90104, 3.931753E-01,0
53,87, 0.54688, 0.90104, 3.827708E-01,0
54,87, 0.55729, 0.90104, 3.729795E-01,0
55,87, 0.56771, 0.90104, 3.636589E-01,0
56,87, 0.57812, 0.90104, 3.546845E-01,0
57,87, 0.58854, 0.90104, 3.459496E-01,0
58,87, 0.59896, 0.90104, 3.373671E-01,0
59,87, 0.60938, 0.90104, 3.288738E-01,0
60,87, 0.61979, 0.90104, 3.204292E-01,0
61,87, 0.63021, 0.90104, 3.120096E-01,0
62,87, 0.64062, 0.90104, 3.036012E-01,0
63,87, 0.65104, 0.90104, 2.952048E-01,0
64,87, 0.66146, 0.90104, 2.868554E-01,0
65,87, 0.67188, 0.90104, 2.786357E-01,0
66,87, 0.68229, 0.90104, 2.746079E-01,1
67,87, 0.69271, 0.90104, 2.719991E-01,0
68,87, 0.70312, 0.90104, 2.666246E-01,0
69,87, 0.71354, 0.90104, 2.608846E-01,0
70,87, 0.72396, 0.90104, 2.547980E-01,0
71,87, 0.73438, 0.90104, 2.484510E-01,0
72,87, 0.74479, 0.90104, 2.419393E-01,0
73,87, 0.75521, 0.90104, 2.353548E-01,0
74,87, 0.76562, 0.90104, 2.287864E-01,0
75,87, 0.77604, 0.90104, 2.223233E-01,0
76,87, 0.78646, 0.90104, 2.160608E-01,0
77,87, 0.79688, 0.90104, 2.101037E-01,0
78,87, 0.80729, 0.90104, 2.045315E-01,0
79,87, 0.81771, 0.90104, 2.017091E-01,1
80,87, 0.82812, 0.90104, 1.974421E-01,0
81,87, 0.83854, 0.90104, 1.886035E-01,0
82,87, 0.84896, 0.90104, 1.793873E-01,0
83,87, 0.85938, 0.90104, 1.698889E-01,0
84,87, 0.86979, 0.90104, 1.601503E-01,0
85,87, 0.88021, 0.90104, 1.501848E-01,0
86,87, 0.89062, 0.90104, 1.399921E-01,0
87,87, 0.90104, 0.90104, 1.295721E-01,0
88,87, 0.91146, 0.90104, 1.188991E-01,0
89,87, 0.92188, 0.90104, 1.078924E-01,0
90,87, 0.93229, 0.90104, 9.641396E-02,0
91,87, 0.94271, 0.90104, 8.429180E-02,0
92,87, 0.95312, 0.90104, 7.133659E-02,0
93,87, 0.96354, 0.90104, 5.734670E-02,0
94,87, 0.97396, 0.90104, 4.216437E-02,0
95,87, 0.98438, 0.90104, 2.584170E-02,0
96,87, 0.99479, 0.90104, 8.699128E-03,0
1,88, 0.00521, 0.91146, 9.953496E-01,0
2,88, 0.01562, 0.91146, 9.860637E-01,0
3,88, 0.02604, 0.91146, 9.768292E-01,0
4,88, 0.03646, 0.91146, 9.676696E-01,0
5,88, 0.04688, 0.91146, 9.585491E-01,0
6,88, 0.05729, 0.91146, 9.493700E-01,0
7,88, 0.06771, 0.91146, 9.400808E-01,0
8,88, 0.07812, 0.91146, 9.306709E-01,0
9,88, 0.08854, 0.91146, 9.210264E-01,0
10,88, 0.09896, 0.91146, 9.133433E-01,1
11,88, 0.10938, 0.91146, 9.053190E-01,0
12,88, 0.11979, 0.91146, 8.947661E-01,0
13,88, 0.13021, 0.91146, 8.839558E-01,0
14,88, 0.14062, 0.91146, 8.729726E-01,0
15,88, 0.15104, 0.91146, 8.617610E-01,0
16,88, 0.16146, 0.91146, 8.503288E-01,0
17,88, 0.17188, 0.91146, 8.387031E-01,0
18,88, 0.18229, 0.91146, 8.269099E-01,0
19,88, 0.19271, 0.91146, 8.149698E-01,0
20,88, 0.20312, 0.91146, 8.028991E-01,0
21,88, 0.21354, 0.91146, 7.907115E-01,0
22,88, 0.22396, 0.91146, 7.784194E-01,0
23,88, 0.23438, 0.91146, 7.660352E-01,0
24,88, 0.24479, 0.91146, 7.535708E-01,0
25,88, 0.25521, 0.91146, 7.410380E-01,0
26,88, 0.26562, 0.91146, 7.284478E-01,0
27,88, 0.27604, 0.91146, 7.158096E-01,0
28,88, 0.28646, 0.91146, 7.031307E-01,0
29,88, 0.29688, 0.91146, 6.904151E-01,0
30,88, 0.30729, 0.91146, 6.776634E-01,0
31,88, 0.31771, 0.91146, 6.648725E-01,0
32,88, 0.32812, 0.91146, 6.520369E-01,0
33,88, 0.33854, 0.91146, 6.391520E-01,0
34,88, 0.34896, 0.91146, 6.262205E-01,0
35,88, 0.35938, 0.91146, 6.132570E-01,0
36,88, 0.36979, 0.91146, 6.002922E-01,0
37,88, 0.38021, 0.91146, 5.874256E-01,0
38,88, 0.39062, 0.91146, 5.752000E-01,0
39,88, 0.40104, 0.91146, 5.640707E-01,0
40,88, 0.41146, 0.91146, 5.529345E-01,0
41,88, 0.42188, 0.91146, 5.403478E-01,0
42,88, 0.43229, 0.91146, 5.273933E-01,0
43,88, 0.44271, 0.91146, 5.142943E-01,0
44,88, 0.45312, 0.91146, 5.011510E-01,0
45,88, 0.46354, 0.91146, 4.879362E-01,0
46,88, 0.47396, 0.91146, 4.745824E-01,0
47,88, 0.48438, 0.91146, 4.611515E-01,0
48,88, 0.49479, 0.91146, 4.478451E-01,0
49,88, 0.50521, 0.91146, 4.348825E-01,0
50,88, 0.51562, 0.91146, 4.224230E-01,0
51,88, 0.52604, 0.91146, 4.105615E-01,0
52,88, 0.53646, 0.91146, 3.993221E-01,0
53,88, 0.54688, 0.91146, 3.886713E-01,0
54,88, 0.55729, 0.91146, 3.785408E-01,0
55,88, 0.56771, 0.91146, 3.688498E-01,0
56,88, 0.57812, 0.91146, 3.595170E-01,0
57,88, 0.58854, 0.91146, 3.504646E-01,0
58,88, 0.59896, 0.91146, 3.416208E-01,0
59,88, 0.60938, 0.91146, 3.329221E-01,0
60,88, 0.61979, 0.91146, 3.243119E-01,0
61,88, 0.63021, 0.91146, 3.157356E-01,0
62,88, 0.64062, 0.91146, 3.071303E-01,0
63,88, 0.65104, 0.91146, 2.984080E-01,0
64,88, 0.66146, 0.91146, 2.894065E-01,0
65,88, 0.67188, 0.91146, 2.797527E-01,0
66,88, 0.68229, 0.91146, 2.742670E-01,1
67,88, 0.69271, 0.91146, 2.719078E-01,0
68,88, 0.70312, 0.91146, 2.667797E-01,0
69,88, 0.71354, 0.91146, 2.610980E-01,0
70,88, 0.72396, 0.91146, 2.549694E-01,0
71,88, 0.73438, 0.91146, 2.485353E-01,0
72,88, 0.74479, 0.91146, 2.419203E-01,0
73,88, 0.75521, 0.91146, 2.352322E-01,0
74,88, 0.76562, 0.91146, 2.285717E-01,0
75,88, 0.77604, 0.91146, 2.220437E-01,0
76,88, 0.78646, 0.91146, 2.157682E-01,0
77,88, 0.79688, 0.91146, 2.098809E-01,0
78,88, 0.80729, 0.91146, 2.044673E-01,0
79,88, 0.81771, 0.91146, 2.018616E-01,1
80,88, 0.82812, 0.91146, 1.964454E-01,0
81,88, 0.83854, 0.91146, 1.861855E-01,0
82,88, 0.84896, 0.91146, 1.762948E-01,0
83,88, 0.85938, 0.91146, 1.665141E-01,0
84,88, 0.86979, 0.91146, 1.566835E-01,0
85,88, 0.88021, 0.91146, 1.467096E-01,0
86,88, 0.89062, 0.91146, 1.365304E-01,0
87,88, 0.90104, 0.91146, 1.260946E-01,0
88,88, 0.91146, 0.91146, 1.153424E-01,0
89,88, 0.92188, 0.91146, 1.041937E-01,0
90,88, 0.93229, 0.91146, 9.254764E-02,0
91,88, 0.94271, 0.91146, 8.029560E-02,0
92,88, 0.95312, 0.91146, 6.733549E-02,0
93,88, 0.96354, 0.91146, 5.358767E-02,0
94,88, 0.97396, 0.91146, 3.902896E-02,0
95,88, 0.98438, 0.91146, 2.374964E-02,0
96,88, 0.99479, 0.91146, 7.972915E-03,0
1,89, 0.00521, 0.92188, 9.953412E-01,0
2,89, 0.01562, 0.92188, 9.860306E-01,0
3,89, 0.02604, 0.92188, 9.767405E-01,0
4,89, 0.03646, 0.92188, 9.674738E-01,0
5,89, 0.04688, 0.92188, 9.582099E-01,0
6,89, 0.05729, 0.92188, 9.489097E-01,0
7,89, 0.06771, 0.92188, 9.395488E-01,0
8,89, 0.07812, 0.92188, 9.301253E-01,0
9,89, 0.08854, 0.92188, 9.206222E-01,0
10,89, 0.09896, 0.92188, 9.109156E-01,0
11,89, 0.10938, 0.92188, 9.031009E-01,1
12,89, 0.11979, 0.92188, 8.950086E-01,0
13,89, 0.13021, 0.92188, 8.836599E-01,0
14,89, 0.14062, 0.92188, 8.726553E-01,0
15,89, 0.15104, 0.92188, 8.614447E-01,0
16,89, 0.16146, 0.92188, 8.500074E-01,0
17,89, 0.17188, 0.92188, 8.383795E-01,0
18,89, 0.18229, 0.92188, 8.265917E-01,0
19,89, 0.19271, 0.92188, 8.146662E-01,0
20,89, 0.20312, 0.92188, 8.026195E-01,0
21,89, 0.21354, 0.92188, 7.904648E-01,0
22,89, 0.22396, 0.92188, 7.782137E-01,0
23,89, 0.23438, 0.92188, 7.658770E-01,0
24,89, 0.24479, 0.92188, 7.534654E-01,0
25,89, 0.25521, 0.92188, 7.409891E-01,0
26,89, 0.26562, 0.92188, 7.284576E-01,0
27,89, 0.27604, 0.92188, 7.158792E-01,0
28,89, 0.28646, 0.92188, 7.032603E-01,0
29,89, 0.29688, 0.92188, 6.906045E-01,0
30,89, 0.30729, 0.92188, 6.779120E-01,0
31,89, 0.31771, 0.92188, 6.651793E-01,0
32,89, 0.32812, 0.92188, 6.524003E-01,0
33,89, 0.33854, 0.92188, 6.395707E-01,0
34,89, 0.34896, 0.92188, 6.266977E-01,0
35,89, 0.35938, 0.92188, 6.138210E-01,0
36,89, 0.36979, 0.92188, 6.010683E-01,0
37,89, 0.38021, 0.92188, 5.893135E-01,0
38,89, 0.39062, 0.92188, 5.778613E-01,0
39,89, 0.40104, 0.92188, 5.664326E-01,0
40,89, 0.41146, 0.92188, 5.543964E-01,0
41,89, 0.42188, 0.92188, 5.419176E-01,0
42,89, 0.43229, 0.92188, 5.292212E-01,0
43,89, 0.44271, 0.92188, 5.164066E-01,0
44,89, 0.45312, 0.92188, 5.035283E-01,0
45,89, 0.46354, 0.92188, 4.906013E-01,0
46,89, 0.47396, 0.92188, 4.776359E-01,0
47,89, 0.48438, 0.92188, 4.646926E-01,0
48,89, 0.49479, 0.92188, 4.518875E-01,0
49,89, 0.50521, 0.92188, 4.393504E-01,0
50,89, 0.51562, 0.92188, 4.271884E-01,0
51,89, 0.52604, 0.92188, 4.154732E-01,0
52,89, 0.53646, 0.92188, 4.042369E-01,0
53,89, 0.54688, 0.92188, 3.934763E-01,0
54,89, 0.55729, 0.92188, 3.831635E-01,0
55,89, 0.56771, 0.92188, 3.732559E-01,0
56,89, 0.57812, 0.92188, 3.637039E-01,0
57,89, 0.58854, 0.92188, 3.544539E-01,0
58,89, 0.59896, 0.92188, 3.454508E-01,0
59,89, 0.60938, 0.92188, 3.366384E-01,0
60,89, 0.61979, 0.92188, 3.279573E-01,0
61,89, 0.63021, 0.92188, 3.193368E-01,0
62,89, 0.64062, 0.92188, 3.106816E-01,0
63,89, 0.65104, 0.92188, 3.018431E-01,0
64,89, 0.66146, 0.92188, 2.925369E-01,0
65,89, 0.67188, 0.92188, 2.819033E-01,0
66,89, 0.68229, 0.92188, 2.737876E-01,1
67,89, 0.69271, 0.92188, 2.720908E-01,0
68,89, 0.70312, 0.92188, 2.673542E-01,0
69,89, 0.71354, 0.92188, 2.616572E-01,0
70,89, 0.72396, 0.92188, 2.553846E-01,0
71,89, 0.73438, 0.92188, 2.487739E-01,0
72,89, 0.74479, 0.92188, 2.419794E-01,0
73,89, 0.75521, 0.92188, 2.351175E-01,0
74,89, 0.76562, 0.92188, 2.282928E-01,0
75,89, 0.77604, 0.92188, 2.216195E-01,0
76,89, 0.78646, 0.92188, 2.152435E-01,0
77,89, 0.79688, 0.92188, 2.093652E-01,0
78,89, 0.80729, 0.92188, 2.042254E-01,0
79,89, 0.81771, 0.92188, 2.020382E-01,1
80,89, 0.82812, 0.92188, 1.950752E-01,0
81,89, 0.83854, 0.92188, 1.835799E-01,0
82,89, 0.84896, 0.92188, 1.732292E-01,0
83,89, 0.85938, 0.92188, 1.632960E-01,0
84,89, 0.86979, 0.92188, 1.534440E-01,0
85,89, 0.88021, 0.92188, 1.434965E-01,0
86,89, 0.89062, 0.92188, 1.333468E-01,0
87,89, 0.90104, 0.92188, 1.229179E-01,0
88,89, 0.91146, 0.92188, 1.121426E-01,0
89,89, 0.92188, 0.92188, 1.009525E-01,0
90,89, 0.93229, 0.92188, 8.927845E-02,0
91,89, 0.94271, 0.92188, 7.705732E-02,0
92,89, 0.95312, 0.92188, 6.424228E-02,0
93,89, 0.96354, 0.92188, 5.081521E-02,0
94,89, 0.97396, 0.92188, 3.680388E-02,0
95,89, 0.98438, 0.92188, 2.230177E-02,0
96,89, 0.99479, 0.92188, 7.471784E-03,0
1,90, 0.00521, 0.93229, 9.953195E-01,0
2,90, 0.01562, 0.93229, 9.859603E-01,0
3,90, 0.02604, 0.93229, 9.766056E-01,0
4,90, 0.03646, 0.93229, 9.672517E-01,0
5,90, 0.04688, 0.93229, 9.578852E-01,0
6,90, 0.05729, 0.93229, 9.484855E-01,0
7,90, 0.06771, 0.93229, 9.390362E-01,0
8,90, 0.07812, 0.93229, 9.295262E-01,0
9,90, 0.08854, 0.93229, 9.199372E-01,0
10,90, 0.09896, 0.93229, 9.102821E-01,0
11,90, 0.10938, 0.93229, 9.014411E-01,0
12,90, 0.11979, 0.93229, 8.928207E-01,0
13,90, 0.13021, 0.93229, 8.829937E-01,0
14,90, 0.14062, 0.93229, 8.722955E-01,0
15,90, 0.15104, 0.93229, 8.611283E-01,0
16,90, 0.16146, 0.93229, 8.496943E-01,0
17,90, 0.17188, 0.93229, 8.380704E-01,0
18,90, 0.18229, 0.93229, 8.262934E-01,0
19,90, 0.19271, 0.93229, 8.143861E-01,0
20,90, 0.20312, 0.93229, 8.023651E-01,0
21,90, 0.21354, 0.93229, 7.902431E-01,0
22,90, 0.22396, 0.93229, 7.780314E-01,0
23,90, 0.23438, 0.93229, 7.657398E-01,0
24,90, 0.24479, 0.93229, 7.533781E-01,0
25,90, 0.25521, 0.93229, 7.409556E-01,0
26,90, 0.26562, 0.93229, 7.284810E-01,0
27,90, 0.27604, 0.93229, 7.159622E-01,0
28,90, 0.28646, 0.93229, 7.034057E-01,0
29,90, 0.29688, 0.93229, 6.908156E-01,0
30,90, 0.30729, 0.93229, 6.781929E-01,0
31,90, 0.31771, 0.93229, 6.655348E-01,0
32,90, 0.32812, 0.93229, 6.528341E-01,0
33,90, 0.33854, 0.93229, 6.400812E-01,0
34,90, 0.34896, 0.93229, 6.272724E-01,0
35,90, 0.35938, 0.93229, 6.144000E-01,0
36,90, 0.36979, 0.93229, 6.010536E-01,0
37,90, 0.38021, 0.93229, 5.912420E-01,1
38,90, 0.39062, 0.93229, 5.814896E-01,0
39,90, 0.40104, 0.93229, 5.683449E-01,0
40,90, 0.41146, 0.93229, 5.558957E-01,0
41,90, 0.42188, 0.93229, 5.434271E-01,0
42,90, 0.43229, 0.93229, 5.308720E-01,0
43,90, 0.44271, 0.93229, 5.182479E-01,0
44,90, 0.45312, 0.93229, 5.055822E-01,0
45,90, 0.46354, 0.93229, 4.928986E-01,0
46,90, 0.47396, 0.93229, 4.802268E-01,0
47,90, 0.48438, 0.93229, 4.676190E-01,0
48,90, 0.49479, 0.93229, 4.551519E-01,0
49,90, 0.50521, 0.93229, 4.429096E-01,0
50,90, 0.51562, 0.93229, 4.309673E-01,0
51,90, 0.52604, 0.93229, 4.193811E-01,0
52,90, 0.53646, 0.93229, 4.081844E-01,0
53,90, 0.54688, 0.93229, 3.973892E-01,0
54,90, 0.55729, 0.93229, 3.869898E-01,0
55,90, 0.56771, 0.93229, 3.769684E-01,0
56,90, 0.57812, 0.93229, 3.672985E-01,0
57,90, 0.58854, 0.93229, 3.579477E-01,0
58,90, 0.59896, 0.93229, 3.488797E-01,0
59,90, 0.60938, 0.93229, 3.400540E-01,0
60,90, 0.61979, 0.93229, 3.314231E-01,0
61,90, 0.63021, 0.93229, 3.229224E-01,0
62,90, 0.64062, 0.93229, 3.144515E-01,0
63,90, 0.65104, 0.93229, 3.058518E-01,0
64,90, 0.66146, 0.93229, 2.969604E-01,0
65,90, 0.67188, 0.93229, 2.881159E-01,0
66,90, 0.68229, 0.93229, 2.728757E-01,1
67,90, 0.69271, 0.93229, 2.732334E-01,0
68,90, 0.70312, 0.93229, 2.687174E-01,0
69,90, 0.71354, 0.93229, 2.627059E-01,0
70,90, 0.72396, 0.93229, 2.560925E-01,0
71,90, 0.73438, 0.93229, 2.491789E-01,0
72,90, 0.74479, 0.93229, 2.421139E-01,0
73,90, 0.75521, 0.93229, 2.349982E-01,0
74,90, 0.76562, 0.93229, 2.279218E-01,0
75,90, 0.77604, 0.93229, 2.209879E-01,0
76,90, 0.78646, 0.93229, 2.143458E-01,0
77,90, 0.79688, 0.93229, 2.082642E-01,0
78,90, 0.80729, 0.93229, 2.033481E-01,0
79,90, 0.81771, 0.93229, 2.023032E-01,1
80,90, 0.82812, 0.93229, 1.919279E-01,0
81,90, 0.83854, 0.93229, 1.800491E-01,0
82,90, 0.84896, 0.93229, 1.698102E-01,0
83,90, 0.85938, 0.93229, 1.600255E-01,0
84,90, 0.86979, 0.93229, 1.503208E-01,0
85,90, 0.88021, 0.93229, 1.404998E-01,0
86,90, 0.89062, 0.93229, 1.304446E-01,0
87,90, 0.90104, 0.93229, 1.200777E-01,0
88,90, 0.91146, 0.93229, 1.093405E-01,0
89,90, 0.92188, 0.93229, 9.818349E-02,0
90,90, 0.93229, 0.93229, 8.656443E-02,0
91,90, 0.94271, 0.93229, 7.445270E-02,0
92,90, 0.95312, 0.93229, 6.183575E-02,0
93,90, 0.96354, 0.93229, 4.872670E-02,0
94,90, 0.97396, 0.93229, 3.517236E-02,0
95,90, 0.98438, 0.93229, 2.125948E-02,0
96,90, 0.99479, 0.93229, 7.113366E-03,0
1,91, 0.00521, 0.94271, 9.952931E-01,0
2,91, 0.01562, 0.94271, 9.858785E-01,0
3,91, 0.02604, 0.94271, 9.764599E-01,0
4,91, 0.03646, 0.94271, 9.670314E-01,0
5,91, 0.04688, 0.94271, 9.575821E-01,0
6,91, 0.05729, 0.94271, 9.480982E-01,0
7,91, 0.06771, 0.94271, 9.385657E-01,0
8,91, 0.07812, 0.94271, 9.289720E-01,0
9,91, 0.08854, 0.94271, 9.193051E-01,0
10,91, 0.09896, 0.94271, 9.095796E-01,0
11,91, 0.10938, 0.94271, 8.999865E-01,0
12,91, 0.11979, 0.94271, 8.908037E-01,0
13,91, 0.13021, 0.94271, 8.818599E-01,0
14,91, 0.14062, 0.94271, 8.720209E-01,0
15,91, 0.15104, 0.94271, 8.608707E-01,0
16,91, 0.16146, 0.94271, 8.494215E-01,0
17,91, 0.17188, 0.94271, 8.377979E-01,0
18,91, 0.18229, 0.94271, 8.260308E-01,0
19,91, 0.19271, 0.94271, 8.141405E-01,0
20,91, 0.20312, 0.94271, 8.021430E-01,0
21,91, 0.21354, 0.94271, 7.900508E-01,0
22,91, 0.22396, 0.94271, 7.778747E-01,0
23,91, 0.23438, 0.94271, 7.656240E-01,0
24,91, 0.24479, 0.94271, 7.533077E-01,0
25,91, 0.25521, 0.94271, 7.409345E-01,0
26,91, 0.26562, 0.94271, 7.285129E-01,0
27,91, 0.27604, 0.94271, 7.160509E-01,0
28,91, 0.28646, 0.94271, 7.035558E-01,0
29,91, 0.29688, 0.94271, 6.910332E-01,0
30,91, 0.30729, 0.94271, 6.784864E-01,0
31,91, 0.31771, 0.94271, 6.659143E-01,0
32,91, 0.32812, 0.94271, 6.533087E-01,0
33,91, 0.33854, 0.94271, 6.406513E-01,0
34,91, 0.34896, 0.94271, 6.279245E-01,0
35,91, 0.35938, 0.94271, 6.152503E-01,0
36,91, 0.36979, 0.94271, 6.043375E-01,0
37,91, 0.38021, 0.94271, 5.934187E-01,0
38,91, 0.39062, 0.94271, 5.819625E-01,0
39,91, 0.40104, 0.94271, 5.696117E-01,0
40,91, 0.41146, 0.94271, 5.572122E-01,0
41,91, 0.42188, 0.94271, 5.447860E-01,0
42,91, 0.43229, 0.94271, 5.323237E-01,0
43,91, 0.44271, 0.94271, 5.198318E-01,0
44,91, 0.45312, 0.94271, 5.073269E-01,0
45,91, 0.46354, 0.94271, 4.948319E-01,0
46,91, 0.47396, 0.94271, 4.823773E-01,0
47,91, 0.48438, 0.94271, 4.700065E-01,0
48,91, 0.49479, 0.94271, 4.577749E-01,0
49,91, 0.50521, 0.94271, 4.457424E-01,0
50,91, 0.51562, 0.94271, 4.339649E-01,0
51,91, 0.52604, 0.94271, 4.224884E-01,0
52,91, 0.53646, 0.94271, 4.113456E-01,0
53,91, 0.54688, 0.94271, 4.005561E-01,0
54,91, 0.55729, 0.94271, 3.901280E-01,0
55,91, 0.56771, 0.94271, 3.800598E-01,0
56,91, 0.57812, 0.94271, 3.703433E-01,0
57,91, 0.58854, 0.94271, 3.609658E-01,0
58,91, 0.59896, 0.94271, 3.519125E-01,0
59,91, 0.60938, 0.94271, 3.431681E-01,0
60,91, 0.61979, 0.94271, 3.347166E-01,0
61,91, 0.63021, 0.94271, 3.265313E-01,0
62,91, 0.64062, 0.94271, 3.185375E-01,0
63,91, 0.65104, 0.94271, 3.105107E-01,0
64,91, 0.66146, 0.94271, 3.019368E-01,0
65,91, 0.67188, 0.94271, 2.973972E-01,1
66,91, 0.68229, 0.94271, 2.851110E-01,0
67,91, 0.69271, 0.94271, 2.780655E-01,0
68,91, 0.70312, 0.94271, 2.712941E-01,0
69,91, 0.71354, 0.94271, 2.642858E-01,0
70,91, 0.72396, 0.94271, 2.570734E-01,0
71,91, 0.73438, 0.94271, 2.497279E-01,0
72,91, 0.74479, 0.94271, 2.423091E-01,0
73,91, 0.75521, 0.94271, 2.348687E-01,0
74,91, 0.76562, 0.94271, 2.274576E-01,0
75,91, 0.77604, 0.94271, 2.201357E-01,0
76,91, 0.78646, 0.94271, 2.129844E-01,0
77,91, 0.79688, 0.94271, 2.061299E-01,0
78,91, 0.80729, 0.94271, 1.997856E-01,0
79,91, 0.81771, 0.94271, 1.943733E-01,0
80,91, 0.82812, 0.94271, 1.823187E-01,0
81,91, 0.83854, 0.94271, 1.750758E-01,0
82,91, 0.84896, 0.94271, 1.658970E-01,0
83,91, 0.85938, 0.94271, 1.566243E-01,0
84,91, 0.86979, 0.94271, 1.472769E-01,0
85,91, 0.88021, 0.94271, 1.377108E-01,0
86,91, 0.89062, 0.94271, 1.278321E-01,0
87,91, 0.90104, 0.94271, 1.175869E-01,0
88,91, 0.91146, 0.94271, 1.069399E-01,0
89,91, 0.92188, 0.94271, 9.586545E-02,0
90,91, 0.93229, 0.94271, 8.434600E-02,0
91,91, 0.94271, 0.94271, 7.237523E-02,0
92,91, 0.95312, 0.94271, 5.996261E-02,0
93,91, 0.96354, 0.94271, 4.713789E-02,0
94,91, 0.97396, 0.94271, 3.395469E-02,0
95,91, 0.98438, 0.94271, 2.049190E-02,0
96,91, 0.99479, 0.94271, 6.851002E-03,0
1,92, 0.00521, 0.95312, 9.952670E-01,0
2,92, 0.01562, 0.95312, 9.857985E-01,0
3,92, 0.02604, 0.95312, 9.763217E-01,0
4,92, 0.03646, 0.95312, 9.668293E-01,0
5,92, 0.04688, 0.95312, 9.573113E-01,0
6,92, 0.05729, 0.95312, 9.477559E-01,0
7,92, 0.06771, 0.95312, 9.381500E-01,0
8,92, 0.07812, 0.95312, 9.284793E-01,0
9,92, 0.08854, 0.95312, 9.187265E-01,0
10,92, 0.09896, 0.95312, 9.088678E-01,0
11,92, 0.10938, 0.95312, 8.988417E-01,0
12,92, 0.11979, 0.95312, 8.882097E-01,0
13,92, 0.13021, 0.95312, 8.809291E-01,1
14,92, 0.14062, 0.95312, 8.727518E-01,0
15,92, 0.15104, 0.95312, 8.607805E-01,0
16,92, 0.16146, 0.95312, 8.492255E-01,0
17,92, 0.17188, 0.95312, 8.375878E-01,0
18,92, 0.18229, 0.95312, 8.258222E-01,0
19,92, 0.19271, 0.95312, 8.139413E-01,0
20,92, 0.20312, 0.95312, 8.019605E-01,0
21,92, 0.21354, 0.95312, 7.898920E-01,0
22,92, 0.22396, 0.95312, 7.777455E-01,0
23,92, 0.23438, 0.95312, 7.655297E-01,0
24,92, 0.24479, 0.95312, 7.532526E-01,0
25,92, 0.25521, 0.95312, 7.409226E-01,0
26,92, 0.26562, 0.95312, 7.285480E-01,0
27,92, 0.27604, 0.95312, 7.161373E-01,0
28,92, 0.28646, 0.95312, 7.036989E-01,0
29,92, 0.29688, 0.95312, 6.912408E-01,0
30,92, 0.30729, 0.95312, 6.787698E-01,0
31,92, 0.31771, 0.95312, 6.662894E-01,0
32,92, 0.32812, 0.95312, 6.537940E-01,0
33,92, 0.33854, 0.95312, 6.412565E-01,0
34,92, 0.34896, 0.95312, 6.285888E-01,0
35,92, 0.35938, 0.95312, 6.153040E-01,0
36,92, 0.36979, 0.95312, 6.058171E-01,1
37,92, 0.38021, 0.95312, 5.968118E-01,0
38,92, 0.39062, 0.95312, 5.834319E-01,0
39,92, 0.40104, 0.95312, 5.708181E-01,0
40,92, 0.41146, 0.95312, 5.583698E-01,0
41,92, 0.42188, 0.95312, 5.459607E-01,0
42,92, 0.43229, 0.95312, 5.335581E-01,0
43,92, 0.44271, 0.95312, 5.211581E-01,0
44,92, 0.45312, 0.95312, 5.087708E-01,0
45,92, 0.46354, 0.95312, 4.964152E-01,0
46,92, 0.47396, 0.95312, 4.841185E-01,0
47,92, 0.48438, 0.95312, 4.719165E-01,0
48,92, 0.49479, 0.95312, 4.598518E-01,0
49,92, 0.50521, 0.95312, 4.479705E-01,0
50,92, 0.51562, 0.95312, 4.363171E-01,0
51,92, 0.52604, 0.95312, 4.249310E-01,0
52,92, 0.53646, 0.95312, 4.138441E-01,0
53,92, 0.54688, 0.95312, 4.030803E-01,0
54,92, 0.55729, 0.95312, 3.926564E-01,0
55,92, 0.56771, 0.95312, 3.825828E-01,0
56,92, 0.57812, 0.95312, 3.728662E-01,0
57,92, 0.58854, 0.95312, 3.635122E-01,0
58,92, 0.59896, 0.95312, 3.545296E-01,0
59,92, 0.60938, 0.95312, 3.459376E-01,0
60,92, 0.61979, 0.95312, 3.377745E-01,0
61,92, 0.63021, 0.95312, 3.301045E-01,0
62,92, 0.64062, 0.95312, 3.229819E-01,0
63,92, 0.65104, 0.95312, 3.161834E-01,0
64,92, 0.66146, 0.95312, 3.078690E-01,0
65,92, 0.67188, 0.95312, 2.984075E-01,1
66,92, 0.68229, 0.95312, 2.922058E-01,0
67,92, 0.69271, 0.95312, 2.825935E-01,0
68,92, 0.70312, 0.95312, 2.741244E-01,0
69,92, 0.71354, 0.95312, 2.660802E-01,0
70,92, 0.72396, 0.95312, 2.581894E-01,0
71,92, 0.73438, 0.95312, 2.503532E-01,0
72,92, 0.74479, 0.95312, 2.425379E-01,0
73,92, 0.75521, 0.95312, 2.347343E-01,0
74,92, 0.76562, 0.95312, 2.269416E-01,0
75,92, 0.77604, 0.95312, 2.191587E-01,0
76,92, 0.78646, 0.95312, 2.113687E-01,0
77,92, 0.79688, 0.95312, 2.034902E-01,0
78,92, 0.80729, 0.95312, 1.951948E-01,0
79,92, 0.81771, 0.95312, 1.852000E-01,0
80,92, 0.82812, 0.95312, 1.768733E-01,1
81,92, 0.83854, 0.95312, 1.712534E-01,0
82,92, 0.84896, 0.95312, 1.618901E-01,0
83,92, 0.85938, 0.95312, 1.531877E-01,0
84,92, 0.86979, 0.95312, 1.443662E-01,0
85,92, 0.88021, 0.95312, 1.351699E-01,0
86,92, 0.89062, 0.95312, 1.255371E-01,0
87,92, 0.90104, 0.95312, 1.154588E-01,0
88,92, 0.91146, 0.95312, 1.049358E-01,0
89,92, 0.92188, 0.95312, 9.397054E-02,0
90,92, 0.93229, 0.95312, 8.256853E-02,0
91,92, 0.94271, 0.95312, 7.074268E-02,0
92,92, 0.95312, 0.95312, 5.851754E-02,0
93,92, 0.96354, 0.95312, 4.593248E-02,0
94,92, 0.97396, 0.95312, 3.304351E-02,0
95,92, 0.98438, 0.95312, 1.992304E-02,0
96,92, 0.99479, 0.95312, 6.657491E-03,0
1,93, 0.00521, 0.96354, 9.952439E-01,0
2,93, 0.01562, 0.96354, 9.857283E-01,0
3,93, 0.02604, 0.96354, 9.762019E-01,0
4,93, 0.03646, 0.96354, 9.666567E-01,0
5,93, 0.04688, 0.96354, 9.570829E-01,0
6,93, 0.05729, 0.96354, 9.474692E-01,0
7,93, 0.06771, 0.96354, 9.378030E-01,0
8,93, 0.07812, 0.96354, 9.280694E-01,0
9,93, 0.08854, 0.96354, 9.182506E-01,0
10,93, 0.09896, 0.96354, 9.083248E-01,0
11,93, 0.10938, 0.96354, 8.982745E-01,0
12,93, 0.11979, 0.96354, 8.881930E-01,0
13,93, 0.13021, 0.96354, 8.794153E-01,0
14,93, 0.14062, 0.96354, 8.704840E-01,0
15,93, 0.15104, 0.96354, 8.604448E-01,0
16,93, 0.16146, 0.96354, 8.490992E-01,0
17,93, 0.17188, 0.96354, 8.374651E-01,0
18,93, 0.18229, 0.96354, 8.256853E-01,0
19,93, 0.19271, 0.96354, 8.137986E-01,0
20,93, 0.20312, 0.96354, 8.018233E-01,0
21,93, 0.21354, 0.96354, 7.897695E-01,0
22,93, 0.22396, 0.96354, 7.776450E-01,0
23,93, 0.23438, 0.96354, 7.654566E-01,0
24,93, 0.24479, 0.96354, 7.532114E-01,0
25,93, 0.25521, 0.96354, 7.409169E-01,0
26,93, 0.26562, 0.96354, 7.285814E-01,0
27,93, 0.27604, 0.96354, 7.162138E-01,0
28,93, 0.28646, 0.96354, 7.038237E-01,0
29,93, 0.29688, 0.96354, 6.914217E-01,0
30,93, 0.30729, 0.96354, 6.790189E-01,0
31,93, 0.31771, 0.96354, 6.666267E-01,0
32,93, 0.32812, 0.96354, 6.542513E-01,0
33,93, 0.33854, 0.96354, 6.418853E-01,0
34,93, 0.34896, 0.96354, 6.295849E-01,0
35,93, 0.35938, 0.96354, 6.189121E-01,0
36,93, 0.36979, 0.96354, 6.080177E-01,0
37,93, 0.38021, 0.96354, 5.967586E-01,0
38,93, 0.39062, 0.96354, 5.842640E-01,0
39,93, 0.40104, 0.96354, 5.717516E-01,0
40,93, 0.41146, 0.96354, 5.593117E-01,0
41,93, 0.42188, 0.96354, 5.469203E-01,0
42,93, 0.43229, 0.96354, 5.345588E-01,0
43,93, 0.44271, 0.96354, 5.222228E-01,0
44,93, 0.45312, 0.96354, 5.099191E-01,0
45,93, 0.46354, 0.96354, 4.976634E-01,0
46,93, 0.47396, 0.96354, 4.854789E-01,0
47,93, 0.48438, 0.96354, 4.733957E-01,0
48,93, 0.49479, 0.96354, 4.614488E-01,0
49,93, 0.50521, 0.96354, 4.496759E-01,0
50,93, 0.51562, 0.96354, 4.381147E-01,0
51,93, 0.52604, 0.96354, 4.268005E-01,0
52,93, 0.53646, 0.96354, 4.157643E-01,0
53,93, 0.54688, 0.96354, 4.050331E-01,0
54,93, 0.55729, 0.96354, 3.946294E-01,0
55,93, 0.56771, 0.96354, 3.845726E-01,0
56,93, 0.57812, 0.96354, 3.748810E-01,0
57,93, 0.58854, 0.96354, 3.655761E-01,0
58,93, 0.59896, 0.96354, 3.566893E-01,0
59,93, 0.60938, 0.96354, 3.482755E-01,0
60,93, 0.61979, 0.96354, 3.404394E-01,0
61,93, 0.63021, 0.96354, 3.333899E-01,0
62,93, 0.64062, 0.96354, 3.275401E-01,0
63,93, 0.65104, 0.96354, 3.236100E-01,0
64,93, 0.66146, 0.96354, 3.220832E-01,0
65,93, 0.67188, 0.96354, 3.057843E-01,0
66,93, 0.68229, 0.96354, 2.964528E-01,0
67,93, 0.69271, 0.96354, 2.861566E-01,0
68,93, 0.70312, 0.96354, 2.766510E-01,0
69,93, 0.71354, 0.96354, 2.677771E-01,0
70,93, 0.72396, 0.96354, 2.592722E-01,0
71,93, 0.73438, 0.96354, 2.509682E-01,0
72,93, 0.74479, 0.96354, 2.427674E-01,0
73,93, 0.75521, 0.96354, 2.346080E-01,0
74,93, 0.76562, 0.96354, 2.264411E-01,0
75,93, 0.77604, 0.96354, 2.182126E-01,0
76,93, 0.78646, 0.96354, 2.098402E-01,0
77,93, 0.79688, 0.96354, 2.011754E-01,0
78,93, 0.80729, 0.96354, 1.919411E-01,0
79,93, 0.81771, 0.96354, 1.817159E-01,0
80,93, 0.82812, 0.96354, 1.761084E-01,1
81,93, 0.83854, 0.96354, 1.663486E-01,0
82,93, 0.84896, 0.96354, 1.574650E-01,0
83,93, 0.85938, 0.96354, 1.498168E-01,0
84,93, 0.86979, 0.96354, 1.417177E-01,0
85,93, 0.88021, 0.96354, 1.329658E-01,0
86,93, 0.89062, 0.96354, 1.236103E-01,0
87,93, 0.90104, 0.96354, 1.137153E-01,0
88,93, 0.91146, 0.96354, 1.033267E-01,0
89,93, 0.92188, 0.96354, 9.247590E-02,0
90,93, 0.93229, 0.96354, 8.118927E-02,0
91,93, 0.94271, 0.96354, 6.949505E-02,0
92,93, 0.95312, 0.96354, 5.742855E-02,0
93,93, 0.96354, 0.96354, 4.503525E-02,0
94,93, 0.97396, 0.96354, 3.237204E-02,0
95,93, 0.98438, 0.96354, 1.950679E-02,0
96,93, 0.99479, 0.96354, 6.516392E-03,0
1,94, 0.00521, 0.97396, 9.952254E-01,0
2,94, 0.01562, 0.97396, 9.856724E-01,0
3,94, 0.02604, 0.97396, 9.761072E-01,0
4,94, 0.03646, 0.97396, 9.665213E-01,0
5,94, 0.04688, 0.97396, 9.569050E-01,0
6,94, 0.05729, 0.97396, 9.472472E-01,0
7,94, 0.06771, 0.97396, 9.375354E-01,0
8,94, 0.07812, 0.97396, 9.277553E-01,0
9,94, 0.08854, 0.97396, 9.178901E-01,0
10,94, 0.09896, 0.97396, 9.079202E-01,0
11,94, 0.10938, 0.97396, 8.978249E-01,0
12,94, 0.11979, 0.97396, 8.875726E-01,0
13,94, 0.13021, 0.97396, 8.768846E-01,0
14,94, 0.14062, 0.97396, 8.694104E-01,1
15,94, 0.15104, 0.97396, 8.613740E-01,0
16,94, 0.16146, 0.97396, 8.492700E-01,0
17,94, 0.17188, 0.97396, 8.374798E-01,0
18,94, 0.18229, 0.97396, 8.256342E-01,0
19,94, 0.19271, 0.97396, 8.137169E-01,0
20,94, 0.20312, 0.97396, 8.017325E-01,0
21,94, 0.21354, 0.97396, 7.896837E-01,0
22,94, 0.22396, 0.97396, 7.775729E-01,0
23,94, 0.23438, 0.97396, 7.654040E-01,0
24,94, 0.24479, 0.97396, 7.531825E-01,0
25,94, 0.25521, 0.97396, 7.409149E-01,0
26,94, 0.26562, 0.97396, 7.286093E-01,0
27,94, 0.27604, 0.97396, 7.162746E-01,0
28,94, 0.28646, 0.97396, 7.039212E-01,0
29,94, 0.29688, 0.97396, 6.915612E-01,0
30,94, 0.30729, 0.97396, 6.792093E-01,0
31,94, 0.31771, 0.97396, 6.668847E-01,0
32,94, 0.32812, 0.97396, 6.546117E-01,0
33,94, 0.33854, 0.97396, 6.423762E-01,0
34,94, 0.34896, 0.97396, 6.295935E-01,0
35,94, 0.35938, 0.97396, 6.198246E-01,1
36,94, 0.36979, 0.97396, 6.110300E-01,0
37,94, 0.38021, 0.97396, 5.976997E-01,0
38,94, 0.39062, 0.97396, 5.849958E-01,0
39,94, 0.40104, 0.97396, 5.724651E-01,0
40,94, 0.41146, 0.97396, 5.600265E-01,0
41,94, 0.42188, 0.97396, 5.476485E-01,0
42,94, 0.43229, 0.97396, 5.353154E-01,0
43,94, 0.44271, 0.97396, 5.230228E-01,0
44,94, 0.45312, 0.97396, 5.107761E-01,0
45,94, 0.46354, 0.97396, 4.985886E-01,0
46,94, 0.47396, 0.97396, 4.864807E-01,0
47,94, 0.48438, 0.97396, 4.744784E-01,0
48,94, 0.49479, 0.97396, 4.626119E-01,0
49,94, 0.50521, 0.97396, 4.509140E-01,0
50,94, 0.51562, 0.97396, 4.394185E-01,0
51,94, 0.52604, 0.97396, 4.281579E-01,0
52,94, 0.53646, 0.97396, 4.171632E-01,0
53,94, 0.54688, 0.97396, 4.064629E-01,0
54,94, 0.55729, 0.97396, 3.960835E-01,0
55,94, 0.56771, 0.97396, 3.860508E-01,0
56,94, 0.57812, 0.97396, 3.763918E-01,0
57,94, 0.58854, 0.97396, 3.671396E-01,0
58,94, 0.59896, 0.97396, 3.583416E-01,0
59,94, 0.60938, 0.97396, 3.500762E-01,0
60,94, 0.61979, 0.97396, 3.424870E-01,0
61,94, 0.63021, 0.97396, 3.358623E-01,0
62,94, 0.64062, 0.97396, 3.308397E-01,0
63,94, 0.65104, 0.97396, 3.289872E-01,0
64,94, 0.66146, 0.97396, 3.318132E-01,1
65,94, 0.67188, 0.97396, 3.166657E-01,0
66,94, 0.68229, 0.97396, 3.010072E-01,0
67,94, 0.69271, 0.97396, 2.890556E-01,0
68,94, 0.70312, 0.97396, 2.786803E-01,0
69,94, 0.71354, 0.97396, 2.691758E-01,0
70,94, 0.72396, 0.97396, 2.601848E-01,0
71,94, 0.73438, 0.97396, 2.514944E-01,0
72,94, 0.74479, 0.97396, 2.429669E-01,0
73,94, 0.75521, 0.97396, 2.345032E-01,0
74,94, 0.76562, 0.97396, 2.260183E-01,0
75,94, 0.77604, 0.97396, 2.174211E-01,0
76,94, 0.78646, 0.97396, 2.085941E-01,0
77,94, 0.79688, 0.97396, 1.993741E-01,0
78,94, 0.80729, 0.97396, 1.895601E-01,0
79,94, 0.81771, 0.97396, 1.791100E-01,0
80,94, 0.82812, 0.97396, 1.693183E-01,0
81,94, 0.83854, 0.97396, 1.567609E-01,0
82,94, 0.84896, 0.97396, 1.528276E-01,0
83,94, 0.85938, 0.97396, 1.468989E-01,0
84,94, 0.86979, 0.97396, 1.395659E-01,0
85,94, 0.88021, 0.97396, 1.312237E-01,0
86,94, 0.89062, 0.97396, 1.221153E-01,0
87,94, 0.90104, 0.97396, 1.123840E-01,0
88,94, 0.91146, 0.97396, 1.021156E-01,0
89,94, 0.92188, 0.97396, 9.136600E-02,0
90,94, 0.93229, 0.97396, 8.017774E-02,0
91,94, 0.94271, 0.97396, 6.859050E-02,0
92,94, 0.95312, 0.97396, 5.664717E-02,0
93,94, 0.96354, 0.97396, 4.439722E-02,0
94,94, 0.97396, 0.97396, 3.189797E-02,0
95,94, 0.98438, 0.97396, 1.921438E-02,0
96,94, 0.99479, 0.97396, 6.417528E-03,0
1,95, 0.00521, 0.98438, 9.952126E-01,0
2,95, 0.01562, 0.98438, 9.856337E-01,0
3,95, 0.02604, 0.98438, 9.760420E-01,0
4,95, 0.03646, 0.98438, 9.664285E-01,0
5,95, 0.04688, 0.98438, 9.567835E-01,0
6,95, 0.05729, 0.98438, 9.470961E-01,0
7,95, 0.06771, 0.98438, 9.373542E-01,0
8,95, 0.07812, 0.98438, 9.275442E-01,0
9,95, 0.08854, 0.98438, 9.176512E-01,0
10,95, 0.09896, 0.98438, 9.076612E-01,0
11,95, 0.10938, 0.98438, 8.975670E-01,0
12,95, 0.11979, 0.98438, 8.873873E-01,0
13,95, 0.13021, 0.98438, 8.772651E-01,0
14,95, 0.14062, 0.98438, 8.684704E-01,0
15,95, 0.15104, 0.98438, 8.596812E-01,0
16,95, 0.16146, 0.98438, 8.493674E-01,0
17,95, 0.17188, 0.98438, 8.376002E-01,0
18,95, 0.18229, 0.98438, 8.256589E-01,0
19,95, 0.19271, 0.98438, 8.136882E-01,0
20,95, 0.20312, 0.98438, 8.016833E-01,0
21,95, 0.21354, 0.98438, 7.896315E-01,0
22,95, 0.22396, 0.98438, 7.775273E-01,0
23,95, 0.23438, 0.98438, 7.653704E-01,0
24,95, 0.24479, 0.98438, 7.531642E-01,0
25,95, 0.25521, 0.98438, 7.409146E-01,0
26,95, 0.26562, 0.98438, 7.286289E-01,0
27,95, 0.27604, 0.98438, 7.163159E-01,0
28,95, 0.28646, 0.98438, 7.039858E-01,0
29,95, 0.29688, 0.98438, 6.916503E-01,0
30,95, 0.30729, 0.98438, 6.793221E-01,0
31,95, 0.31771, 0.98438, 6.670172E-01,0
32,95, 0.32812, 0.98438, 6.547773E-01,0
33,95, 0.33854, 0.98438, 6.428649E-01,0
34,95, 0.34896, 0.98438, 6.332457E-01,0
35,95, 0.35938, 0.98438, 6.220455E-01,0
36,95, 0.36979, 0.98438, 6.106211E-01,0
37,95, 0.38021, 0.98438, 5.980390E-01,0
38,95, 0.39062, 0.98438, 5.854421E-01,0
39,95, 0.40104, 0.98438, 5.729329E-01,0
40,95, 0.41146, 0.98438, 5.605031E-01,0
41,95, 0.42188, 0.98438, 5.481363E-01,0
42,95, 0.43229, 0.98438, 5.358217E-01,0
43,95, 0.44271, 0.98438, 5.235564E-01,0
44,95, 0.45312, 0.98438, 5.113452E-01,0
45,95, 0.46354, 0.98438, 4.992003E-01,0
46,95, 0.47396, 0.98438, 4.871400E-01,0
47,95, 0.48438, 0.98438, 4.751879E-01,0
48,95, 0.49479, 0.98438, 4.633717E-01,0
49,95, 0.50521, 0.98438, 4.517213E-01,0
50,95, 0.51562, 0.98438, 4.402680E-01,0
51,95, 0.52604, 0.98438, 4.290432E-01,0
52,95, 0.53646, 0.98438, 4.180775E-01,0
53,95, 0.54688, 0.98438, 4.074007E-01,0
54,95, 0.55729, 0.98438, 3.970418E-01,0
55,95, 0.56771, 0.98438, 3.870303E-01,0
56,95, 0.57812, 0.98438, 3.773989E-01,0
57,95, 0.58854, 0.98438, 3.681875E-01,0
58,95, 0.59896, 0.98438, 3.594516E-01,0
59,95, 0.60938, 0.98438, 3.512768E-01,0
60,95, 0.61979, 0.98438, 3.438057E-01,0
61,95, 0.63021, 0.98438, 3.372950E-01,0
62,95, 0.64062, 0.98438, 3.322646E-01,0
63,95, 0.65104, 0.98438, 3.299740E-01,0
64,95, 0.66146, 0.98438, 3.318518E-01,1
65,95, 0.67188, 0.98438, 3.190077E-01,0
66,95, 0.68229, 0.98438, 3.032235E-01,0
67,95, 0.69271, 0.98438, 2.908356E-01,0
68,95, 0.70312, 0.98438, 2.800320E-01,0
69,95, 0.71354, 0.98438, 2.701461E-01,0
70,95, 0.72396, 0.98438, 2.608332E-01,0
71,95, 0.73438, 0.98438, 2.518736E-01,0
72,95, 0.74479, 0.98438, 2.431125E-01,0
73,95, 0.75521, 0.98438, 2.344293E-01,0
74,95, 0.76562, 0.98438, 2.257162E-01,0
75,95, 0.77604, 0.98438, 2.168599E-01,0
76,95, 0.78646, 0.98438, 2.077223E-01,0
77,95, 0.79688, 0.98438, 1.981204E-01,0
78,95, 0.80729, 0.98438, 1.877953E-01,0
79,95, 0.81771, 0.98438, 1.763131E-01,0
80,95, 0.82812, 0.98438, 1.624794E-01,0
81,95, 0.83854, 0.98438, 1.515583E-01,1
82,95, 0.84896, 0.98438, 1.502838E-01,0
83,95, 0.85938, 0.98438, 1.450762E-01,0
84,95, 0.86979, 0.98438, 1.381428E-01,0
85,95, 0.88021, 0.98438, 1.300478E-01,0
86,95, 0.89062, 0.98438, 1.211036E-01,0
87,95, 0.90104, 0.98438, 1.114876E-01,0
88,95, 0.91146, 0.98438, 1.013067E-01,0
89,95, 0.92188, 0.98438, 9.063106E-02,0
90,95, 0.93229, 0.98438, 7.951360E-02,0
91,95, 0.94271, 0.98438, 6.800131E-02,0
92,95, 0.95312, 0.98438, 5.614184E-02,0
93,95, 0.96354, 0.98438, 4.398711E-02,0
94,95, 0.97396, 0.98438, 3.159474E-02,0
95,95, 0.98438, 0.98438, 1.902798E-02,0
96,95, 0.99479, 0.98438, 6.354613E-03,0
1,96, 0.00521, 0.99479, 9.952061E-01,0
2,96, 0.01562, 0.99479, 9.856140E-01,0
3,96, 0.02604, 0.99479, 9.760088E-01,0
4,96, 0.03646, 0.99479, 9.663813E-01,0
5,96, 0.04688, 0.99479, 9.567219E-01,0
6,96, 0.05729, 0.99479, 9.470197E-01,0
7,96, 0.06771, 0.99479, 9.372629E-01,0
8,96, 0.07812, 0.99479, 9.274384E-01,0
9,96, 0.08854, 0.99479, 9.175327E-01,0
10,96, 0.09896, 0.99479, 9.075347E-01,0
11,96, 0.10938, 0.99479, 8.974409E-01,0
12,96, 0.11979, 0.99479, 8.872613E-01,0
13,96, 0.13021, 0.99479, 8.769995E-01,0
14,96, 0.14062, 0.99479, 8.663855E-01,0
15,96, 0.15104, 0.99479, 8.591416E-01,1
16,96, 0.16146, 0.99479, 8.509721E-01,0
17,96, 0.17188, 0.99479, 8.379711E-01,0
18,96, 0.18229, 0.99479, 8.257418E-01,0
19,96, 0.19271, 0.99479, 8.136929E-01,0
20,96, 0.20312, 0.99479, 8.016649E-01,0
21,96, 0.21354, 0.99479, 7.896079E-01,0
22,96, 0.22396, 0.99479, 7.775055E-01,0
23,96, 0.23438, 0.99479, 7.653541E-01,0
24,96, 0.24479, 0.99479, 7.531555E-01,0
25,96, 0.25521, 0.99479, 7.409148E-01,0
26,96, 0.26562, 0.99479, 7.286389E-01,0
27,96, 0.27604, 0.99479, 7.163365E-01,0
28,96, 0.28646, 0.99479, 7.040170E-01,0
29,96, 0.29688, 0.99479, 6.916899E-01,0
30,96, 0.30729, 0.99479, 6.793590E-01,0
31,96, 0.31771, 0.99479, 6.670011E-01,0
32,96, 0.32812, 0.99479, 6.544704E-01,0
33,96, 0.33854, 0.99479, 6.410617E-01,0
34,96, 0.34896, 0.99479, 6.321968E-01,1
35,96, 0.35938, 0.99479, 6.241716E-01,0
36,96, 0.36979, 0.99479, 6.109889E-01,0
37,96, 0.38021, 0.99479, 5.982555E-01,0
38,96, 0.39062, 0.99479, 5.856634E-01,0
39,96, 0.40104, 0.99479, 5.731642E-01,0
40,96, 0.41146, 0.99479, 5.607407E-01,0
41,96, 0.42188, 0.99479, 5.483805E-01,0
42,96, 0.43229, 0.99479, 5.360753E-01,0
43,96, 0.44271, 0.99479, 5.238232E-01,0
44,96, 0.45312, 0.99479, 5.116291E-01,0
45,96, 0.46354, 0.99479, 4.995046E-01,0
46,96, 0.47396, 0.99479, 4.874671E-01,0
47,96, 0.48438, 0.99479, 4.755392E-01,0
48,96, 0.49479, 0.99479, 4.637472E-01,0
49,96, 0.50521, 0.99479, 4.521197E-01,0
50,96, 0.51562, 0.99479, 4.406872E-01,0
51,96, 0.52604, 0.99479, 4.294802E-01,0
52,96, 0.53646, 0.99479, 4.185295E-01,0
53,96, 0.54688, 0.99479, 4.078653E-01,0
54,96, 0.55729, 0.99479, 3.975178E-01,0
55,96, 0.56771, 0.99479, 3.875185E-01,0
56,96, 0.57812, 0.99479, 3.779024E-01,0
57,96, 0.58854, 0.99479, 3.687125E-01,0
58,96, 0.59896, 0.99479, 3.600070E-01,0
59,96, 0.60938, 0.99479, 3.518705E-01,0
60,96, 0.61979, 0.99479, 3.444310E-01,0
61,96, 0.63021, 0.99479, 3.378790E-01,0
62,96, 0.64062, 0.99479, 3.324786E-01,0
63,96, 0.65104, 0.99479, 3.286135E-01,0
64,96, 0.66146, 0.99479, 3.266404E-01,0
65,96, 0.67188, 0.99479, 3.159509E-01,0
66,96, 0.68229, 0.99479, 3.033467E-01,0
67,96, 0.69271, 0.99479, 2.915031E-01,0
68,96, 0.70312, 0.99479, 2.806649E-01,0
69,96, 0.71354, 0.99479, 2.706315E-01,0
70,96, 0.72396, 0.99479, 2.611661E-01,0
71,96, 0.73438, 0.99479, 2.520708E-01,0
72,96, 0.74479, 0.99479, 2.431889E-01,0
73,96, 0.75521, 0.99479, 2.343913E-01,0
74,96, 0.76562, 0.99479, 2.255599E-01,0
75,96, 0.77604, 0.99479, 2.165713E-01,0
76,96, 0.78646, 0.99479, 2.072807E-01,0
77,96, 0.79688, 0.99479, 1.975066E-01,0
78,96, 0.80729, 0.99479, 1.870260E-01,0
79,96, 0.81771, 0.99479, 1.756205E-01,0
80,96, 0.82812, 0.99479, 1.634508E-01,0
81,96, 0.83854, 0.99479, 1.534652E-01,0
82,96, 0.84896, 0.99479, 1.497425E-01,0
83,96, 0.85938, 0.99479, 1.443635E-01,0
84,96, 0.86979, 0.99479, 1.374797E-01,0
85,96, 0.88021, 0.99479, 1.294683E-01,0
86,96, 0.89062, 0.99479, 1.205970E-01,0
87,96, 0.90104, 0.99479, 1.110379E-01,0
88,96, 0.91146, 0.99479, 1.009021E-01,0
89,96, 0.92188, 0.99479, 9.026510E-02,0
90,96, 0.93229, 0.99479, 7.918449E-02,0
91,96, 0.94271, 0.99479, 6.771068E-02,0
92,96, 0.95312, 0.99479, 5.589362E-02,0
93,96, 0.96354, 0.99479, 4.378638E-02,0
94,96, 0.97396, 0.99479, 3.144675E-02,0
95,96, 0.98438, 0.99479, 1.893718E-02,0
96,96, 0.99479, 0.99479, 6.323998E-03,0
